{"type": "FeatureCollection", "features": [{"type": "Feature", "properties": {"name": "Scarborough"}, "geometry": {"type": "Polygon", "coordinates": [[[-79.34132, 43.81565], [-79.34088, 43.81461], [-79.34018, 43.81301], [-79.33979, 43.81209], [-79.33921, 43.81066], [-79.33886, 43.8098], [-79.33841, 43.80875], [-79.33831, 43.80853], [-79.33764, 43.80705], [-79.33736, 43.8064], [-79.33719, 43.80602], [-79.33672, 43.80498], [-79.33632, 43.80409], [-79.33587, 43.80307], [-79.33554, 43.80233], [-79.33538, 43.80201], [-79.33512, 43.80137], [-79.33486, 43.8008], [-79.33469, 43.80043], [-79.3342, 43.79932], [-79.33363, 43.79805], [-79.33341, 43.79756], [-79.33295, 43.79653], [-79.33269, 43.79597], [-79.33229, 43.79506], [-79.33183, 43.79402], [-79.33141, 43.79311], [-79.33079, 43.79176], [-79.32959, 43.78925], [-79.32901, 43.788], [-79.328, 43.78586], [-79.32793, 43.78573], [-79.32723, 43.78424], [-79.32706, 43.78387], [-79.32696, 43.78365], [-79.32641, 43.78249], [-79.32629, 43.78223], [-79.3254, 43.78035], [-79.32504, 43.77959], [-79.32423, 43.77788], [-79.32417, 43.77774], [-79.32302, 43.77524], [-79.32255, 43.77421], [-79.32221, 43.7735], [-79.32207, 43.77317], [-79.32152, 43.77194], [-79.32114, 43.77112], [-79.32111, 43.77106], [-79.32107, 43.77096], [-79.32102, 43.77085], [-79.32098, 43.77075], [-79.32093, 43.77065], [-79.32088, 43.77055], [-79.32083, 43.77044], [-79.32078, 43.77034], [-79.32072, 43.77024], [-79.32067, 43.77014], [-79.32062, 43.77004], [-79.32057, 43.76996], [-79.32056, 43.76994], [-79.3205, 43.76984], [-79.32045, 43.76973], [-79.3204, 43.76965], [-79.32036, 43.76957], [-79.32034, 43.76953], [-79.32031, 43.76949], [-79.32027, 43.7694], [-79.32023, 43.76932], [-79.32019, 43.76923], [-79.32014, 43.76915], [-79.3201, 43.76906], [-79.32007, 43.76898], [-79.32003, 43.76889], [-79.31999, 43.76881], [-79.31995, 43.76872], [-79.31993, 43.76867], [-79.31992, 43.76864], [-79.31989, 43.76856], [-79.31967, 43.76855], [-79.31961, 43.76839], [-79.3196, 43.76837], [-79.31979, 43.76836], [-79.31971, 43.76818], [-79.31963, 43.76801], [-79.31962, 43.76799], [-79.3196, 43.76793], [-79.31954, 43.76781], [-79.31946, 43.76762], [-79.31938, 43.76743], [-79.31931, 43.76726], [-79.31924, 43.76709], [-79.31918, 43.76693], [-79.31912, 43.76676], [-79.31905, 43.76659], [-79.31883, 43.76601], [-79.3186, 43.76542], [-79.31816, 43.76452], [-79.31812, 43.76441], [-79.31804, 43.76422], [-79.31796, 43.76397], [-79.31753, 43.76302], [-79.31724, 43.76238], [-79.31709, 43.76202], [-79.31704, 43.76193], [-79.3169, 43.7616], [-79.31662, 43.76099], [-79.31633, 43.76034], [-79.31618, 43.75996], [-79.31608, 43.75975], [-79.31589, 43.75937], [-79.31562, 43.75877], [-79.31525, 43.75787], [-79.31484, 43.75672], [-79.31462, 43.75606], [-79.3145, 43.75571], [-79.31402, 43.75434], [-79.3138, 43.75373], [-79.31354, 43.75301], [-79.31326, 43.75221], [-79.31302, 43.7515], [-79.31275, 43.75068], [-79.31243, 43.74974], [-79.31211, 43.74884], [-79.31197, 43.74843], [-79.31182, 43.74796], [-79.31171, 43.74762], [-79.31141, 43.74673], [-79.31117, 43.74604], [-79.31113, 43.74595], [-79.31105, 43.74573], [-79.31094, 43.7454], [-79.31079, 43.74496], [-79.31058, 43.74438], [-79.31031, 43.74355], [-79.31003, 43.74272], [-79.30979, 43.74214], [-79.30935, 43.74092], [-79.30923, 43.74067], [-79.3089, 43.73983], [-79.30846, 43.7388], [-79.30833, 43.73849], [-79.30774, 43.73704], [-79.30765, 43.73682], [-79.30743, 43.73627], [-79.30676, 43.73466], [-79.30623, 43.73336], [-79.30589, 43.73255], [-79.30561, 43.73187], [-79.30511, 43.73066], [-79.305, 43.73038], [-79.30451, 43.72919], [-79.30439, 43.72889], [-79.30425, 43.72856], [-79.30422, 43.72848], [-79.30414, 43.72827], [-79.30399, 43.7279], [-79.30395, 43.72782], [-79.30347, 43.72669], [-79.30265, 43.72472], [-79.3021, 43.72338], [-79.30166, 43.72227], [-79.30102, 43.7208], [-79.30059, 43.71979], [-79.30056, 43.71971], [-79.30018, 43.71877], [-79.29979, 43.71786], [-79.29929, 43.71667], [-79.29916, 43.71637], [-79.29896, 43.7159], [-79.29866, 43.7152], [-79.29864, 43.71515], [-79.29837, 43.71451], [-79.29806, 43.71378], [-79.29778, 43.71312], [-79.29771, 43.71296], [-79.2974, 43.71223], [-79.29708, 43.71146], [-79.29682, 43.71084], [-79.29676, 43.71069], [-79.29645, 43.70992], [-79.29637, 43.70971], [-79.29619, 43.70928], [-79.29599, 43.70878], [-79.29572, 43.70819], [-79.29528, 43.70722], [-79.29509, 43.70675], [-79.29475, 43.70594], [-79.29449, 43.70536], [-79.29422, 43.70471], [-79.29382, 43.70382], [-79.29367, 43.70347], [-79.29348, 43.70302], [-79.29314, 43.70222], [-79.29286, 43.70159], [-79.29279, 43.70142], [-79.29244, 43.70061], [-79.29232, 43.70034], [-79.29222, 43.70011], [-79.29208, 43.69981], [-79.29191, 43.69948], [-79.29171, 43.69911], [-79.29148, 43.69871], [-79.29129, 43.69835], [-79.29116, 43.69807], [-79.29096, 43.69766], [-79.29077, 43.69723], [-79.29048, 43.69655], [-79.29023, 43.69598], [-79.28999, 43.69536], [-79.28982, 43.69495], [-79.28968, 43.69453], [-79.28968, 43.69451], [-79.28943, 43.69384], [-79.28918, 43.69323], [-79.28902, 43.69287], [-79.2887, 43.69209], [-79.28854, 43.69169], [-79.28853, 43.69168], [-79.28836, 43.69123], [-79.28792, 43.69018], [-79.28776, 43.68978], [-79.28755, 43.68929], [-79.287, 43.68794], [-79.28658, 43.6869], [-79.28625, 43.6861], [-79.28586, 43.68516], [-79.28528, 43.68377], [-79.28511, 43.68335], [-79.28498, 43.68304], [-79.28468, 43.68231], [-79.28438, 43.6816], [-79.2842, 43.68116], [-79.28406, 43.68081], [-79.28391, 43.68045], [-79.28316, 43.67864], [-79.28122, 43.67395], [-79.28119, 43.67386], [-79.28106, 43.6739], [-79.28018, 43.67178], [-79.28012, 43.67163], [-79.28002, 43.67138], [-79.28013, 43.67135], [-79.28005, 43.67116], [-79.27992, 43.67119], [-79.2799, 43.67115], [-79.27989, 43.67113], [-79.27988, 43.67111], [-79.27987, 43.6711], [-79.27986, 43.67109], [-79.27984, 43.67108], [-79.27983, 43.67107], [-79.27982, 43.67107], [-79.2798, 43.67107], [-79.27978, 43.67106], [-79.27976, 43.67106], [-79.27973, 43.67107], [-79.27971, 43.67108], [-79.2797, 43.67109], [-79.27968, 43.6711], [-79.27967, 43.67112], [-79.27966, 43.67114], [-79.27966, 43.67115], [-79.27966, 43.67117], [-79.27967, 43.67118], [-79.27916, 43.67158], [-79.27853, 43.67205], [-79.27837, 43.67218], [-79.27827, 43.67218], [-79.27819, 43.67219], [-79.2781, 43.67218], [-79.27804, 43.67217], [-79.278, 43.67215], [-79.27792, 43.67211], [-79.27788, 43.67207], [-79.27784, 43.67204], [-79.27779, 43.67202], [-79.27776, 43.672], [-79.27774, 43.67198], [-79.27771, 43.67197], [-79.27767, 43.67196], [-79.27763, 43.67196], [-79.27758, 43.67192], [-79.27755, 43.67194], [-79.27759, 43.67196], [-79.27759, 43.67198], [-79.27758, 43.67199], [-79.27759, 43.672], [-79.2776, 43.67202], [-79.27762, 43.67204], [-79.27765, 43.67206], [-79.27766, 43.67207], [-79.27766, 43.67208], [-79.27766, 43.6721], [-79.27766, 43.67213], [-79.27757, 43.67229], [-79.27753, 43.67241], [-79.2775, 43.6725], [-79.27745, 43.67263], [-79.27739, 43.67275], [-79.27735, 43.67287], [-79.2773, 43.67295], [-79.27724, 43.67305], [-79.27723, 43.67308], [-79.27702, 43.67323], [-79.27699, 43.67322], [-79.27696, 43.67322], [-79.27693, 43.67323], [-79.27691, 43.67324], [-79.2769, 43.67325], [-79.27689, 43.67326], [-79.27689, 43.67327], [-79.27687, 43.6733], [-79.27687, 43.67331], [-79.27688, 43.67333], [-79.27691, 43.67341], [-79.27687, 43.67342], [-79.27683, 43.67344], [-79.27679, 43.6735], [-79.27672, 43.67366], [-79.27669, 43.67374], [-79.27663, 43.67385], [-79.27658, 43.67393], [-79.27655, 43.67397], [-79.27651, 43.67401], [-79.27648, 43.67406], [-79.27641, 43.6741], [-79.27635, 43.67415], [-79.27629, 43.67418], [-79.27621, 43.6742], [-79.27615, 43.6742], [-79.27611, 43.67419], [-79.27602, 43.67419], [-79.27592, 43.67414], [-79.27586, 43.67411], [-79.27584, 43.6741], [-79.27581, 43.67409], [-79.27578, 43.67408], [-79.27576, 43.67407], [-79.27574, 43.67407], [-79.27573, 43.67407], [-79.27572, 43.67408], [-79.27571, 43.67408], [-79.2757, 43.67409], [-79.27569, 43.67409], [-79.27569, 43.6741], [-79.27568, 43.67411], [-79.27568, 43.67412], [-79.27569, 43.67412], [-79.2757, 43.67414], [-79.27573, 43.67416], [-79.27576, 43.67417], [-79.2758, 43.6742], [-79.27585, 43.67422], [-79.27589, 43.67424], [-79.27594, 43.67426], [-79.27593, 43.67431], [-79.27593, 43.67437], [-79.27587, 43.67453], [-79.27582, 43.6747], [-79.27575, 43.67482], [-79.27566, 43.67494], [-79.27559, 43.67506], [-79.27553, 43.67513], [-79.27548, 43.67518], [-79.27542, 43.67522], [-79.27537, 43.67523], [-79.27531, 43.67523], [-79.27527, 43.67523], [-79.27513, 43.67517], [-79.27503, 43.67513], [-79.27498, 43.67511], [-79.27494, 43.67509], [-79.27491, 43.67508], [-79.27489, 43.67508], [-79.27486, 43.67508], [-79.27485, 43.67509], [-79.27484, 43.6751], [-79.27484, 43.67512], [-79.27485, 43.67513], [-79.27488, 43.67515], [-79.27491, 43.67517], [-79.27495, 43.67519], [-79.275, 43.67522], [-79.27504, 43.67523], [-79.27509, 43.67525], [-79.27509, 43.67533], [-79.27508, 43.67537], [-79.27505, 43.67546], [-79.27501, 43.67555], [-79.27492, 43.67574], [-79.27486, 43.67584], [-79.27483, 43.6759], [-79.27479, 43.67595], [-79.27473, 43.67601], [-79.27465, 43.67609], [-79.27459, 43.67615], [-79.27455, 43.67618], [-79.27451, 43.67621], [-79.27449, 43.67621], [-79.27445, 43.67622], [-79.27439, 43.67622], [-79.27436, 43.67621], [-79.2743, 43.67618], [-79.27424, 43.67615], [-79.27417, 43.67612], [-79.27413, 43.67611], [-79.2741, 43.67609], [-79.27409, 43.67608], [-79.27406, 43.67607], [-79.27403, 43.67607], [-79.27403, 43.67608], [-79.27403, 43.67609], [-79.27403, 43.67611], [-79.27404, 43.67612], [-79.27405, 43.67613], [-79.27408, 43.67615], [-79.27412, 43.67618], [-79.27414, 43.67619], [-79.27419, 43.67621], [-79.27422, 43.67622], [-79.27424, 43.67623], [-79.27425, 43.67624], [-79.27424, 43.67629], [-79.27421, 43.67638], [-79.27414, 43.67651], [-79.27408, 43.67663], [-79.27399, 43.67673], [-79.27399, 43.67675], [-79.2739, 43.67687], [-79.27385, 43.67696], [-79.2738, 43.67702], [-79.27375, 43.67707], [-79.27368, 43.67712], [-79.27362, 43.67715], [-79.27356, 43.67716], [-79.27351, 43.67718], [-79.27347, 43.67718], [-79.27339, 43.67716], [-79.27334, 43.67713], [-79.27328, 43.67709], [-79.27325, 43.67708], [-79.27322, 43.67706], [-79.27319, 43.67706], [-79.27317, 43.67706], [-79.27316, 43.67706], [-79.27316, 43.67707], [-79.27316, 43.67708], [-79.27317, 43.67709], [-79.27318, 43.67711], [-79.2732, 43.67713], [-79.27324, 43.67716], [-79.27328, 43.67718], [-79.27335, 43.67721], [-79.27328, 43.6774], [-79.27323, 43.67756], [-79.27314, 43.67773], [-79.27307, 43.6779], [-79.27302, 43.678], [-79.27303, 43.67801], [-79.27296, 43.67813], [-79.27287, 43.67828], [-79.27279, 43.67837], [-79.27274, 43.67848], [-79.27268, 43.67854], [-79.27261, 43.6786], [-79.27253, 43.67865], [-79.27243, 43.6787], [-79.27238, 43.67872], [-79.27231, 43.67872], [-79.27225, 43.67872], [-79.27214, 43.67866], [-79.27206, 43.67861], [-79.27198, 43.67856], [-79.27193, 43.67853], [-79.27189, 43.67851], [-79.27188, 43.6785], [-79.27186, 43.6785], [-79.27184, 43.6785], [-79.27181, 43.6785], [-79.2718, 43.67851], [-79.2718, 43.67852], [-79.2718, 43.67853], [-79.27182, 43.67855], [-79.27183, 43.67857], [-79.27185, 43.67859], [-79.27188, 43.67861], [-79.27191, 43.67864], [-79.27192, 43.67864], [-79.27191, 43.67866], [-79.27182, 43.67888], [-79.27172, 43.67916], [-79.27168, 43.67926], [-79.27165, 43.67932], [-79.27162, 43.67938], [-79.27158, 43.67948], [-79.27152, 43.67958], [-79.27146, 43.67967], [-79.2714, 43.67974], [-79.27135, 43.67978], [-79.27127, 43.67983], [-79.27123, 43.67986], [-79.2712, 43.67988], [-79.27117, 43.67989], [-79.27113, 43.67989], [-79.2711, 43.67988], [-79.27106, 43.67985], [-79.27096, 43.67981], [-79.27089, 43.67978], [-79.27083, 43.67976], [-79.27076, 43.67974], [-79.27071, 43.67974], [-79.27068, 43.67974], [-79.27065, 43.67974], [-79.27065, 43.67976], [-79.27066, 43.67978], [-79.27068, 43.67979], [-79.27071, 43.67981], [-79.27072, 43.67981], [-79.27072, 43.67985], [-79.27065, 43.67991], [-79.27056, 43.68006], [-79.27046, 43.68034], [-79.27042, 43.68048], [-79.27038, 43.68056], [-79.27032, 43.68056], [-79.27036, 43.68061], [-79.27032, 43.68068], [-79.27028, 43.68075], [-79.27025, 43.68078], [-79.27021, 43.6808], [-79.27016, 43.68082], [-79.27009, 43.68086], [-79.27006, 43.68087], [-79.27003, 43.68087], [-79.26993, 43.68081], [-79.26988, 43.68079], [-79.26984, 43.68076], [-79.2698, 43.68074], [-79.26977, 43.68074], [-79.26975, 43.68074], [-79.26973, 43.68074], [-79.26971, 43.68074], [-79.2697, 43.68075], [-79.2697, 43.68076], [-79.2697, 43.68078], [-79.2697, 43.6808], [-79.26972, 43.68082], [-79.26975, 43.68084], [-79.26977, 43.68085], [-79.2697, 43.68093], [-79.26968, 43.68098], [-79.26963, 43.68111], [-79.26953, 43.6813], [-79.26938, 43.68162], [-79.26932, 43.6817], [-79.26926, 43.68179], [-79.26921, 43.68184], [-79.26919, 43.68187], [-79.26917, 43.68189], [-79.26914, 43.68191], [-79.26912, 43.68194], [-79.2691, 43.68196], [-79.26908, 43.68201], [-79.26906, 43.68206], [-79.26903, 43.6821], [-79.26901, 43.68213], [-79.26899, 43.68214], [-79.26896, 43.68214], [-79.26893, 43.68213], [-79.26891, 43.68211], [-79.26889, 43.68213], [-79.26877, 43.68225], [-79.26866, 43.68235], [-79.26855, 43.68245], [-79.26842, 43.68253], [-79.26839, 43.68256], [-79.26834, 43.68254], [-79.2683, 43.68253], [-79.26828, 43.68251], [-79.26826, 43.6825], [-79.26824, 43.6825], [-79.26822, 43.68249], [-79.2682, 43.6825], [-79.26818, 43.68252], [-79.26818, 43.68253], [-79.26818, 43.68255], [-79.2682, 43.68257], [-79.26823, 43.6826], [-79.26824, 43.68261], [-79.26824, 43.68264], [-79.26823, 43.68265], [-79.26819, 43.68272], [-79.26817, 43.68276], [-79.26816, 43.68279], [-79.26815, 43.68281], [-79.26813, 43.68285], [-79.26812, 43.68288], [-79.26812, 43.68291], [-79.26811, 43.68294], [-79.2681, 43.68297], [-79.26808, 43.683], [-79.26806, 43.68303], [-79.26804, 43.68307], [-79.26801, 43.68311], [-79.268, 43.68314], [-79.26799, 43.68316], [-79.26794, 43.68321], [-79.26791, 43.68324], [-79.26788, 43.68327], [-79.26785, 43.68328], [-79.26783, 43.68328], [-79.26781, 43.68328], [-79.26778, 43.68327], [-79.26776, 43.68326], [-79.26772, 43.68325], [-79.26769, 43.68324], [-79.26764, 43.68321], [-79.26762, 43.68319], [-79.26759, 43.68318], [-79.26758, 43.68317], [-79.26757, 43.68316], [-79.26756, 43.68316], [-79.26754, 43.68316], [-79.26753, 43.68317], [-79.26753, 43.68318], [-79.26754, 43.6832], [-79.26757, 43.68323], [-79.26761, 43.68325], [-79.26762, 43.68327], [-79.26763, 43.68327], [-79.26763, 43.68328], [-79.26763, 43.68329], [-79.26762, 43.6833], [-79.26761, 43.68331], [-79.26758, 43.68335], [-79.26754, 43.68341], [-79.26749, 43.68352], [-79.26745, 43.68362], [-79.26742, 43.68368], [-79.26738, 43.68375], [-79.26735, 43.6838], [-79.26732, 43.68384], [-79.26729, 43.68387], [-79.26728, 43.68388], [-79.26725, 43.68389], [-79.26719, 43.68391], [-79.26717, 43.68392], [-79.26714, 43.68393], [-79.2671, 43.68393], [-79.26709, 43.68393], [-79.26706, 43.68391], [-79.26703, 43.6839], [-79.26699, 43.68388], [-79.26696, 43.68386], [-79.26693, 43.68385], [-79.26691, 43.68384], [-79.2669, 43.68383], [-79.26688, 43.68382], [-79.26686, 43.68382], [-79.26684, 43.68382], [-79.26683, 43.68383], [-79.26682, 43.68384], [-79.26683, 43.68385], [-79.26683, 43.68386], [-79.26685, 43.68387], [-79.26687, 43.68389], [-79.26689, 43.6839], [-79.2669, 43.68391], [-79.2669, 43.68392], [-79.26689, 43.68394], [-79.26686, 43.68399], [-79.26682, 43.68405], [-79.26678, 43.68413], [-79.26675, 43.68418], [-79.26673, 43.68425], [-79.26669, 43.68436], [-79.26665, 43.68444], [-79.26661, 43.68451], [-79.26657, 43.68456], [-79.26656, 43.68458], [-79.26654, 43.6846], [-79.26652, 43.68461], [-79.2665, 43.68462], [-79.26648, 43.68461], [-79.26646, 43.6846], [-79.26645, 43.6846], [-79.26644, 43.6846], [-79.26638, 43.68461], [-79.26626, 43.68473], [-79.26614, 43.68485], [-79.26601, 43.68498], [-79.26586, 43.6851], [-79.2657, 43.68521], [-79.26556, 43.68533], [-79.26543, 43.68545], [-79.26528, 43.68558], [-79.26514, 43.68571], [-79.26504, 43.68578], [-79.26499, 43.68581], [-79.26482, 43.68592], [-79.26466, 43.68604], [-79.2645, 43.68616], [-79.26446, 43.68618], [-79.26432, 43.68627], [-79.26415, 43.68639], [-79.26404, 43.68647], [-79.26392, 43.68655], [-79.26378, 43.68665], [-79.26365, 43.68675], [-79.26357, 43.68686], [-79.26345, 43.68696], [-79.26335, 43.68708], [-79.26327, 43.68718], [-79.26306, 43.68742], [-79.26292, 43.68755], [-79.2628, 43.68767], [-79.26269, 43.6878], [-79.26256, 43.68794], [-79.26249, 43.68799], [-79.26247, 43.68804], [-79.26237, 43.68817], [-79.26226, 43.68829], [-79.26221, 43.6884], [-79.26213, 43.68849], [-79.26206, 43.6886], [-79.26195, 43.68869], [-79.26186, 43.68879], [-79.26178, 43.68884], [-79.26173, 43.68888], [-79.26168, 43.68891], [-79.26163, 43.68896], [-79.26155, 43.68902], [-79.26148, 43.68909], [-79.26139, 43.6892], [-79.26133, 43.68926], [-79.26123, 43.68936], [-79.26111, 43.68947], [-79.26107, 43.68951], [-79.26103, 43.68957], [-79.26101, 43.6896], [-79.261, 43.68962], [-79.261, 43.68963], [-79.26081, 43.68983], [-79.26077, 43.68982], [-79.26072, 43.6898], [-79.2606, 43.68975], [-79.26054, 43.68973], [-79.2605, 43.68972], [-79.26048, 43.68971], [-79.26045, 43.68972], [-79.26043, 43.68972], [-79.26041, 43.68972], [-79.2604, 43.68972], [-79.26039, 43.68973], [-79.26039, 43.68975], [-79.26039, 43.68976], [-79.2604, 43.68976], [-79.2605, 43.68981], [-79.26051, 43.68982], [-79.26052, 43.68983], [-79.26046, 43.68996], [-79.26036, 43.69017], [-79.2603, 43.69027], [-79.26025, 43.69036], [-79.26018, 43.69043], [-79.26012, 43.69047], [-79.26008, 43.69049], [-79.26007, 43.6905], [-79.26003, 43.69049], [-79.25997, 43.69048], [-79.25992, 43.69046], [-79.25985, 43.69044], [-79.25979, 43.69042], [-79.25975, 43.69041], [-79.25971, 43.6904], [-79.25969, 43.69039], [-79.25967, 43.6904], [-79.25966, 43.6904], [-79.25966, 43.69042], [-79.25966, 43.69044], [-79.25968, 43.69046], [-79.25969, 43.69047], [-79.25971, 43.69049], [-79.25975, 43.6905], [-79.25978, 43.69051], [-79.25982, 43.69053], [-79.25985, 43.69054], [-79.25986, 43.69054], [-79.25987, 43.69054], [-79.25989, 43.69055], [-79.25991, 43.69056], [-79.25995, 43.69058], [-79.25997, 43.69059], [-79.25997, 43.69064], [-79.25997, 43.69069], [-79.25996, 43.69072], [-79.25995, 43.69076], [-79.25993, 43.69081], [-79.2599, 43.69086], [-79.25985, 43.69091], [-79.25981, 43.69096], [-79.25977, 43.691], [-79.25974, 43.69104], [-79.25969, 43.69108], [-79.25967, 43.69113], [-79.25965, 43.69115], [-79.25964, 43.69118], [-79.25962, 43.6912], [-79.2596, 43.69121], [-79.25957, 43.6912], [-79.25951, 43.69118], [-79.25946, 43.69117], [-79.25932, 43.69115], [-79.25925, 43.69112], [-79.2592, 43.6911], [-79.25916, 43.69109], [-79.25913, 43.69109], [-79.2591, 43.69109], [-79.25908, 43.69109], [-79.25907, 43.69109], [-79.25907, 43.6911], [-79.25907, 43.69111], [-79.25908, 43.69113], [-79.2591, 43.69115], [-79.25916, 43.69117], [-79.25923, 43.6912], [-79.25924, 43.6912], [-79.25926, 43.69121], [-79.25929, 43.69122], [-79.2593, 43.69122], [-79.25931, 43.69122], [-79.25932, 43.69123], [-79.25935, 43.69124], [-79.25937, 43.69124], [-79.25938, 43.69126], [-79.25942, 43.69127], [-79.25943, 43.69133], [-79.25942, 43.6914], [-79.2594, 43.69147], [-79.25937, 43.69154], [-79.25934, 43.69162], [-79.25932, 43.69166], [-79.2593, 43.69169], [-79.25923, 43.69179], [-79.25916, 43.69186], [-79.25911, 43.6919], [-79.25905, 43.69193], [-79.25899, 43.69194], [-79.25895, 43.69195], [-79.2589, 43.69193], [-79.25882, 43.69189], [-79.25878, 43.69187], [-79.25875, 43.69185], [-79.25871, 43.69183], [-79.25867, 43.69182], [-79.25865, 43.69181], [-79.25862, 43.69181], [-79.2586, 43.69181], [-79.25859, 43.69181], [-79.25857, 43.69182], [-79.25857, 43.69183], [-79.25858, 43.69184], [-79.25859, 43.69185], [-79.2586, 43.69187], [-79.25862, 43.69188], [-79.25864, 43.6919], [-79.25867, 43.69191], [-79.25869, 43.69192], [-79.25872, 43.69194], [-79.25873, 43.69194], [-79.25876, 43.69195], [-79.25879, 43.69197], [-79.25882, 43.69199], [-79.25882, 43.69207], [-79.25882, 43.69213], [-79.2588, 43.69217], [-79.25878, 43.69221], [-79.25877, 43.69224], [-79.25874, 43.69228], [-79.25872, 43.69232], [-79.25867, 43.69243], [-79.2586, 43.69254], [-79.25854, 43.69261], [-79.25848, 43.69266], [-79.25844, 43.69269], [-79.25838, 43.69272], [-79.25832, 43.69274], [-79.25828, 43.69275], [-79.25824, 43.69275], [-79.25821, 43.69275], [-79.25819, 43.69275], [-79.2581, 43.69271], [-79.25805, 43.69268], [-79.25801, 43.69266], [-79.25797, 43.69265], [-79.25795, 43.69264], [-79.25793, 43.69264], [-79.25791, 43.69264], [-79.2579, 43.69264], [-79.25789, 43.69265], [-79.25789, 43.69266], [-79.25789, 43.69267], [-79.2579, 43.69267], [-79.25792, 43.69269], [-79.25795, 43.69271], [-79.25797, 43.69272], [-79.258, 43.69274], [-79.25804, 43.69276], [-79.25807, 43.69278], [-79.25809, 43.69279], [-79.25811, 43.69285], [-79.25812, 43.69289], [-79.25809, 43.69295], [-79.25803, 43.69307], [-79.25799, 43.69314], [-79.25796, 43.6932], [-79.25794, 43.69323], [-79.25789, 43.6933], [-79.25785, 43.69335], [-79.25782, 43.69339], [-79.25777, 43.69343], [-79.25771, 43.69347], [-79.25767, 43.69349], [-79.25764, 43.6935], [-79.25761, 43.69351], [-79.25755, 43.69355], [-79.2575, 43.69357], [-79.25744, 43.69358], [-79.25736, 43.69354], [-79.25726, 43.69348], [-79.25719, 43.69345], [-79.25715, 43.69344], [-79.25712, 43.69341], [-79.25709, 43.6934], [-79.25707, 43.6934], [-79.25705, 43.6934], [-79.25704, 43.6934], [-79.25704, 43.69341], [-79.25705, 43.69343], [-79.25706, 43.69344], [-79.25708, 43.69346], [-79.25714, 43.6935], [-79.25718, 43.69351], [-79.25715, 43.69364], [-79.25711, 43.69371], [-79.25707, 43.69378], [-79.25703, 43.69386], [-79.25699, 43.69392], [-79.25695, 43.69398], [-79.25691, 43.69405], [-79.25688, 43.69409], [-79.25685, 43.69413], [-79.2568, 43.69416], [-79.25675, 43.6942], [-79.2567, 43.69422], [-79.25666, 43.69424], [-79.25661, 43.69425], [-79.25657, 43.69425], [-79.25655, 43.69425], [-79.25649, 43.69422], [-79.25643, 43.69418], [-79.25634, 43.69412], [-79.25631, 43.6941], [-79.25629, 43.69409], [-79.25628, 43.69409], [-79.25626, 43.69409], [-79.25624, 43.69409], [-79.25624, 43.6941], [-79.25623, 43.69411], [-79.25623, 43.69412], [-79.25625, 43.69413], [-79.25627, 43.69415], [-79.25631, 43.69419], [-79.25632, 43.69421], [-79.25632, 43.69423], [-79.25631, 43.69425], [-79.2563, 43.69427], [-79.25625, 43.69431], [-79.25623, 43.69434], [-79.2562, 43.69437], [-79.25618, 43.69441], [-79.25616, 43.69446], [-79.25614, 43.6945], [-79.25611, 43.69455], [-79.25607, 43.69461], [-79.25604, 43.69466], [-79.25601, 43.69469], [-79.25598, 43.69473], [-79.25594, 43.69477], [-79.25593, 43.69479], [-79.25593, 43.69481], [-79.25591, 43.69482], [-79.25589, 43.69483], [-79.25587, 43.69485], [-79.25586, 43.69486], [-79.25583, 43.69488], [-79.2558, 43.69493], [-79.25568, 43.69502], [-79.25564, 43.69504], [-79.2556, 43.69506], [-79.25555, 43.69509], [-79.2555, 43.69512], [-79.25546, 43.69514], [-79.25532, 43.69521], [-79.25513, 43.69529], [-79.25497, 43.69537], [-79.2548, 43.69544], [-79.25474, 43.69547], [-79.2546, 43.69554], [-79.25446, 43.69561], [-79.25429, 43.69568], [-79.25411, 43.69577], [-79.25402, 43.69581], [-79.25395, 43.69584], [-79.25389, 43.69587], [-79.25381, 43.6959], [-79.25375, 43.69593], [-79.2537, 43.69596], [-79.25367, 43.69597], [-79.25363, 43.69598], [-79.25359, 43.69598], [-79.25355, 43.69598], [-79.25353, 43.69598], [-79.25352, 43.69596], [-79.25347, 43.6959], [-79.25342, 43.69582], [-79.2534, 43.69578], [-79.25338, 43.69577], [-79.25337, 43.69577], [-79.25335, 43.69577], [-79.25334, 43.69577], [-79.25332, 43.69578], [-79.25331, 43.6958], [-79.25331, 43.69581], [-79.25331, 43.69583], [-79.25332, 43.69585], [-79.25333, 43.69587], [-79.25335, 43.69589], [-79.25337, 43.69591], [-79.2534, 43.69596], [-79.25344, 43.69601], [-79.2534, 43.69609], [-79.25333, 43.69616], [-79.25326, 43.69623], [-79.25321, 43.69629], [-79.25318, 43.69631], [-79.25315, 43.69632], [-79.25311, 43.69633], [-79.253, 43.69631], [-79.2529, 43.69635], [-79.25283, 43.69638], [-79.25278, 43.6964], [-79.2527, 43.69642], [-79.25263, 43.69645], [-79.25255, 43.69647], [-79.25241, 43.6965], [-79.25228, 43.69654], [-79.25214, 43.6966], [-79.25199, 43.69664], [-79.25188, 43.69667], [-79.25178, 43.69671], [-79.25166, 43.69674], [-79.25157, 43.69678], [-79.25146, 43.69683], [-79.25137, 43.69689], [-79.25101, 43.69707], [-79.25059, 43.6973], [-79.25039, 43.6974], [-79.25029, 43.69745], [-79.25022, 43.69748], [-79.25019, 43.6975], [-79.25016, 43.6975], [-79.25013, 43.6975], [-79.25011, 43.6975], [-79.25009, 43.69747], [-79.25003, 43.69739], [-79.25, 43.69736], [-79.24998, 43.69734], [-79.24995, 43.69734], [-79.24994, 43.69734], [-79.24992, 43.69735], [-79.24991, 43.69737], [-79.24992, 43.69739], [-79.24994, 43.69742], [-79.24999, 43.69748], [-79.25001, 43.69752], [-79.25005, 43.69756], [-79.25007, 43.6976], [-79.25001, 43.69765], [-79.2499, 43.69775], [-79.24984, 43.6978], [-79.24976, 43.69785], [-79.24973, 43.69787], [-79.24964, 43.69791], [-79.24954, 43.69795], [-79.24948, 43.69796], [-79.24943, 43.69797], [-79.2494, 43.69797], [-79.24938, 43.69797], [-79.24936, 43.69797], [-79.24935, 43.69797], [-79.24934, 43.69796], [-79.24925, 43.69786], [-79.24919, 43.69779], [-79.24917, 43.69775], [-79.24916, 43.69773], [-79.24915, 43.69772], [-79.24914, 43.69772], [-79.24913, 43.69771], [-79.24911, 43.69771], [-79.2491, 43.69772], [-79.24908, 43.69773], [-79.24908, 43.69774], [-79.24907, 43.69775], [-79.24909, 43.69778], [-79.24913, 43.69782], [-79.24917, 43.69787], [-79.24922, 43.69792], [-79.24923, 43.69795], [-79.24923, 43.69796], [-79.24921, 43.69798], [-79.24914, 43.69804], [-79.24907, 43.6981], [-79.24901, 43.69815], [-79.24897, 43.69818], [-79.24892, 43.6982], [-79.24887, 43.69823], [-79.24879, 43.69826], [-79.24871, 43.69828], [-79.24864, 43.69829], [-79.2485, 43.69833], [-79.24841, 43.69822], [-79.24834, 43.69814], [-79.2483, 43.69808], [-79.24828, 43.69805], [-79.24825, 43.69804], [-79.24824, 43.69804], [-79.24822, 43.69804], [-79.2482, 43.69805], [-79.24819, 43.69806], [-79.24819, 43.69807], [-79.24819, 43.69808], [-79.24822, 43.69812], [-79.2483, 43.6982], [-79.24834, 43.69824], [-79.24835, 43.69826], [-79.24836, 43.69828], [-79.24835, 43.69832], [-79.24831, 43.69836], [-79.24826, 43.6984], [-79.24823, 43.69843], [-79.24819, 43.69844], [-79.24814, 43.69846], [-79.24805, 43.69848], [-79.24799, 43.69848], [-79.24792, 43.69851], [-79.24783, 43.69854], [-79.24766, 43.6986], [-79.24758, 43.69862], [-79.2475, 43.69865], [-79.24741, 43.69868], [-79.24735, 43.69872], [-79.24728, 43.69874], [-79.24721, 43.69877], [-79.24716, 43.6988], [-79.2471, 43.69884], [-79.24701, 43.69887], [-79.2469, 43.69892], [-79.24682, 43.69896], [-79.24679, 43.69897], [-79.24673, 43.69897], [-79.24671, 43.69898], [-79.24672, 43.69902], [-79.2467, 43.69902], [-79.24665, 43.69903], [-79.24663, 43.69904], [-79.24659, 43.69906], [-79.24654, 43.69908], [-79.24651, 43.69909], [-79.24644, 43.69912], [-79.2464, 43.69915], [-79.24627, 43.6992], [-79.24618, 43.69923], [-79.24609, 43.69927], [-79.24599, 43.69932], [-79.24584, 43.69937], [-79.24577, 43.69941], [-79.24574, 43.69944], [-79.24565, 43.69948], [-79.24558, 43.6995], [-79.24545, 43.69957], [-79.24537, 43.69963], [-79.2453, 43.69964], [-79.24523, 43.69969], [-79.24514, 43.69971], [-79.24507, 43.69976], [-79.24499, 43.69979], [-79.24496, 43.69981], [-79.24491, 43.69983], [-79.24484, 43.69989], [-79.24474, 43.69995], [-79.24466, 43.70001], [-79.24454, 43.70007], [-79.2445, 43.7001], [-79.24444, 43.70012], [-79.24432, 43.7002], [-79.24413, 43.70028], [-79.24404, 43.70034], [-79.24394, 43.70038], [-79.24387, 43.70039], [-79.24384, 43.70044], [-79.24381, 43.70049], [-79.24381, 43.70053], [-79.24386, 43.70056], [-79.24393, 43.70061], [-79.24395, 43.70065], [-79.24392, 43.70073], [-79.2439, 43.70083], [-79.2439, 43.70088], [-79.24388, 43.70091], [-79.24385, 43.70097], [-79.24382, 43.70103], [-79.24365, 43.70122], [-79.24361, 43.70127], [-79.24355, 43.70133], [-79.24347, 43.70138], [-79.24341, 43.70144], [-79.24336, 43.70151], [-79.24334, 43.70153], [-79.24332, 43.70161], [-79.2433, 43.70166], [-79.2433, 43.70172], [-79.24328, 43.70176], [-79.24328, 43.70177], [-79.24321, 43.70184], [-79.24315, 43.70191], [-79.24312, 43.70191], [-79.24308, 43.70192], [-79.24305, 43.70195], [-79.24299, 43.702], [-79.24291, 43.70206], [-79.24279, 43.70215], [-79.24276, 43.70217], [-79.2427, 43.70219], [-79.24266, 43.70221], [-79.24263, 43.70223], [-79.24259, 43.70226], [-79.24256, 43.70227], [-79.24241, 43.70235], [-79.24223, 43.70244], [-79.24215, 43.70248], [-79.24205, 43.70255], [-79.24194, 43.70262], [-79.24184, 43.70269], [-79.24169, 43.70276], [-79.24159, 43.70282], [-79.24149, 43.70285], [-79.24145, 43.70287], [-79.24138, 43.70291], [-79.24123, 43.70295], [-79.24114, 43.70299], [-79.24102, 43.70303], [-79.24082, 43.70309], [-79.24059, 43.70312], [-79.24037, 43.70316], [-79.2402, 43.70316], [-79.24008, 43.70317], [-79.24, 43.70317], [-79.2399, 43.70317], [-79.23983, 43.70316], [-79.23971, 43.70315], [-79.23963, 43.70314], [-79.23951, 43.70311], [-79.2394, 43.7031], [-79.23921, 43.70305], [-79.23913, 43.70303], [-79.23904, 43.703], [-79.23895, 43.70295], [-79.23889, 43.7029], [-79.23881, 43.70284], [-79.23875, 43.70278], [-79.2387, 43.70272], [-79.23866, 43.70267], [-79.23863, 43.70263], [-79.2386, 43.70261], [-79.23857, 43.70259], [-79.23856, 43.70258], [-79.23852, 43.70257], [-79.23849, 43.70257], [-79.23844, 43.70258], [-79.23841, 43.70261], [-79.23837, 43.70264], [-79.23835, 43.70268], [-79.23833, 43.70271], [-79.2383, 43.70275], [-79.23826, 43.7028], [-79.23823, 43.70283], [-79.23816, 43.70283], [-79.23813, 43.70283], [-79.2381, 43.70284], [-79.23807, 43.70286], [-79.23804, 43.70289], [-79.23801, 43.70292], [-79.23799, 43.70296], [-79.23798, 43.70299], [-79.23798, 43.70302], [-79.23799, 43.70307], [-79.23799, 43.70311], [-79.23801, 43.70315], [-79.23802, 43.70319], [-79.23804, 43.70323], [-79.23805, 43.70325], [-79.23805, 43.70327], [-79.23806, 43.70328], [-79.23811, 43.70328], [-79.23816, 43.70328], [-79.23821, 43.70328], [-79.23828, 43.7033], [-79.23832, 43.70331], [-79.23835, 43.70333], [-79.23841, 43.70334], [-79.23845, 43.70335], [-79.23848, 43.70336], [-79.23853, 43.70337], [-79.23859, 43.70341], [-79.23866, 43.70346], [-79.23868, 43.70348], [-79.23869, 43.70349], [-79.23873, 43.70348], [-79.23874, 43.70348], [-79.23877, 43.70348], [-79.23879, 43.70351], [-79.23883, 43.70352], [-79.23891, 43.70354], [-79.23902, 43.70357], [-79.23912, 43.70359], [-79.23919, 43.70361], [-79.23921, 43.7036], [-79.23921, 43.70358], [-79.23922, 43.70357], [-79.23923, 43.70357], [-79.23925, 43.7036], [-79.23925, 43.70362], [-79.23932, 43.70365], [-79.23938, 43.70365], [-79.23943, 43.70367], [-79.23947, 43.7037], [-79.2395, 43.70372], [-79.23951, 43.70374], [-79.23955, 43.70378], [-79.23953, 43.70382], [-79.23952, 43.70383], [-79.23949, 43.70383], [-79.23946, 43.70383], [-79.23944, 43.70385], [-79.23941, 43.70389], [-79.23939, 43.7039], [-79.23939, 43.70392], [-79.2394, 43.70393], [-79.23941, 43.70394], [-79.23941, 43.70395], [-79.23939, 43.70397], [-79.23935, 43.70398], [-79.23933, 43.704], [-79.2393, 43.70402], [-79.23928, 43.70402], [-79.23925, 43.70402], [-79.23922, 43.70402], [-79.23919, 43.70403], [-79.23915, 43.70405], [-79.23912, 43.70408], [-79.23909, 43.7041], [-79.23906, 43.70411], [-79.23899, 43.70411], [-79.23895, 43.70413], [-79.23889, 43.70415], [-79.2388, 43.70419], [-79.23873, 43.70421], [-79.23869, 43.70424], [-79.23866, 43.70426], [-79.23864, 43.70427], [-79.23861, 43.70427], [-79.23856, 43.70428], [-79.23852, 43.70428], [-79.23849, 43.70428], [-79.23845, 43.70428], [-79.23842, 43.70426], [-79.23838, 43.70425], [-79.23835, 43.70425], [-79.2383, 43.70423], [-79.23825, 43.70422], [-79.23819, 43.70421], [-79.23813, 43.7042], [-79.23807, 43.70418], [-79.23801, 43.70418], [-79.23796, 43.70417], [-79.23791, 43.70417], [-79.23786, 43.70417], [-79.23782, 43.70417], [-79.23779, 43.70418], [-79.23776, 43.70418], [-79.23772, 43.70418], [-79.23768, 43.70419], [-79.23766, 43.7042], [-79.23765, 43.70422], [-79.23762, 43.70422], [-79.2376, 43.70423], [-79.23758, 43.70424], [-79.23756, 43.70425], [-79.23755, 43.70427], [-79.23755, 43.70428], [-79.23756, 43.70431], [-79.23759, 43.70432], [-79.23762, 43.70433], [-79.23764, 43.70434], [-79.23768, 43.70434], [-79.23774, 43.70433], [-79.23783, 43.70432], [-79.23791, 43.70431], [-79.23797, 43.70431], [-79.23805, 43.70431], [-79.23815, 43.70431], [-79.23824, 43.70432], [-79.2383, 43.70432], [-79.23835, 43.70434], [-79.23839, 43.70436], [-79.23841, 43.70438], [-79.23842, 43.7044], [-79.23842, 43.70441], [-79.23843, 43.70443], [-79.23846, 43.70443], [-79.23847, 43.70443], [-79.23849, 43.70443], [-79.2385, 43.70447], [-79.2385, 43.7045], [-79.23851, 43.70452], [-79.23855, 43.70459], [-79.23855, 43.70462], [-79.23856, 43.70463], [-79.23857, 43.70463], [-79.23858, 43.70464], [-79.23855, 43.70466], [-79.23854, 43.70468], [-79.23854, 43.70469], [-79.23853, 43.7047], [-79.23851, 43.70471], [-79.23849, 43.70471], [-79.23848, 43.7047], [-79.23846, 43.70468], [-79.23844, 43.70467], [-79.23842, 43.70467], [-79.2384, 43.70468], [-79.23831, 43.70471], [-79.23824, 43.70473], [-79.23822, 43.70475], [-79.2382, 43.70478], [-79.23818, 43.70479], [-79.23816, 43.70479], [-79.23814, 43.7048], [-79.23812, 43.7048], [-79.23811, 43.70482], [-79.2381, 43.70483], [-79.23808, 43.70484], [-79.23807, 43.70485], [-79.23806, 43.70486], [-79.23804, 43.70486], [-79.23803, 43.70487], [-79.238, 43.70487], [-79.23798, 43.70488], [-79.23797, 43.70488], [-79.23794, 43.70488], [-79.23791, 43.70488], [-79.23788, 43.70488], [-79.23787, 43.70489], [-79.23785, 43.7049], [-79.23783, 43.70491], [-79.2378, 43.70491], [-79.23777, 43.70492], [-79.23774, 43.70493], [-79.23772, 43.70494], [-79.23769, 43.70495], [-79.23768, 43.70496], [-79.23765, 43.70497], [-79.23764, 43.70497], [-79.23762, 43.70497], [-79.23757, 43.70498], [-79.23751, 43.705], [-79.23749, 43.70502], [-79.23748, 43.70502], [-79.23747, 43.70503], [-79.23744, 43.70504], [-79.2374, 43.70504], [-79.23738, 43.70504], [-79.23735, 43.70505], [-79.23733, 43.70505], [-79.23731, 43.70506], [-79.23729, 43.70506], [-79.23728, 43.70506], [-79.23725, 43.70505], [-79.23723, 43.70504], [-79.23716, 43.705], [-79.23714, 43.70498], [-79.23704, 43.70494], [-79.23693, 43.70487], [-79.23682, 43.7048], [-79.23673, 43.70472], [-79.23669, 43.70466], [-79.23666, 43.70463], [-79.23666, 43.70461], [-79.23666, 43.70456], [-79.23666, 43.70453], [-79.23666, 43.70451], [-79.23666, 43.70448], [-79.23668, 43.70444], [-79.2367, 43.70438], [-79.23671, 43.70434], [-79.23672, 43.70432], [-79.23673, 43.70429], [-79.23674, 43.70425], [-79.23674, 43.70423], [-79.23674, 43.70421], [-79.23675, 43.70419], [-79.23679, 43.70413], [-79.23682, 43.7041], [-79.23685, 43.70408], [-79.2369, 43.70404], [-79.23698, 43.70399], [-79.23704, 43.70395], [-79.23715, 43.70388], [-79.2372, 43.70383], [-79.23728, 43.70377], [-79.23734, 43.70373], [-79.23738, 43.7037], [-79.2374, 43.70368], [-79.23744, 43.70364], [-79.23748, 43.7036], [-79.23751, 43.70357], [-79.23753, 43.70354], [-79.23755, 43.70352], [-79.23757, 43.70349], [-79.2376, 43.70345], [-79.23763, 43.70342], [-79.23764, 43.70336], [-79.23765, 43.70327], [-79.23764, 43.7032], [-79.23764, 43.70316], [-79.23793, 43.70321], [-79.23793, 43.70317], [-79.23793, 43.70313], [-79.23792, 43.70308], [-79.23792, 43.70304], [-79.23792, 43.70301], [-79.23791, 43.703], [-79.23787, 43.70299], [-79.23785, 43.70299], [-79.23787, 43.70295], [-79.23789, 43.7029], [-79.23793, 43.70287], [-79.23796, 43.70284], [-79.23799, 43.70281], [-79.23804, 43.70279], [-79.23807, 43.70279], [-79.23812, 43.70276], [-79.23815, 43.70275], [-79.23818, 43.70274], [-79.23823, 43.7027], [-79.23824, 43.70268], [-79.23826, 43.70266], [-79.23827, 43.70263], [-79.23826, 43.70261], [-79.23826, 43.70259], [-79.23826, 43.70256], [-79.23828, 43.70255], [-79.23831, 43.70253], [-79.23835, 43.70253], [-79.2384, 43.70253], [-79.23846, 43.70252], [-79.2385, 43.7025], [-79.23854, 43.7025], [-79.23858, 43.70249], [-79.23864, 43.70248], [-79.23868, 43.70248], [-79.2387, 43.70249], [-79.23873, 43.7025], [-79.23873, 43.70251], [-79.23873, 43.70252], [-79.23875, 43.70253], [-79.23877, 43.70254], [-79.2388, 43.70255], [-79.23884, 43.70255], [-79.23889, 43.70254], [-79.23892, 43.70253], [-79.23898, 43.70252], [-79.23906, 43.70248], [-79.23912, 43.70243], [-79.23917, 43.70238], [-79.23921, 43.70232], [-79.23921, 43.70225], [-79.2392, 43.70218], [-79.23917, 43.70211], [-79.23915, 43.70205], [-79.2391, 43.70198], [-79.239, 43.70196], [-79.23891, 43.70193], [-79.23883, 43.70192], [-79.23876, 43.70189], [-79.2387, 43.70189], [-79.23861, 43.7019], [-79.23853, 43.70192], [-79.23846, 43.70195], [-79.23839, 43.70199], [-79.23834, 43.70204], [-79.23829, 43.70209], [-79.23828, 43.70214], [-79.23826, 43.70219], [-79.23821, 43.70221], [-79.23812, 43.70224], [-79.23801, 43.70227], [-79.23792, 43.70229], [-79.23782, 43.7023], [-79.23774, 43.70231], [-79.23766, 43.70232], [-79.23759, 43.70232], [-79.23752, 43.70232], [-79.23744, 43.7023], [-79.2374, 43.70229], [-79.23736, 43.70228], [-79.23732, 43.70226], [-79.23732, 43.70225], [-79.23731, 43.70223], [-79.23729, 43.70221], [-79.23721, 43.70217], [-79.23712, 43.70212], [-79.23706, 43.70208], [-79.23701, 43.70205], [-79.23697, 43.70202], [-79.23693, 43.70199], [-79.23689, 43.70195], [-79.23686, 43.70192], [-79.23683, 43.70187], [-79.23679, 43.70182], [-79.23672, 43.70176], [-79.23666, 43.70169], [-79.23663, 43.70161], [-79.23662, 43.70153], [-79.2366, 43.70147], [-79.23654, 43.70141], [-79.23647, 43.70136], [-79.23639, 43.70131], [-79.2363, 43.70127], [-79.23621, 43.70123], [-79.23612, 43.7012], [-79.23602, 43.7012], [-79.23593, 43.70121], [-79.23584, 43.70122], [-79.23575, 43.70123], [-79.23567, 43.70125], [-79.2356, 43.70129], [-79.23554, 43.70134], [-79.23551, 43.70139], [-79.23548, 43.70143], [-79.23546, 43.70147], [-79.23544, 43.70153], [-79.23542, 43.70157], [-79.23542, 43.70161], [-79.23541, 43.70165], [-79.23542, 43.70167], [-79.23542, 43.7017], [-79.23542, 43.70173], [-79.23543, 43.70175], [-79.23545, 43.70177], [-79.23547, 43.70177], [-79.23548, 43.7018], [-79.23548, 43.70182], [-79.23549, 43.70185], [-79.23553, 43.70187], [-79.23562, 43.70194], [-79.23563, 43.70195], [-79.23565, 43.70195], [-79.23567, 43.70197], [-79.23571, 43.702], [-79.23575, 43.70201], [-79.23578, 43.70203], [-79.2358, 43.70203], [-79.23583, 43.70205], [-79.23584, 43.70206], [-79.23588, 43.70206], [-79.2359, 43.70206], [-79.23595, 43.70205], [-79.23598, 43.70204], [-79.23602, 43.70204], [-79.23604, 43.70205], [-79.23611, 43.7021], [-79.23615, 43.70218], [-79.23621, 43.70225], [-79.23628, 43.7023], [-79.23634, 43.70235], [-79.2364, 43.70241], [-79.23643, 43.70248], [-79.23648, 43.70254], [-79.2365, 43.70261], [-79.23652, 43.70269], [-79.23655, 43.70278], [-79.23657, 43.70284], [-79.23658, 43.70293], [-79.23659, 43.70302], [-79.23659, 43.7031], [-79.23657, 43.70319], [-79.23654, 43.70328], [-79.2365, 43.70335], [-79.23645, 43.70342], [-79.23643, 43.70351], [-79.2364, 43.70359], [-79.23635, 43.70368], [-79.23631, 43.70376], [-79.23625, 43.70383], [-79.2362, 43.70391], [-79.23616, 43.704], [-79.23609, 43.70408], [-79.23604, 43.70417], [-79.23597, 43.70425], [-79.23592, 43.70434], [-79.23586, 43.70441], [-79.23578, 43.70449], [-79.23568, 43.70455], [-79.23557, 43.70461], [-79.23548, 43.70469], [-79.23537, 43.70477], [-79.23526, 43.70484], [-79.23522, 43.70486], [-79.23512, 43.70492], [-79.23504, 43.70496], [-79.23493, 43.70502], [-79.2348, 43.70508], [-79.23462, 43.70516], [-79.23451, 43.70521], [-79.23439, 43.70527], [-79.2343, 43.70531], [-79.23426, 43.70533], [-79.2342, 43.70535], [-79.23416, 43.70536], [-79.23415, 43.70538], [-79.23413, 43.7054], [-79.23412, 43.70542], [-79.23412, 43.70543], [-79.23407, 43.70544], [-79.23404, 43.70541], [-79.23402, 43.70539], [-79.234, 43.70538], [-79.23399, 43.70538], [-79.23396, 43.70537], [-79.23394, 43.70538], [-79.23391, 43.70539], [-79.23389, 43.70541], [-79.23387, 43.70545], [-79.23386, 43.70548], [-79.23385, 43.70553], [-79.23382, 43.70559], [-79.2338, 43.70562], [-79.23379, 43.70566], [-79.23378, 43.70569], [-79.23377, 43.70571], [-79.23376, 43.70573], [-79.23375, 43.70574], [-79.23374, 43.70575], [-79.23371, 43.70575], [-79.23368, 43.70575], [-79.23364, 43.70576], [-79.23361, 43.70578], [-79.23359, 43.7058], [-79.23357, 43.70582], [-79.23364, 43.70588], [-79.23373, 43.70596], [-79.23379, 43.70601], [-79.23385, 43.70605], [-79.23391, 43.7061], [-79.23392, 43.7061], [-79.23394, 43.70612], [-79.23398, 43.70613], [-79.23402, 43.70614], [-79.23408, 43.70616], [-79.23412, 43.70617], [-79.23414, 43.70618], [-79.23417, 43.70619], [-79.23419, 43.7062], [-79.23421, 43.70622], [-79.23425, 43.70626], [-79.23429, 43.70632], [-79.23433, 43.70635], [-79.23434, 43.70636], [-79.23433, 43.70637], [-79.23431, 43.70639], [-79.23427, 43.70642], [-79.23426, 43.70644], [-79.23425, 43.70646], [-79.23415, 43.70642], [-79.23404, 43.70639], [-79.234, 43.70638], [-79.23393, 43.70642], [-79.23398, 43.70658], [-79.23411, 43.70668], [-79.23412, 43.70668], [-79.23402, 43.70674], [-79.23402, 43.70673], [-79.2339, 43.70664], [-79.23389, 43.70663], [-79.2338, 43.7067], [-79.23376, 43.70672], [-79.23371, 43.70676], [-79.23377, 43.7068], [-79.23382, 43.70684], [-79.23384, 43.70686], [-79.23375, 43.70692], [-79.23364, 43.70683], [-79.23362, 43.70681], [-79.23351, 43.70679], [-79.23342, 43.70677], [-79.23334, 43.70682], [-79.23336, 43.70683], [-79.23336, 43.70684], [-79.23334, 43.70685], [-79.23333, 43.70686], [-79.23332, 43.70687], [-79.2333, 43.70689], [-79.23329, 43.70691], [-79.23329, 43.70692], [-79.23319, 43.7069], [-79.23316, 43.70689], [-79.23314, 43.70693], [-79.23299, 43.70689], [-79.23297, 43.70688], [-79.23295, 43.70685], [-79.23288, 43.70683], [-79.2328, 43.7068], [-79.23277, 43.70678], [-79.23271, 43.70676], [-79.23269, 43.70674], [-79.23267, 43.70672], [-79.23265, 43.7067], [-79.23264, 43.70668], [-79.23263, 43.70664], [-79.23263, 43.70661], [-79.23264, 43.70658], [-79.23265, 43.70654], [-79.23266, 43.70649], [-79.23268, 43.70644], [-79.23273, 43.70632], [-79.23276, 43.70626], [-79.2328, 43.70619], [-79.23284, 43.70612], [-79.23285, 43.70609], [-79.23287, 43.70606], [-79.23289, 43.70605], [-79.23291, 43.70603], [-79.23295, 43.70597], [-79.23298, 43.70593], [-79.233, 43.70592], [-79.23302, 43.70591], [-79.23304, 43.70591], [-79.23307, 43.7059], [-79.2331, 43.70588], [-79.23311, 43.70587], [-79.23311, 43.70585], [-79.23311, 43.70584], [-79.23311, 43.70583], [-79.2331, 43.70581], [-79.23308, 43.7058], [-79.23305, 43.70578], [-79.23302, 43.70576], [-79.23299, 43.70574], [-79.23298, 43.70573], [-79.23297, 43.70571], [-79.23296, 43.70569], [-79.23296, 43.70567], [-79.23296, 43.70565], [-79.23297, 43.70564], [-79.23299, 43.70562], [-79.23302, 43.70559], [-79.23305, 43.70557], [-79.23308, 43.70557], [-79.23311, 43.70556], [-79.23313, 43.70556], [-79.23317, 43.70555], [-79.2332, 43.70554], [-79.23323, 43.70553], [-79.23326, 43.70551], [-79.23327, 43.70549], [-79.23329, 43.70547], [-79.23329, 43.70546], [-79.2333, 43.70543], [-79.23331, 43.70542], [-79.23331, 43.7054], [-79.23331, 43.70539], [-79.23331, 43.70537], [-79.23331, 43.70535], [-79.23331, 43.70533], [-79.23329, 43.70532], [-79.23327, 43.7053], [-79.23324, 43.70528], [-79.23321, 43.70528], [-79.23318, 43.70528], [-79.23315, 43.70527], [-79.23312, 43.70527], [-79.23309, 43.70527], [-79.23306, 43.70527], [-79.23302, 43.70528], [-79.23295, 43.70529], [-79.2329, 43.7053], [-79.23286, 43.70531], [-79.23281, 43.70532], [-79.23278, 43.70533], [-79.23272, 43.70533], [-79.2327, 43.70533], [-79.23267, 43.70532], [-79.23264, 43.70531], [-79.23262, 43.70531], [-79.2326, 43.7053], [-79.23256, 43.70529], [-79.23253, 43.70528], [-79.23251, 43.70527], [-79.23248, 43.70525], [-79.23245, 43.70523], [-79.23243, 43.70522], [-79.23242, 43.7052], [-79.2324, 43.70519], [-79.23239, 43.70518], [-79.23238, 43.70518], [-79.23236, 43.70519], [-79.23234, 43.70518], [-79.23233, 43.70516], [-79.23233, 43.70515], [-79.23234, 43.70513], [-79.23236, 43.70509], [-79.23237, 43.70507], [-79.23237, 43.70505], [-79.23236, 43.70501], [-79.23236, 43.70499], [-79.23235, 43.70497], [-79.23235, 43.70495], [-79.23234, 43.70494], [-79.23233, 43.70493], [-79.23233, 43.70492], [-79.23233, 43.7049], [-79.23233, 43.70489], [-79.23231, 43.70487], [-79.23228, 43.70486], [-79.23223, 43.70484], [-79.2322, 43.70484], [-79.23217, 43.70484], [-79.23213, 43.70485], [-79.23209, 43.70485], [-79.23206, 43.70485], [-79.23203, 43.70485], [-79.23201, 43.70486], [-79.23197, 43.70488], [-79.23194, 43.70489], [-79.23191, 43.70491], [-79.23188, 43.70493], [-79.23184, 43.70497], [-79.23179, 43.70501], [-79.23177, 43.70504], [-79.23176, 43.70506], [-79.23176, 43.70507], [-79.23176, 43.70509], [-79.23175, 43.7051], [-79.23173, 43.70511], [-79.2317, 43.70512], [-79.2317, 43.70515], [-79.23169, 43.70517], [-79.23167, 43.70519], [-79.23164, 43.70522], [-79.23161, 43.70527], [-79.23155, 43.7053], [-79.23148, 43.70533], [-79.23141, 43.70534], [-79.23134, 43.70535], [-79.23121, 43.70536], [-79.23113, 43.70536], [-79.23105, 43.70536], [-79.23096, 43.70535], [-79.23088, 43.70533], [-79.2308, 43.70532], [-79.23073, 43.7053], [-79.23065, 43.70528], [-79.2306, 43.70527], [-79.23055, 43.70526], [-79.2305, 43.70525], [-79.2304, 43.70524], [-79.23033, 43.70522], [-79.23026, 43.7052], [-79.23019, 43.70518], [-79.23014, 43.70517], [-79.23009, 43.70516], [-79.23003, 43.70515], [-79.22999, 43.70513], [-79.22995, 43.70512], [-79.22992, 43.7051], [-79.2299, 43.70508], [-79.22988, 43.70506], [-79.22985, 43.70504], [-79.22982, 43.70501], [-79.22979, 43.70498], [-79.22969, 43.70496], [-79.22962, 43.70492], [-79.22954, 43.70489], [-79.2295, 43.70488], [-79.22944, 43.70485], [-79.2294, 43.70482], [-79.22936, 43.70478], [-79.22932, 43.70476], [-79.22929, 43.70474], [-79.22925, 43.70472], [-79.22922, 43.70471], [-79.22919, 43.70469], [-79.22918, 43.70468], [-79.22915, 43.70468], [-79.2291, 43.70468], [-79.22906, 43.70469], [-79.22902, 43.7047], [-79.22899, 43.70472], [-79.22896, 43.70474], [-79.22894, 43.70475], [-79.22892, 43.70477], [-79.22891, 43.7048], [-79.2289, 43.70482], [-79.22889, 43.70486], [-79.22889, 43.70489], [-79.22889, 43.70493], [-79.2289, 43.70497], [-79.22892, 43.705], [-79.22896, 43.70505], [-79.22898, 43.70508], [-79.229, 43.7051], [-79.22903, 43.70511], [-79.22905, 43.70513], [-79.22908, 43.70518], [-79.2291, 43.70521], [-79.22911, 43.70523], [-79.22915, 43.70532], [-79.22916, 43.70534], [-79.22919, 43.70543], [-79.22921, 43.70549], [-79.22924, 43.70553], [-79.22924, 43.70557], [-79.22922, 43.70564], [-79.22919, 43.7057], [-79.22916, 43.70578], [-79.22915, 43.70585], [-79.22909, 43.70591], [-79.22903, 43.706], [-79.22897, 43.70607], [-79.22887, 43.7062], [-79.22872, 43.70644], [-79.22862, 43.7066], [-79.22856, 43.70669], [-79.22853, 43.70674], [-79.22849, 43.70682], [-79.22846, 43.70688], [-79.22844, 43.70692], [-79.2284, 43.70695], [-79.22834, 43.70698], [-79.22828, 43.70699], [-79.22823, 43.70701], [-79.22817, 43.70703], [-79.22814, 43.70704], [-79.22806, 43.70705], [-79.22803, 43.70705], [-79.22799, 43.70705], [-79.22792, 43.70705], [-79.22786, 43.70706], [-79.22778, 43.70709], [-79.22772, 43.70711], [-79.22767, 43.70713], [-79.22763, 43.70716], [-79.2276, 43.70719], [-79.22758, 43.70721], [-79.22756, 43.70723], [-79.22754, 43.70726], [-79.22753, 43.70728], [-79.22753, 43.70731], [-79.22755, 43.70734], [-79.22757, 43.70736], [-79.22759, 43.70738], [-79.22762, 43.70739], [-79.22763, 43.70739], [-79.22766, 43.70739], [-79.22768, 43.70739], [-79.22771, 43.70738], [-79.22775, 43.70738], [-79.22782, 43.70737], [-79.22785, 43.70737], [-79.2279, 43.70736], [-79.22794, 43.70735], [-79.22796, 43.70734], [-79.22799, 43.70733], [-79.22801, 43.70731], [-79.22805, 43.70731], [-79.2281, 43.70731], [-79.22815, 43.70731], [-79.22819, 43.70731], [-79.22824, 43.70732], [-79.2283, 43.70734], [-79.22833, 43.70736], [-79.22836, 43.70739], [-79.22839, 43.70741], [-79.22844, 43.70742], [-79.22848, 43.70743], [-79.22852, 43.70743], [-79.22855, 43.70744], [-79.22858, 43.70744], [-79.22862, 43.70742], [-79.22864, 43.7074], [-79.22866, 43.70738], [-79.22866, 43.70737], [-79.22866, 43.70733], [-79.22865, 43.7073], [-79.22864, 43.70727], [-79.22863, 43.70725], [-79.22862, 43.70722], [-79.22862, 43.70721], [-79.22861, 43.7072], [-79.22861, 43.70718], [-79.22863, 43.70714], [-79.22866, 43.70708], [-79.22876, 43.70695], [-79.22886, 43.70682], [-79.22895, 43.70672], [-79.22902, 43.70663], [-79.22913, 43.70647], [-79.2293, 43.70627], [-79.22936, 43.70618], [-79.22942, 43.70609], [-79.22948, 43.70602], [-79.22951, 43.70597], [-79.22955, 43.70598], [-79.22959, 43.70592], [-79.2298, 43.70588], [-79.22982, 43.70587], [-79.22993, 43.70592], [-79.23014, 43.70601], [-79.23028, 43.70607], [-79.23042, 43.70613], [-79.23054, 43.70618], [-79.23066, 43.70623], [-79.23076, 43.70627], [-79.23088, 43.70632], [-79.23097, 43.70636], [-79.23103, 43.70639], [-79.23107, 43.70641], [-79.23108, 43.70642], [-79.23108, 43.70643], [-79.23106, 43.70645], [-79.23106, 43.70646], [-79.23105, 43.70647], [-79.23105, 43.70648], [-79.23105, 43.70649], [-79.23106, 43.70651], [-79.23106, 43.70653], [-79.23106, 43.70654], [-79.23107, 43.70655], [-79.23108, 43.70658], [-79.23108, 43.70659], [-79.23108, 43.70662], [-79.23109, 43.70662], [-79.2311, 43.70663], [-79.23113, 43.70663], [-79.23116, 43.70665], [-79.23118, 43.70665], [-79.23124, 43.70664], [-79.23131, 43.70663], [-79.23136, 43.70662], [-79.23142, 43.70662], [-79.23146, 43.70662], [-79.23146, 43.70663], [-79.23146, 43.70664], [-79.2315, 43.70664], [-79.2316, 43.70666], [-79.23164, 43.70667], [-79.23169, 43.70668], [-79.23182, 43.7067], [-79.23213, 43.70688], [-79.23247, 43.70707], [-79.23272, 43.70721], [-79.23309, 43.70741], [-79.23335, 43.70754], [-79.23344, 43.70759], [-79.2334, 43.70768], [-79.23335, 43.70779], [-79.23332, 43.70788], [-79.23327, 43.70801], [-79.23325, 43.70805], [-79.23321, 43.70814], [-79.23316, 43.70827], [-79.23323, 43.70828], [-79.23324, 43.70829], [-79.23323, 43.70832], [-79.23333, 43.70835], [-79.23327, 43.70851], [-79.23322, 43.70863], [-79.2332, 43.70863], [-79.23319, 43.70866], [-79.23318, 43.70874], [-79.23317, 43.70879], [-79.23316, 43.7088], [-79.23313, 43.70886], [-79.23311, 43.70889], [-79.23309, 43.70891], [-79.23306, 43.70895], [-79.23298, 43.70904], [-79.23304, 43.70913], [-79.23305, 43.70913], [-79.23306, 43.70915], [-79.23308, 43.70914], [-79.23309, 43.70916], [-79.2331, 43.70917], [-79.2331, 43.70919], [-79.2331, 43.7092], [-79.2331, 43.70922], [-79.23309, 43.70924], [-79.23308, 43.70926], [-79.23306, 43.70929], [-79.23304, 43.70931], [-79.23302, 43.70933], [-79.233, 43.70935], [-79.23299, 43.70936], [-79.23293, 43.70943], [-79.23282, 43.70954], [-79.23275, 43.70963], [-79.23268, 43.7097], [-79.23262, 43.70976], [-79.23258, 43.7098], [-79.23253, 43.70984], [-79.23248, 43.70989], [-79.23242, 43.70993], [-79.23237, 43.70996], [-79.23228, 43.71003], [-79.23216, 43.7101], [-79.23203, 43.71018], [-79.23194, 43.71024], [-79.23187, 43.71029], [-79.23184, 43.71031], [-79.23178, 43.71035], [-79.23163, 43.71042], [-79.23159, 43.71045], [-79.23154, 43.71047], [-79.23146, 43.7105], [-79.23138, 43.71053], [-79.23132, 43.71056], [-79.23128, 43.71057], [-79.23123, 43.71059], [-79.23119, 43.71059], [-79.23116, 43.7106], [-79.23113, 43.7106], [-79.23105, 43.7106], [-79.23097, 43.7106], [-79.23089, 43.71059], [-79.23084, 43.71058], [-79.23078, 43.71057], [-79.23074, 43.71055], [-79.23068, 43.71054], [-79.23064, 43.71052], [-79.23058, 43.71049], [-79.23054, 43.71047], [-79.23049, 43.71043], [-79.23045, 43.7104], [-79.2304, 43.71036], [-79.23034, 43.71032], [-79.23031, 43.7103], [-79.23029, 43.71029], [-79.23027, 43.71028], [-79.23024, 43.71028], [-79.23022, 43.71029], [-79.2302, 43.7103], [-79.23017, 43.71032], [-79.23007, 43.71026], [-79.23008, 43.71025], [-79.23009, 43.71024], [-79.23011, 43.71022], [-79.23012, 43.7102], [-79.23013, 43.71018], [-79.23014, 43.71015], [-79.23014, 43.71013], [-79.23014, 43.71011], [-79.23014, 43.71009], [-79.23014, 43.71008], [-79.23014, 43.71007], [-79.23015, 43.71006], [-79.23016, 43.71004], [-79.23017, 43.71002], [-79.23018, 43.71], [-79.2302, 43.70999], [-79.23021, 43.70998], [-79.23022, 43.70997], [-79.23023, 43.70995], [-79.23025, 43.70993], [-79.23027, 43.70992], [-79.23033, 43.70989], [-79.23046, 43.70985], [-79.23055, 43.70981], [-79.23064, 43.70979], [-79.23074, 43.70975], [-79.23083, 43.70973], [-79.23091, 43.7097], [-79.23099, 43.70969], [-79.23109, 43.70966], [-79.23116, 43.70963], [-79.23123, 43.7096], [-79.2313, 43.70955], [-79.23136, 43.7095], [-79.23144, 43.70941], [-79.23148, 43.70936], [-79.23151, 43.70931], [-79.23155, 43.70925], [-79.23159, 43.70918], [-79.23163, 43.70911], [-79.23165, 43.70906], [-79.23167, 43.70902], [-79.2317, 43.70892], [-79.23173, 43.70883], [-79.23177, 43.70872], [-79.23177, 43.70871], [-79.23179, 43.70865], [-79.23184, 43.70865], [-79.23184, 43.70863], [-79.23187, 43.70852], [-79.2318, 43.70844], [-79.23174, 43.70847], [-79.23172, 43.70846], [-79.23167, 43.70845], [-79.23162, 43.70844], [-79.23159, 43.70843], [-79.23156, 43.70843], [-79.23152, 43.70843], [-79.23149, 43.70843], [-79.23147, 43.70843], [-79.23144, 43.70843], [-79.23143, 43.70843], [-79.2314, 43.70843], [-79.23138, 43.70844], [-79.23135, 43.70845], [-79.23133, 43.70846], [-79.2313, 43.70847], [-79.23129, 43.70849], [-79.23127, 43.70851], [-79.23126, 43.70853], [-79.23124, 43.70856], [-79.23123, 43.70861], [-79.23121, 43.70866], [-79.2312, 43.70867], [-79.2312, 43.70869], [-79.23119, 43.7087], [-79.23117, 43.70872], [-79.23115, 43.70873], [-79.23113, 43.70874], [-79.23111, 43.70876], [-79.23108, 43.70877], [-79.23105, 43.70878], [-79.23103, 43.70878], [-79.23101, 43.70879], [-79.23099, 43.70879], [-79.23096, 43.70879], [-79.23094, 43.70879], [-79.23092, 43.70878], [-79.2309, 43.70878], [-79.23083, 43.70875], [-79.2308, 43.70874], [-79.23078, 43.70873], [-79.23075, 43.70872], [-79.23073, 43.70871], [-79.23064, 43.70868], [-79.23058, 43.70866], [-79.23052, 43.70864], [-79.23049, 43.70863], [-79.23046, 43.70862], [-79.23041, 43.7086], [-79.23038, 43.70859], [-79.23034, 43.70858], [-79.2303, 43.70857], [-79.23025, 43.70856], [-79.23024, 43.70855], [-79.23007, 43.70852], [-79.2299, 43.70848], [-79.22991, 43.70846], [-79.22982, 43.70844], [-79.2298, 43.70842], [-79.22982, 43.70831], [-79.22981, 43.70828], [-79.22978, 43.70827], [-79.2298, 43.70808], [-79.22982, 43.70794], [-79.22982, 43.70791], [-79.22982, 43.70785], [-79.22981, 43.70782], [-79.22981, 43.7078], [-79.2298, 43.70778], [-79.2298, 43.70777], [-79.22979, 43.70776], [-79.22977, 43.70775], [-79.22975, 43.70775], [-79.22973, 43.70775], [-79.2297, 43.70774], [-79.22965, 43.70773], [-79.22959, 43.70772], [-79.22956, 43.70771], [-79.22953, 43.70771], [-79.22952, 43.70772], [-79.22951, 43.70772], [-79.22951, 43.70773], [-79.22951, 43.70774], [-79.22951, 43.70775], [-79.22953, 43.70776], [-79.22954, 43.70778], [-79.22955, 43.70779], [-79.22954, 43.70784], [-79.22953, 43.70792], [-79.22951, 43.70798], [-79.2295, 43.70804], [-79.22946, 43.70812], [-79.22939, 43.70825], [-79.22937, 43.70829], [-79.22935, 43.70833], [-79.22933, 43.70836], [-79.22931, 43.70838], [-79.22928, 43.70841], [-79.22925, 43.70844], [-79.22922, 43.70847], [-79.22919, 43.7085], [-79.22913, 43.70853], [-79.2291, 43.70856], [-79.22904, 43.7086], [-79.22898, 43.70863], [-79.22893, 43.70866], [-79.22888, 43.70869], [-79.22883, 43.70871], [-79.22878, 43.70873], [-79.22874, 43.70875], [-79.22869, 43.70876], [-79.22867, 43.70877], [-79.22864, 43.70878], [-79.22861, 43.70878], [-79.22857, 43.70879], [-79.22855, 43.70878], [-79.22854, 43.70878], [-79.22853, 43.70879], [-79.22853, 43.70878], [-79.22851, 43.70878], [-79.2285, 43.70878], [-79.22848, 43.70877], [-79.22847, 43.70877], [-79.22846, 43.70877], [-79.22845, 43.70877], [-79.22844, 43.70877], [-79.22844, 43.70878], [-79.22843, 43.70879], [-79.22844, 43.7088], [-79.22846, 43.70882], [-79.22847, 43.70883], [-79.22849, 43.70884], [-79.22849, 43.70885], [-79.2285, 43.70886], [-79.2285, 43.70887], [-79.2285, 43.70888], [-79.22849, 43.70889], [-79.22848, 43.7089], [-79.22847, 43.70892], [-79.22846, 43.70893], [-79.22846, 43.70895], [-79.22845, 43.70896], [-79.22845, 43.70898], [-79.22845, 43.70899], [-79.22845, 43.709], [-79.22845, 43.70901], [-79.22845, 43.70902], [-79.22846, 43.70903], [-79.22846, 43.70904], [-79.22847, 43.70905], [-79.22848, 43.70905], [-79.22848, 43.70906], [-79.2285, 43.70906], [-79.22851, 43.70906], [-79.22853, 43.70907], [-79.22855, 43.70907], [-79.22856, 43.70907], [-79.22859, 43.70907], [-79.22861, 43.70906], [-79.22864, 43.70905], [-79.22866, 43.70905], [-79.22869, 43.70904], [-79.22879, 43.70899], [-79.22889, 43.70892], [-79.22899, 43.70886], [-79.22903, 43.70883], [-79.22906, 43.70881], [-79.22909, 43.7088], [-79.22913, 43.7088], [-79.22915, 43.7088], [-79.22919, 43.70881], [-79.22923, 43.70883], [-79.22928, 43.70886], [-79.22929, 43.70887], [-79.22931, 43.70888], [-79.22933, 43.70889], [-79.22935, 43.7089], [-79.22938, 43.70893], [-79.22941, 43.70895], [-79.22944, 43.70897], [-79.22946, 43.70899], [-79.2295, 43.70902], [-79.22951, 43.70902], [-79.22952, 43.70904], [-79.22956, 43.70906], [-79.22957, 43.70908], [-79.22959, 43.7091], [-79.22961, 43.70912], [-79.22962, 43.70914], [-79.22963, 43.70916], [-79.22963, 43.70918], [-79.22964, 43.70918], [-79.22964, 43.70919], [-79.22964, 43.7092], [-79.22963, 43.70921], [-79.22963, 43.70923], [-79.22963, 43.70924], [-79.22963, 43.70926], [-79.22962, 43.70927], [-79.22959, 43.7093], [-79.22956, 43.70933], [-79.22953, 43.70935], [-79.22952, 43.70935], [-79.22949, 43.70937], [-79.22945, 43.70941], [-79.22943, 43.70943], [-79.22941, 43.70944], [-79.22938, 43.70947], [-79.22938, 43.70948], [-79.22934, 43.70951], [-79.22929, 43.70956], [-79.22924, 43.7096], [-79.22921, 43.70962], [-79.2292, 43.70961], [-79.22917, 43.70964], [-79.22916, 43.70963], [-79.22914, 43.70964], [-79.22909, 43.70961], [-79.22905, 43.70964], [-79.22903, 43.70965], [-79.22895, 43.7096], [-79.22891, 43.70958], [-79.22886, 43.70955], [-79.22882, 43.70953], [-79.22878, 43.70951], [-79.22868, 43.70947], [-79.22859, 43.70943], [-79.22852, 43.7094], [-79.22845, 43.70937], [-79.22836, 43.70934], [-79.22827, 43.7093], [-79.22821, 43.70928], [-79.22816, 43.70926], [-79.22813, 43.70926], [-79.22811, 43.70926], [-79.22808, 43.70926], [-79.22805, 43.70926], [-79.228, 43.70928], [-79.22797, 43.70929], [-79.22793, 43.70932], [-79.2279, 43.70935], [-79.22785, 43.70941], [-79.22783, 43.70946], [-79.2278, 43.7095], [-79.2278, 43.70954], [-79.2278, 43.70957], [-79.2278, 43.7096], [-79.22781, 43.70963], [-79.22783, 43.70965], [-79.22787, 43.70968], [-79.22793, 43.70972], [-79.22798, 43.70975], [-79.22803, 43.70977], [-79.22813, 43.70984], [-79.22821, 43.7099], [-79.22824, 43.70994], [-79.2283, 43.70997], [-79.22829, 43.70998], [-79.22824, 43.71005], [-79.2282, 43.71011], [-79.22816, 43.71018], [-79.22812, 43.71025], [-79.22808, 43.71034], [-79.22806, 43.71041], [-79.22803, 43.71046], [-79.22803, 43.71053], [-79.22802, 43.71063], [-79.22803, 43.71071], [-79.22803, 43.71075], [-79.22803, 43.71081], [-79.22803, 43.71084], [-79.22803, 43.71087], [-79.22804, 43.7109], [-79.22804, 43.71092], [-79.22808, 43.71091], [-79.22813, 43.71091], [-79.22817, 43.71091], [-79.22822, 43.7109], [-79.22823, 43.71093], [-79.22821, 43.71095], [-79.22817, 43.71095], [-79.22815, 43.71095], [-79.22813, 43.71095], [-79.22804, 43.71096], [-79.22805, 43.71099], [-79.22804, 43.71103], [-79.22804, 43.71107], [-79.22795, 43.71109], [-79.22793, 43.7111], [-79.2279, 43.71111], [-79.22788, 43.71112], [-79.22781, 43.71114], [-79.22773, 43.71116], [-79.22766, 43.71118], [-79.22762, 43.71119], [-79.2276, 43.7112], [-79.22738, 43.7112], [-79.22731, 43.7112], [-79.22728, 43.71123], [-79.22725, 43.71127], [-79.22722, 43.71131], [-79.2272, 43.71134], [-79.2272, 43.71136], [-79.22718, 43.71139], [-79.22718, 43.71143], [-79.22718, 43.71145], [-79.22719, 43.71148], [-79.2272, 43.71152], [-79.22723, 43.71159], [-79.22728, 43.71161], [-79.22732, 43.71163], [-79.22736, 43.71164], [-79.22746, 43.71166], [-79.22748, 43.71166], [-79.22763, 43.71169], [-79.22767, 43.71169], [-79.22793, 43.71174], [-79.2281, 43.71177], [-79.22814, 43.71177], [-79.22821, 43.71178], [-79.22825, 43.71178], [-79.22841, 43.71177], [-79.22858, 43.71175], [-79.22869, 43.71174], [-79.22873, 43.71174], [-79.22881, 43.71172], [-79.22888, 43.71171], [-79.22891, 43.71173], [-79.22894, 43.71175], [-79.229, 43.71176], [-79.22905, 43.71177], [-79.22906, 43.71177], [-79.22907, 43.71177], [-79.22913, 43.71175], [-79.22917, 43.71174], [-79.22918, 43.71172], [-79.2292, 43.71169], [-79.22923, 43.71166], [-79.22923, 43.71152], [-79.22923, 43.71141], [-79.22923, 43.71133], [-79.22921, 43.71119], [-79.2292, 43.71107], [-79.22918, 43.71093], [-79.22916, 43.71082], [-79.22915, 43.71076], [-79.22915, 43.71074], [-79.22915, 43.71072], [-79.22914, 43.7107], [-79.22913, 43.71066], [-79.22913, 43.71063], [-79.22914, 43.71055], [-79.22915, 43.71051], [-79.22918, 43.71046], [-79.2292, 43.71041], [-79.22928, 43.71033], [-79.22933, 43.71031], [-79.22939, 43.71031], [-79.22949, 43.71033], [-79.22957, 43.71033], [-79.22957, 43.71031], [-79.22962, 43.71032], [-79.22969, 43.71032], [-79.22975, 43.71032], [-79.22981, 43.71033], [-79.22989, 43.71036], [-79.22992, 43.71036], [-79.22994, 43.71036], [-79.22997, 43.71036], [-79.22999, 43.71035], [-79.23, 43.71034], [-79.23001, 43.71034], [-79.23011, 43.7104], [-79.23011, 43.71041], [-79.2301, 43.71042], [-79.2301, 43.71044], [-79.2301, 43.71045], [-79.23012, 43.71047], [-79.23015, 43.71049], [-79.23016, 43.7105], [-79.2302, 43.71054], [-79.23023, 43.71057], [-79.23029, 43.71063], [-79.23038, 43.71072], [-79.23038, 43.71073], [-79.23044, 43.71084], [-79.2305, 43.71097], [-79.23053, 43.71103], [-79.23056, 43.71111], [-79.23057, 43.71118], [-79.23059, 43.71125], [-79.23059, 43.71129], [-79.23059, 43.71135], [-79.23057, 43.71141], [-79.23054, 43.71149], [-79.23052, 43.71153], [-79.23042, 43.71166], [-79.23032, 43.71179], [-79.2303, 43.71181], [-79.23022, 43.7119], [-79.23015, 43.71197], [-79.23012, 43.71201], [-79.23007, 43.71207], [-79.23004, 43.71211], [-79.22999, 43.71216], [-79.22994, 43.71221], [-79.22984, 43.7123], [-79.22981, 43.71233], [-79.22975, 43.71238], [-79.22968, 43.71243], [-79.22962, 43.71246], [-79.22959, 43.71249], [-79.22955, 43.71251], [-79.2295, 43.71253], [-79.22944, 43.71255], [-79.22936, 43.71257], [-79.22929, 43.71259], [-79.22922, 43.7126], [-79.2291, 43.71262], [-79.22903, 43.71263], [-79.22882, 43.71265], [-79.22878, 43.71266], [-79.22864, 43.71267], [-79.22855, 43.71267], [-79.22845, 43.71267], [-79.22837, 43.71267], [-79.22828, 43.71266], [-79.22817, 43.71265], [-79.22786, 43.71261], [-79.22775, 43.71259], [-79.22759, 43.71257], [-79.22745, 43.71255], [-79.22734, 43.71253], [-79.22725, 43.71252], [-79.22713, 43.7125], [-79.22701, 43.71247], [-79.22688, 43.71245], [-79.22676, 43.71242], [-79.22667, 43.7124], [-79.22661, 43.71236], [-79.2266, 43.71235], [-79.22659, 43.71231], [-79.22656, 43.71228], [-79.22654, 43.71226], [-79.22652, 43.71224], [-79.2265, 43.71221], [-79.22649, 43.71217], [-79.22648, 43.71215], [-79.22644, 43.71212], [-79.22642, 43.71209], [-79.22642, 43.71206], [-79.22642, 43.71202], [-79.22641, 43.71199], [-79.2264, 43.71198], [-79.22639, 43.71194], [-79.2264, 43.71191], [-79.2264, 43.71189], [-79.22641, 43.71187], [-79.22643, 43.71185], [-79.22643, 43.71181], [-79.22643, 43.71176], [-79.22643, 43.71174], [-79.22645, 43.71174], [-79.22641, 43.71156], [-79.2264, 43.71152], [-79.2264, 43.71149], [-79.22638, 43.71146], [-79.22638, 43.71143], [-79.22638, 43.7114], [-79.22637, 43.71138], [-79.22635, 43.71132], [-79.22634, 43.71131], [-79.22634, 43.71129], [-79.22633, 43.71125], [-79.22633, 43.71124], [-79.22634, 43.71122], [-79.22633, 43.7112], [-79.22631, 43.71119], [-79.22633, 43.71111], [-79.22637, 43.71096], [-79.22641, 43.71081], [-79.22642, 43.71079], [-79.22642, 43.71075], [-79.22642, 43.71071], [-79.22641, 43.71069], [-79.22642, 43.71068], [-79.22645, 43.71066], [-79.22646, 43.71065], [-79.22647, 43.71064], [-79.22648, 43.71063], [-79.2265, 43.71056], [-79.22652, 43.71049], [-79.22654, 43.71043], [-79.22656, 43.71039], [-79.22656, 43.71038], [-79.22656, 43.71037], [-79.22656, 43.71036], [-79.22656, 43.71035], [-79.22657, 43.71034], [-79.22659, 43.71026], [-79.22661, 43.71022], [-79.22662, 43.7102], [-79.22663, 43.71018], [-79.22663, 43.71017], [-79.22663, 43.71015], [-79.22662, 43.71013], [-79.22664, 43.71005], [-79.2267, 43.70989], [-79.22675, 43.70974], [-79.22682, 43.70959], [-79.22689, 43.70945], [-79.22695, 43.70931], [-79.22701, 43.70916], [-79.22705, 43.70902], [-79.2271, 43.70888], [-79.2272, 43.70877], [-79.22733, 43.70868], [-79.22748, 43.7086], [-79.22764, 43.70854], [-79.22769, 43.70853], [-79.22786, 43.70847], [-79.22795, 43.70845], [-79.22801, 43.70842], [-79.22803, 43.7084], [-79.22805, 43.70838], [-79.22806, 43.70836], [-79.22807, 43.70833], [-79.22807, 43.70829], [-79.22807, 43.70827], [-79.22807, 43.70824], [-79.22806, 43.70821], [-79.22805, 43.70819], [-79.22803, 43.70816], [-79.228, 43.70815], [-79.22797, 43.70813], [-79.22794, 43.70811], [-79.22791, 43.70811], [-79.22787, 43.7081], [-79.22779, 43.7081], [-79.22771, 43.7081], [-79.22752, 43.70811], [-79.22744, 43.70812], [-79.22724, 43.70813], [-79.22705, 43.70812], [-79.22687, 43.70812], [-79.22668, 43.7081], [-79.22652, 43.70805], [-79.22643, 43.70793], [-79.22642, 43.7078], [-79.22638, 43.70764], [-79.22637, 43.70755], [-79.22634, 43.70746], [-79.22633, 43.70741], [-79.22631, 43.70737], [-79.22629, 43.70733], [-79.22629, 43.70731], [-79.22627, 43.7073], [-79.22626, 43.70728], [-79.22624, 43.70727], [-79.22623, 43.70726], [-79.22621, 43.70726], [-79.22617, 43.70726], [-79.22615, 43.70726], [-79.22612, 43.70727], [-79.22609, 43.70729], [-79.22607, 43.7073], [-79.22604, 43.70731], [-79.22604, 43.70733], [-79.22603, 43.70734], [-79.22602, 43.70736], [-79.22601, 43.70738], [-79.22601, 43.7074], [-79.22601, 43.70742], [-79.226, 43.70743], [-79.22598, 43.70744], [-79.22596, 43.70747], [-79.22593, 43.70758], [-79.22593, 43.70767], [-79.22593, 43.70769], [-79.22592, 43.70774], [-79.2259, 43.70778], [-79.22588, 43.7078], [-79.22587, 43.70783], [-79.22586, 43.70789], [-79.22586, 43.70792], [-79.22584, 43.70795], [-79.22584, 43.70797], [-79.22584, 43.708], [-79.22585, 43.70804], [-79.22587, 43.70808], [-79.22587, 43.70813], [-79.22587, 43.70816], [-79.22589, 43.70818], [-79.22591, 43.7082], [-79.22592, 43.70822], [-79.22594, 43.70824], [-79.22597, 43.70825], [-79.22598, 43.70827], [-79.22598, 43.70828], [-79.226, 43.70829], [-79.22601, 43.7083], [-79.22603, 43.7083], [-79.22604, 43.70832], [-79.22604, 43.70834], [-79.22607, 43.70836], [-79.22612, 43.7084], [-79.22618, 43.70843], [-79.22621, 43.70843], [-79.22623, 43.70843], [-79.22627, 43.70843], [-79.2263, 43.70845], [-79.22632, 43.70847], [-79.22634, 43.70848], [-79.22637, 43.70849], [-79.22639, 43.70851], [-79.22641, 43.70855], [-79.22644, 43.70859], [-79.22646, 43.70864], [-79.22647, 43.70869], [-79.22649, 43.70873], [-79.22649, 43.70878], [-79.22651, 43.70882], [-79.22649, 43.70887], [-79.22647, 43.70891], [-79.22624, 43.70949], [-79.22576, 43.71045], [-79.22572, 43.71053], [-79.22568, 43.71062], [-79.22563, 43.71068], [-79.22559, 43.71072], [-79.22556, 43.71074], [-79.22552, 43.71075], [-79.22548, 43.71076], [-79.22541, 43.71076], [-79.22534, 43.71077], [-79.2253, 43.71077], [-79.22525, 43.71077], [-79.22522, 43.71078], [-79.2252, 43.7108], [-79.22516, 43.71081], [-79.22513, 43.71083], [-79.2251, 43.71086], [-79.22507, 43.71088], [-79.22505, 43.7109], [-79.22504, 43.71092], [-79.22503, 43.71094], [-79.22503, 43.71096], [-79.22503, 43.71097], [-79.22503, 43.71099], [-79.22503, 43.71101], [-79.22503, 43.71102], [-79.22502, 43.71103], [-79.22502, 43.71105], [-79.22502, 43.71106], [-79.22503, 43.71109], [-79.22504, 43.71111], [-79.22505, 43.71113], [-79.22507, 43.71115], [-79.2251, 43.71117], [-79.2251, 43.71118], [-79.22526, 43.71127], [-79.22541, 43.7114], [-79.22554, 43.71149], [-79.22568, 43.71159], [-79.22578, 43.7117], [-79.22578, 43.71183], [-79.22572, 43.71198], [-79.22564, 43.7121], [-79.22559, 43.71218], [-79.22553, 43.71217], [-79.22546, 43.71218], [-79.2254, 43.71219], [-79.22535, 43.7122], [-79.2253, 43.71222], [-79.22526, 43.71225], [-79.22524, 43.71228], [-79.22522, 43.7123], [-79.22521, 43.71233], [-79.22521, 43.71236], [-79.22521, 43.7124], [-79.22525, 43.71245], [-79.22527, 43.71248], [-79.22532, 43.71251], [-79.22537, 43.71253], [-79.2254, 43.71255], [-79.22543, 43.71256], [-79.22547, 43.71258], [-79.22552, 43.71258], [-79.22555, 43.71259], [-79.22559, 43.71257], [-79.22567, 43.71255], [-79.22582, 43.71259], [-79.22598, 43.71268], [-79.22601, 43.71269], [-79.22597, 43.71276], [-79.22597, 43.71282], [-79.22597, 43.71289], [-79.22592, 43.71301], [-79.22586, 43.71314], [-79.22579, 43.71329], [-79.22573, 43.71348], [-79.22567, 43.71364], [-79.22564, 43.71378], [-79.22559, 43.71389], [-79.22553, 43.71402], [-79.22551, 43.71418], [-79.22542, 43.71438], [-79.22534, 43.71457], [-79.22523, 43.71478], [-79.2251, 43.71498], [-79.22495, 43.71526], [-79.22475, 43.7156], [-79.22457, 43.71608], [-79.2244, 43.7164], [-79.22419, 43.71677], [-79.22409, 43.71706], [-79.22387, 43.71746], [-79.22366, 43.7178], [-79.22355, 43.71803], [-79.22339, 43.71822], [-79.2232, 43.71849], [-79.22295, 43.71877], [-79.2228, 43.71892], [-79.22258, 43.71914], [-79.22249, 43.71923], [-79.2224, 43.71933], [-79.22233, 43.7194], [-79.22224, 43.71944], [-79.22211, 43.71954], [-79.22202, 43.71963], [-79.22194, 43.7197], [-79.22187, 43.71975], [-79.22183, 43.71984], [-79.22177, 43.71994], [-79.22173, 43.72], [-79.22169, 43.72006], [-79.22165, 43.72011], [-79.22158, 43.72015], [-79.22151, 43.72021], [-79.22146, 43.72026], [-79.22142, 43.72031], [-79.22134, 43.72034], [-79.22127, 43.72037], [-79.22118, 43.72046], [-79.22113, 43.72052], [-79.22096, 43.72063], [-79.22093, 43.72066], [-79.22091, 43.72071], [-79.22084, 43.72076], [-79.2208, 43.7208], [-79.22079, 43.72084], [-79.22074, 43.72087], [-79.22068, 43.72092], [-79.22063, 43.72097], [-79.22057, 43.72101], [-79.22055, 43.72103], [-79.22053, 43.72106], [-79.22051, 43.72109], [-79.22046, 43.72113], [-79.22041, 43.72116], [-79.22035, 43.72119], [-79.22031, 43.72123], [-79.22029, 43.72126], [-79.22026, 43.72127], [-79.22023, 43.72127], [-79.2202, 43.72127], [-79.22018, 43.72129], [-79.22015, 43.72133], [-79.22005, 43.72141], [-79.21992, 43.72151], [-79.21984, 43.72156], [-79.21977, 43.7216], [-79.2197, 43.72166], [-79.2196, 43.72175], [-79.21952, 43.72184], [-79.21945, 43.72189], [-79.2194, 43.72192], [-79.21931, 43.72198], [-79.21924, 43.72203], [-79.21919, 43.72206], [-79.21913, 43.72209], [-79.21905, 43.72214], [-79.21897, 43.72218], [-79.21886, 43.72221], [-79.21877, 43.72225], [-79.21862, 43.72217], [-79.21844, 43.72209], [-79.21819, 43.72199], [-79.21823, 43.72191], [-79.21827, 43.72187], [-79.21826, 43.72184], [-79.21824, 43.72182], [-79.21821, 43.72181], [-79.21817, 43.72181], [-79.21815, 43.72183], [-79.21809, 43.72189], [-79.21805, 43.72193], [-79.21769, 43.72178], [-79.21772, 43.72175], [-79.21772, 43.72173], [-79.21771, 43.72171], [-79.21768, 43.72169], [-79.21765, 43.72168], [-79.21761, 43.7217], [-79.2175, 43.72179], [-79.2172, 43.72207], [-79.21712, 43.72214], [-79.21709, 43.72217], [-79.21708, 43.7222], [-79.21708, 43.72222], [-79.2171, 43.72223], [-79.21714, 43.72225], [-79.21719, 43.72225], [-79.21727, 43.72218], [-79.21736, 43.72211], [-79.21742, 43.72215], [-79.21745, 43.72221], [-79.21745, 43.72228], [-79.21745, 43.72236], [-79.21742, 43.72245], [-79.21734, 43.72263], [-79.2173, 43.72274], [-79.21722, 43.72288], [-79.21717, 43.72296], [-79.21713, 43.72307], [-79.21708, 43.72316], [-79.21699, 43.72327], [-79.21687, 43.72338], [-79.21681, 43.72343], [-79.21666, 43.72349], [-79.21656, 43.72348], [-79.21647, 43.72346], [-79.21643, 43.72345], [-79.2166, 43.72329], [-79.21661, 43.72327], [-79.21661, 43.72326], [-79.21659, 43.72324], [-79.21658, 43.72323], [-79.21656, 43.72322], [-79.21653, 43.72322], [-79.21649, 43.72322], [-79.21632, 43.7234], [-79.21626, 43.72344], [-79.21611, 43.72358], [-79.216, 43.72367], [-79.21597, 43.7237], [-79.21596, 43.72372], [-79.21596, 43.72374], [-79.21597, 43.72376], [-79.21599, 43.72377], [-79.21602, 43.72378], [-79.21605, 43.72378], [-79.21608, 43.72378], [-79.21611, 43.72377], [-79.21617, 43.7237], [-79.21623, 43.72363], [-79.21634, 43.72378], [-79.21637, 43.72383], [-79.21635, 43.72392], [-79.21634, 43.724], [-79.2163, 43.7241], [-79.21624, 43.72422], [-79.21617, 43.72437], [-79.21609, 43.7245], [-79.21597, 43.72465], [-79.21584, 43.72479], [-79.21574, 43.72487], [-79.21565, 43.72493], [-79.21555, 43.72497], [-79.21544, 43.72498], [-79.21534, 43.72498], [-79.21525, 43.72498], [-79.2152, 43.72496], [-79.21513, 43.72493], [-79.21534, 43.72472], [-79.21535, 43.72471], [-79.21535, 43.72469], [-79.21532, 43.72467], [-79.2153, 43.72466], [-79.21528, 43.72466], [-79.21525, 43.72466], [-79.21474, 43.72513], [-79.21474, 43.72515], [-79.21474, 43.72517], [-79.21476, 43.72519], [-79.21477, 43.7252], [-79.21479, 43.72521], [-79.21481, 43.72521], [-79.21484, 43.7252], [-79.21491, 43.72514], [-79.21493, 43.72513], [-79.21495, 43.72513], [-79.21498, 43.72515], [-79.215, 43.72516], [-79.21502, 43.72519], [-79.21503, 43.72521], [-79.21502, 43.72531], [-79.21499, 43.72544], [-79.21495, 43.72555], [-79.21489, 43.72568], [-79.2148, 43.72585], [-79.21474, 43.72596], [-79.21467, 43.72605], [-79.21461, 43.72612], [-79.21449, 43.72622], [-79.21444, 43.72625], [-79.21441, 43.72628], [-79.21438, 43.72629], [-79.21434, 43.72631], [-79.21429, 43.72633], [-79.21425, 43.72634], [-79.2142, 43.72635], [-79.21414, 43.72636], [-79.21401, 43.72637], [-79.21398, 43.72627], [-79.21403, 43.72621], [-79.21407, 43.72617], [-79.21408, 43.72616], [-79.21408, 43.72615], [-79.21407, 43.72615], [-79.21407, 43.72614], [-79.21407, 43.72613], [-79.21405, 43.72612], [-79.21401, 43.72611], [-79.21399, 43.72612], [-79.21397, 43.72613], [-79.21395, 43.72614], [-79.21391, 43.72619], [-79.21386, 43.72624], [-79.21399, 43.72672], [-79.21397, 43.72676], [-79.21388, 43.72678], [-79.21381, 43.72679], [-79.21376, 43.72682], [-79.2137, 43.72686], [-79.21365, 43.7269], [-79.21361, 43.72694], [-79.21356, 43.72699], [-79.2135, 43.72705], [-79.21347, 43.7271], [-79.21343, 43.72716], [-79.21337, 43.72726], [-79.21322, 43.7273], [-79.21314, 43.72732], [-79.21311, 43.72734], [-79.2131, 43.72735], [-79.21309, 43.72736], [-79.21309, 43.72738], [-79.21309, 43.72739], [-79.21309, 43.7274], [-79.2131, 43.7274], [-79.21311, 43.72741], [-79.21312, 43.72741], [-79.21313, 43.72742], [-79.21314, 43.72741], [-79.21316, 43.72741], [-79.21319, 43.7274], [-79.21323, 43.72738], [-79.21327, 43.72737], [-79.21328, 43.72739], [-79.21328, 43.7274], [-79.21325, 43.72743], [-79.2132, 43.72749], [-79.21314, 43.72755], [-79.21309, 43.72762], [-79.21301, 43.7277], [-79.21297, 43.72776], [-79.21291, 43.72784], [-79.21287, 43.72789], [-79.21284, 43.72795], [-79.21279, 43.72805], [-79.21276, 43.72809], [-79.21273, 43.72815], [-79.2127, 43.72819], [-79.21268, 43.72824], [-79.21263, 43.72835], [-79.2126, 43.72843], [-79.21257, 43.72851], [-79.21256, 43.72854], [-79.21254, 43.72858], [-79.21252, 43.72861], [-79.21249, 43.72865], [-79.21244, 43.72869], [-79.21242, 43.72872], [-79.21238, 43.72877], [-79.21232, 43.72885], [-79.2123, 43.72887], [-79.21225, 43.72892], [-79.21222, 43.72896], [-79.21217, 43.72901], [-79.21212, 43.72905], [-79.21206, 43.72911], [-79.21199, 43.72915], [-79.21196, 43.72918], [-79.21188, 43.72922], [-79.21182, 43.72925], [-79.21178, 43.72927], [-79.21177, 43.72927], [-79.21175, 43.72926], [-79.21171, 43.72925], [-79.21167, 43.72925], [-79.21163, 43.72925], [-79.21158, 43.72926], [-79.21154, 43.72927], [-79.21151, 43.72928], [-79.21148, 43.7293], [-79.21145, 43.72932], [-79.21142, 43.72934], [-79.2114, 43.72937], [-79.21138, 43.7294], [-79.21137, 43.72941], [-79.21137, 43.72944], [-79.21137, 43.72947], [-79.21138, 43.72949], [-79.2114, 43.72952], [-79.2114, 43.72954], [-79.21141, 43.72955], [-79.21143, 43.72957], [-79.2114, 43.72961], [-79.21136, 43.7297], [-79.21131, 43.72977], [-79.21125, 43.72983], [-79.2112, 43.72987], [-79.21115, 43.72992], [-79.21111, 43.72995], [-79.21104, 43.72999], [-79.21094, 43.73004], [-79.21088, 43.73006], [-79.21081, 43.73008], [-79.21074, 43.7301], [-79.21062, 43.73014], [-79.21057, 43.73016], [-79.21054, 43.73016], [-79.21051, 43.73016], [-79.21049, 43.73015], [-79.21046, 43.73013], [-79.21043, 43.73012], [-79.21041, 43.73011], [-79.21039, 43.73011], [-79.21036, 43.73011], [-79.21034, 43.73012], [-79.21031, 43.73013], [-79.21027, 43.73014], [-79.21024, 43.73016], [-79.21019, 43.73019], [-79.21019, 43.7302], [-79.21018, 43.73022], [-79.21018, 43.73025], [-79.21018, 43.73028], [-79.21019, 43.73031], [-79.21019, 43.73032], [-79.21019, 43.73034], [-79.21019, 43.73035], [-79.21017, 43.73037], [-79.21014, 43.7304], [-79.21012, 43.73041], [-79.21011, 43.73042], [-79.2101, 43.73042], [-79.21009, 43.73042], [-79.21007, 43.73042], [-79.21005, 43.73041], [-79.21003, 43.73041], [-79.20998, 43.7304], [-79.20994, 43.73039], [-79.2099, 43.7304], [-79.20985, 43.73042], [-79.20981, 43.73045], [-79.20979, 43.73047], [-79.20977, 43.7305], [-79.20976, 43.73054], [-79.20976, 43.73055], [-79.20977, 43.73058], [-79.20978, 43.73062], [-79.20981, 43.73065], [-79.20985, 43.73067], [-79.20989, 43.7307], [-79.20994, 43.73072], [-79.21, 43.73075], [-79.21007, 43.73078], [-79.21014, 43.73087], [-79.21016, 43.73093], [-79.21009, 43.73111], [-79.20995, 43.7313], [-79.20979, 43.73144], [-79.20962, 43.73154], [-79.20948, 43.7316], [-79.20934, 43.73165], [-79.20931, 43.73166], [-79.20929, 43.73166], [-79.20925, 43.73165], [-79.20921, 43.73163], [-79.20917, 43.7316], [-79.20914, 43.73159], [-79.20911, 43.73158], [-79.20909, 43.73158], [-79.20906, 43.73158], [-79.20903, 43.73158], [-79.209, 43.73158], [-79.20895, 43.7316], [-79.20892, 43.73161], [-79.2089, 43.73163], [-79.20888, 43.73165], [-79.20886, 43.73166], [-79.20885, 43.73169], [-79.20884, 43.73171], [-79.20883, 43.73173], [-79.20884, 43.73176], [-79.20885, 43.73178], [-79.20887, 43.7318], [-79.20889, 43.73182], [-79.20892, 43.73185], [-79.20894, 43.73187], [-79.20896, 43.73188], [-79.20898, 43.7319], [-79.20899, 43.73191], [-79.20899, 43.73192], [-79.20896, 43.73197], [-79.20893, 43.73203], [-79.20891, 43.73207], [-79.20886, 43.73213], [-79.20879, 43.73221], [-79.20872, 43.73228], [-79.20862, 43.73236], [-79.20851, 43.73244], [-79.20844, 43.73248], [-79.20833, 43.73252], [-79.20821, 43.73256], [-79.20813, 43.73258], [-79.2081, 43.73258], [-79.20808, 43.73258], [-79.20807, 43.73258], [-79.20804, 43.73256], [-79.208, 43.73255], [-79.20798, 43.73255], [-79.20795, 43.73255], [-79.20793, 43.73255], [-79.20789, 43.73256], [-79.20786, 43.73258], [-79.20783, 43.73259], [-79.20782, 43.7326], [-79.20779, 43.73262], [-79.20779, 43.73264], [-79.20778, 43.73266], [-79.20778, 43.73267], [-79.20777, 43.73269], [-79.20778, 43.7327], [-79.20779, 43.73272], [-79.2078, 43.73274], [-79.20781, 43.73275], [-79.20783, 43.73278], [-79.20785, 43.73281], [-79.20787, 43.73283], [-79.2079, 43.73285], [-79.20796, 43.73289], [-79.20797, 43.73291], [-79.20797, 43.73295], [-79.20794, 43.733], [-79.2079, 43.73307], [-79.20785, 43.73314], [-79.2078, 43.73318], [-79.20774, 43.73323], [-79.20768, 43.73328], [-79.20759, 43.73335], [-79.20754, 43.73338], [-79.20749, 43.7334], [-79.20743, 43.73342], [-79.20738, 43.73344], [-79.20733, 43.73344], [-79.2073, 43.73344], [-79.20728, 43.73344], [-79.20725, 43.73341], [-79.20722, 43.73338], [-79.20718, 43.73335], [-79.20714, 43.73333], [-79.20713, 43.73332], [-79.20709, 43.73331], [-79.20706, 43.73331], [-79.20703, 43.73332], [-79.20695, 43.73333], [-79.20691, 43.73334], [-79.20687, 43.73336], [-79.20684, 43.73338], [-79.20682, 43.73339], [-79.2068, 43.73342], [-79.20679, 43.73345], [-79.20679, 43.73347], [-79.20678, 43.7335], [-79.20679, 43.73352], [-79.2068, 43.73354], [-79.20681, 43.73356], [-79.20683, 43.7336], [-79.20684, 43.73363], [-79.20686, 43.73365], [-79.20686, 43.73367], [-79.20683, 43.73372], [-79.20681, 43.73376], [-79.20677, 43.73383], [-79.2066, 43.73403], [-79.20643, 43.73419], [-79.2062, 43.73431], [-79.20608, 43.73434], [-79.20602, 43.73433], [-79.206, 43.73432], [-79.20597, 43.7343], [-79.20594, 43.73428], [-79.20591, 43.73426], [-79.20589, 43.73424], [-79.20587, 43.73423], [-79.20586, 43.73422], [-79.20583, 43.73422], [-79.20581, 43.73422], [-79.20578, 43.73423], [-79.20576, 43.73424], [-79.20574, 43.73425], [-79.20572, 43.73426], [-79.20571, 43.73428], [-79.2057, 43.7343], [-79.20569, 43.73432], [-79.20569, 43.73434], [-79.20569, 43.73435], [-79.2057, 43.73436], [-79.2057, 43.73438], [-79.20571, 43.73441], [-79.20572, 43.73442], [-79.20572, 43.73444], [-79.20573, 43.73446], [-79.20572, 43.73448], [-79.2057, 43.73453], [-79.20569, 43.73455], [-79.20568, 43.73456], [-79.20561, 43.73462], [-79.20547, 43.73471], [-79.2053, 43.7348], [-79.20524, 43.73484], [-79.20513, 43.73488], [-79.205, 43.73491], [-79.20488, 43.73495], [-79.20471, 43.735], [-79.2046, 43.73503], [-79.20441, 43.7351], [-79.20423, 43.73516], [-79.20403, 43.73522], [-79.20383, 43.73528], [-79.20362, 43.73534], [-79.2034, 43.73541], [-79.2032, 43.73547], [-79.20298, 43.73553], [-79.20278, 43.73558], [-79.20257, 43.73565], [-79.20238, 43.73573], [-79.20221, 43.73584], [-79.20204, 43.73598], [-79.20187, 43.73609], [-79.20169, 43.73622], [-79.20152, 43.73635], [-79.20134, 43.73647], [-79.20119, 43.73661], [-79.20101, 43.73673], [-79.20082, 43.73684], [-79.20066, 43.73697], [-79.20048, 43.7371], [-79.2003, 43.7372], [-79.20012, 43.73732], [-79.19998, 43.73744], [-79.19989, 43.73749], [-79.19946, 43.73778], [-79.19936, 43.73786], [-79.1992, 43.73797], [-79.19906, 43.73807], [-79.19899, 43.73813], [-79.19886, 43.73823], [-79.19871, 43.73833], [-79.19857, 43.73844], [-79.1984, 43.73856], [-79.19823, 43.73867], [-79.19805, 43.73879], [-79.19805, 43.7388], [-79.19789, 43.73892], [-79.19771, 43.73903], [-79.19754, 43.73914], [-79.19743, 43.73928], [-79.19732, 43.73941], [-79.1972, 43.73955], [-79.19709, 43.7397], [-79.197, 43.73985], [-79.1969, 43.73999], [-79.19677, 43.74013], [-79.19665, 43.74024], [-79.19657, 43.74038], [-79.1965, 43.74052], [-79.1964, 43.74066], [-79.19637, 43.7407], [-79.19626, 43.7408], [-79.19613, 43.74093], [-79.19604, 43.74103], [-79.19595, 43.74113], [-79.19589, 43.74119], [-79.19584, 43.74123], [-79.1958, 43.74125], [-79.19575, 43.74127], [-79.19571, 43.74127], [-79.19568, 43.74127], [-79.19562, 43.74126], [-79.19559, 43.74125], [-79.19556, 43.74123], [-79.19553, 43.74123], [-79.1955, 43.74125], [-79.19541, 43.74128], [-79.19536, 43.7413], [-79.19534, 43.74131], [-79.19532, 43.74132], [-79.1953, 43.74133], [-79.19522, 43.74139], [-79.19513, 43.74149], [-79.19507, 43.74158], [-79.19503, 43.74165], [-79.19496, 43.74173], [-79.19468, 43.742], [-79.19436, 43.74231], [-79.19407, 43.74257], [-79.19385, 43.7427], [-79.19371, 43.74281], [-79.19358, 43.74289], [-79.19349, 43.74295], [-79.19334, 43.74306], [-79.19322, 43.74318], [-79.19318, 43.74322], [-79.19312, 43.74327], [-79.19303, 43.74335], [-79.19291, 43.74339], [-79.19278, 43.7435], [-79.19261, 43.7436], [-79.19249, 43.74373], [-79.19234, 43.74384], [-79.19219, 43.74396], [-79.19204, 43.74407], [-79.19189, 43.74418], [-79.19175, 43.74432], [-79.19162, 43.74439], [-79.19146, 43.7445], [-79.19134, 43.74461], [-79.19121, 43.74474], [-79.19106, 43.74486], [-79.19092, 43.74497], [-79.19079, 43.74507], [-79.19068, 43.74518], [-79.19058, 43.74528], [-79.19045, 43.74541], [-79.19032, 43.74549], [-79.19014, 43.74556], [-79.19002, 43.74565], [-79.18991, 43.74573], [-79.18985, 43.74578], [-79.18978, 43.74587], [-79.18969, 43.74592], [-79.18964, 43.74593], [-79.18954, 43.74597], [-79.18949, 43.74598], [-79.18948, 43.746], [-79.18947, 43.74601], [-79.18947, 43.74602], [-79.18947, 43.74603], [-79.1895, 43.74604], [-79.18952, 43.74605], [-79.18953, 43.74607], [-79.18954, 43.74609], [-79.18954, 43.74612], [-79.18953, 43.74616], [-79.18952, 43.74617], [-79.18935, 43.74627], [-79.18927, 43.74634], [-79.18916, 43.74641], [-79.18907, 43.74654], [-79.18897, 43.74662], [-79.18887, 43.74671], [-79.18877, 43.74678], [-79.18869, 43.74685], [-79.18863, 43.74688], [-79.18851, 43.74695], [-79.18836, 43.74702], [-79.18825, 43.7471], [-79.18816, 43.74715], [-79.18805, 43.7472], [-79.18791, 43.74727], [-79.18782, 43.74731], [-79.18769, 43.74737], [-79.18766, 43.7473], [-79.18768, 43.74727], [-79.18771, 43.74723], [-79.18778, 43.74717], [-79.18784, 43.74713], [-79.18789, 43.7471], [-79.18807, 43.74701], [-79.1881, 43.74699], [-79.18816, 43.747], [-79.18818, 43.747], [-79.18821, 43.74698], [-79.18823, 43.74695], [-79.18822, 43.74692], [-79.1882, 43.74688], [-79.18816, 43.74686], [-79.18813, 43.74684], [-79.1881, 43.74683], [-79.18806, 43.74683], [-79.18804, 43.74684], [-79.18799, 43.74686], [-79.18782, 43.74694], [-79.18766, 43.74704], [-79.18749, 43.74715], [-79.18732, 43.74726], [-79.18718, 43.74735], [-79.18709, 43.74741], [-79.18693, 43.74748], [-79.1867, 43.74756], [-79.18648, 43.74761], [-79.18635, 43.74765], [-79.18623, 43.7477], [-79.18614, 43.74775], [-79.18606, 43.74781], [-79.18598, 43.74788], [-79.18591, 43.74796], [-79.18584, 43.74806], [-79.1858, 43.74813], [-79.18577, 43.74817], [-79.18575, 43.7482], [-79.18573, 43.74821], [-79.18568, 43.74824], [-79.18558, 43.7483], [-79.18541, 43.74838], [-79.18524, 43.74847], [-79.18505, 43.74856], [-79.18486, 43.74867], [-79.18467, 43.74877], [-79.18448, 43.74886], [-79.18428, 43.74895], [-79.18408, 43.74905], [-79.18387, 43.74915], [-79.18367, 43.74924], [-79.18347, 43.74933], [-79.18328, 43.74943], [-79.18311, 43.74951], [-79.18291, 43.74963], [-79.18271, 43.74974], [-79.18252, 43.74985], [-79.18238, 43.74993], [-79.18221, 43.75003], [-79.18203, 43.75012], [-79.1819, 43.75019], [-79.18177, 43.75027], [-79.18167, 43.75034], [-79.18151, 43.75044], [-79.18141, 43.7505], [-79.1813, 43.75057], [-79.18119, 43.75064], [-79.18101, 43.75075], [-79.18084, 43.75086], [-79.18077, 43.7509], [-79.18072, 43.75092], [-79.18067, 43.75091], [-79.18064, 43.7509], [-79.18061, 43.75092], [-79.1806, 43.75094], [-79.1806, 43.75096], [-79.18062, 43.75099], [-79.18064, 43.751], [-79.18067, 43.75101], [-79.18071, 43.75102], [-79.18073, 43.75102], [-79.18074, 43.75102], [-79.18071, 43.7511], [-79.18069, 43.75115], [-79.18065, 43.7512], [-79.18062, 43.75125], [-79.18059, 43.75127], [-79.18053, 43.75131], [-79.18049, 43.75134], [-79.18044, 43.75136], [-79.18041, 43.75137], [-79.18037, 43.75138], [-79.1803, 43.7514], [-79.18026, 43.7514], [-79.18022, 43.7514], [-79.18019, 43.7514], [-79.18016, 43.75139], [-79.18013, 43.75138], [-79.18011, 43.75136], [-79.18015, 43.75134], [-79.18016, 43.75134], [-79.18017, 43.75133], [-79.18017, 43.75132], [-79.18017, 43.75131], [-79.18016, 43.7513], [-79.18015, 43.7513], [-79.18013, 43.7513], [-79.18009, 43.75131], [-79.18003, 43.75133], [-79.17975, 43.75151], [-79.17975, 43.75153], [-79.17975, 43.75155], [-79.17976, 43.75157], [-79.17977, 43.75158], [-79.17978, 43.75158], [-79.1798, 43.75159], [-79.17981, 43.75161], [-79.17978, 43.75165], [-79.17975, 43.75168], [-79.17969, 43.75173], [-79.17963, 43.75177], [-79.17957, 43.75181], [-79.17948, 43.75184], [-79.17939, 43.75186], [-79.17933, 43.75186], [-79.17926, 43.75187], [-79.17922, 43.75187], [-79.1792, 43.75188], [-79.17918, 43.75189], [-79.17921, 43.75194], [-79.17923, 43.75202], [-79.17915, 43.75208], [-79.17908, 43.75213], [-79.17901, 43.75218], [-79.17894, 43.75221], [-79.17883, 43.75225], [-79.17875, 43.75228], [-79.17872, 43.7523], [-79.17869, 43.75231], [-79.17868, 43.75233], [-79.17867, 43.75235], [-79.17867, 43.75239], [-79.17864, 43.75239], [-79.1786, 43.75239], [-79.17856, 43.75239], [-79.1785, 43.75238], [-79.17847, 43.75237], [-79.17845, 43.75236], [-79.17841, 43.75235], [-79.17837, 43.75234], [-79.17832, 43.75231], [-79.1783, 43.75229], [-79.17828, 43.75229], [-79.17826, 43.7523], [-79.17825, 43.75231], [-79.17827, 43.75234], [-79.17829, 43.75236], [-79.1783, 43.75238], [-79.17822, 43.75246], [-79.17807, 43.75254], [-79.17795, 43.7526], [-79.17788, 43.75263], [-79.17775, 43.75268], [-79.17762, 43.7527], [-79.17753, 43.75272], [-79.17745, 43.75272], [-79.17743, 43.75272], [-79.17735, 43.75268], [-79.17733, 43.75268], [-79.17731, 43.75268], [-79.17729, 43.75269], [-79.17729, 43.7527], [-79.1773, 43.75272], [-79.17734, 43.75274], [-79.17736, 43.75276], [-79.1773, 43.75282], [-79.17696, 43.75299], [-79.17677, 43.7531], [-79.17642, 43.75333], [-79.17628, 43.75342], [-79.17615, 43.75349], [-79.17606, 43.75354], [-79.17596, 43.75361], [-79.17589, 43.75367], [-79.17584, 43.75373], [-79.17582, 43.75374], [-79.17564, 43.75382], [-79.17545, 43.75391], [-79.17526, 43.75399], [-79.17507, 43.75408], [-79.17489, 43.75415], [-79.17468, 43.75422], [-79.1745, 43.75429], [-79.1743, 43.75436], [-79.17412, 43.75444], [-79.17393, 43.75451], [-79.17373, 43.75458], [-79.17353, 43.75467], [-79.17332, 43.75473], [-79.17313, 43.75479], [-79.17294, 43.75483], [-79.17275, 43.75487], [-79.17254, 43.75495], [-79.17234, 43.75504], [-79.17214, 43.75511], [-79.17192, 43.75518], [-79.17173, 43.75525], [-79.17153, 43.75531], [-79.17133, 43.75539], [-79.17116, 43.7555], [-79.17094, 43.75557], [-79.17076, 43.75563], [-79.17074, 43.75563], [-79.17052, 43.75571], [-79.17032, 43.75579], [-79.17012, 43.75586], [-79.16991, 43.75593], [-79.16972, 43.75597], [-79.16952, 43.75604], [-79.16932, 43.7561], [-79.16911, 43.75615], [-79.16888, 43.75622], [-79.16868, 43.75627], [-79.16846, 43.75633], [-79.16827, 43.7564], [-79.16809, 43.75649], [-79.16791, 43.75658], [-79.16774, 43.75666], [-79.16756, 43.75674], [-79.16739, 43.7568], [-79.16728, 43.75683], [-79.16634, 43.75697], [-79.16617, 43.757], [-79.16599, 43.75704], [-79.16581, 43.75708], [-79.16563, 43.75712], [-79.16546, 43.75717], [-79.16528, 43.75719], [-79.1651, 43.75722], [-79.16492, 43.75726], [-79.16475, 43.75731], [-79.16457, 43.75735], [-79.16439, 43.75739], [-79.16421, 43.75742], [-79.16403, 43.75746], [-79.16386, 43.75748], [-79.16369, 43.75749], [-79.16351, 43.75751], [-79.16335, 43.75753], [-79.16318, 43.75758], [-79.16304, 43.75762], [-79.16286, 43.75766], [-79.16272, 43.75769], [-79.16256, 43.75775], [-79.16241, 43.75779], [-79.16224, 43.75783], [-79.16208, 43.75789], [-79.16192, 43.75795], [-79.16175, 43.758], [-79.16158, 43.75803], [-79.16141, 43.75805], [-79.16125, 43.75809], [-79.16109, 43.75813], [-79.16094, 43.75817], [-79.16076, 43.7582], [-79.16061, 43.75822], [-79.16044, 43.75826], [-79.16033, 43.75831], [-79.16007, 43.75845], [-79.15979, 43.75851], [-79.15949, 43.75856], [-79.15923, 43.75862], [-79.15898, 43.75869], [-79.15863, 43.75874], [-79.15826, 43.75878], [-79.15793, 43.75885], [-79.15768, 43.75889], [-79.15747, 43.75891], [-79.15727, 43.75891], [-79.15719, 43.75891], [-79.1571, 43.75898], [-79.15687, 43.75902], [-79.15644, 43.75905], [-79.15612, 43.75907], [-79.15572, 43.75912], [-79.15531, 43.75913], [-79.15482, 43.75911], [-79.15446, 43.75909], [-79.15413, 43.7591], [-79.15383, 43.75908], [-79.15366, 43.7591], [-79.15344, 43.7591], [-79.15323, 43.7591], [-79.15296, 43.75919], [-79.15277, 43.75928], [-79.15253, 43.75946], [-79.15232, 43.75959], [-79.15223, 43.75966], [-79.15213, 43.75974], [-79.15201, 43.75981], [-79.15188, 43.75989], [-79.15175, 43.75996], [-79.15163, 43.76005], [-79.15152, 43.76015], [-79.15142, 43.76027], [-79.15132, 43.76037], [-79.15123, 43.76049], [-79.15113, 43.76061], [-79.15102, 43.76073], [-79.15092, 43.76085], [-79.15082, 43.76097], [-79.15072, 43.76108], [-79.15064, 43.76119], [-79.15057, 43.76132], [-79.15032, 43.76155], [-79.15012, 43.7618], [-79.14994, 43.762], [-79.14982, 43.76211], [-79.14966, 43.76227], [-79.14949, 43.76247], [-79.14942, 43.76262], [-79.14933, 43.76274], [-79.14914, 43.76295], [-79.14913, 43.76296], [-79.149, 43.76313], [-79.14886, 43.76327], [-79.14874, 43.76342], [-79.14862, 43.76355], [-79.14848, 43.76367], [-79.14833, 43.76382], [-79.14819, 43.76397], [-79.14803, 43.76411], [-79.14789, 43.76425], [-79.14775, 43.76438], [-79.14771, 43.76442], [-79.14765, 43.76452], [-79.1476, 43.76459], [-79.14755, 43.76462], [-79.14749, 43.76466], [-79.14744, 43.7647], [-79.14739, 43.76479], [-79.14731, 43.76492], [-79.14722, 43.76503], [-79.14712, 43.76512], [-79.147, 43.76524], [-79.14692, 43.76529], [-79.14682, 43.76538], [-79.14673, 43.76547], [-79.1466, 43.76557], [-79.1465, 43.76566], [-79.14641, 43.76574], [-79.14635, 43.76578], [-79.14628, 43.76581], [-79.14622, 43.76585], [-79.14616, 43.76588], [-79.14606, 43.7659], [-79.14584, 43.76596], [-79.14579, 43.76597], [-79.14573, 43.76598], [-79.14568, 43.76599], [-79.14564, 43.766], [-79.14559, 43.76602], [-79.14556, 43.76605], [-79.14554, 43.76607], [-79.14551, 43.7661], [-79.14547, 43.76613], [-79.14543, 43.76616], [-79.14541, 43.76618], [-79.14541, 43.76619], [-79.14541, 43.7662], [-79.14511, 43.76637], [-79.14475, 43.76659], [-79.14464, 43.76665], [-79.14457, 43.76669], [-79.14447, 43.76676], [-79.1442, 43.76696], [-79.14414, 43.76701], [-79.14402, 43.76719], [-79.1439, 43.7673], [-79.14376, 43.76742], [-79.14362, 43.76748], [-79.14355, 43.76755], [-79.14347, 43.76765], [-79.14329, 43.7678], [-79.14317, 43.7679], [-79.143, 43.76804], [-79.14281, 43.76814], [-79.14271, 43.76829], [-79.14257, 43.7684], [-79.14244, 43.76853], [-79.14234, 43.76866], [-79.14213, 43.7688], [-79.142, 43.7689], [-79.14182, 43.76899], [-79.14167, 43.76906], [-79.14155, 43.76909], [-79.14141, 43.76911], [-79.14129, 43.76912], [-79.14117, 43.76912], [-79.141, 43.76909], [-79.14085, 43.76903], [-79.14074, 43.76894], [-79.14097, 43.76875], [-79.14098, 43.76873], [-79.14098, 43.76871], [-79.14096, 43.76869], [-79.14095, 43.76868], [-79.14093, 43.76868], [-79.14089, 43.76868], [-79.14087, 43.76869], [-79.14029, 43.76916], [-79.14029, 43.76918], [-79.1403, 43.7692], [-79.14031, 43.76921], [-79.14033, 43.76922], [-79.14035, 43.76923], [-79.14038, 43.76922], [-79.14039, 43.76921], [-79.14055, 43.7691], [-79.14057, 43.76911], [-79.1406, 43.76916], [-79.1406, 43.76919], [-79.14056, 43.76918], [-79.14052, 43.76918], [-79.14048, 43.76923], [-79.14046, 43.7693], [-79.14018, 43.76982], [-79.14005, 43.76998], [-79.13972, 43.77019], [-79.13943, 43.77033], [-79.13929, 43.77039], [-79.13918, 43.77042], [-79.13907, 43.77043], [-79.13897, 43.77045], [-79.1389, 43.77049], [-79.13879, 43.7705], [-79.1387, 43.77043], [-79.13867, 43.77039], [-79.13893, 43.77016], [-79.13894, 43.77013], [-79.13894, 43.77011], [-79.13893, 43.7701], [-79.13892, 43.77009], [-79.13891, 43.77008], [-79.13889, 43.77007], [-79.13888, 43.77007], [-79.13886, 43.77007], [-79.13884, 43.77007], [-79.13883, 43.77008], [-79.13881, 43.77009], [-79.13879, 43.7701], [-79.13821, 43.77065], [-79.1382, 43.77067], [-79.1382, 43.77068], [-79.1382, 43.77069], [-79.13821, 43.77071], [-79.13822, 43.77071], [-79.13823, 43.77072], [-79.13825, 43.77072], [-79.13827, 43.77073], [-79.13828, 43.77073], [-79.13829, 43.77073], [-79.13831, 43.77073], [-79.13833, 43.77071], [-79.13843, 43.77062], [-79.13854, 43.77068], [-79.13858, 43.77074], [-79.1386, 43.77081], [-79.13858, 43.77088], [-79.13857, 43.77094], [-79.13851, 43.77104], [-79.13843, 43.77116], [-79.13832, 43.7713], [-79.1382, 43.7714], [-79.13811, 43.77146], [-79.138, 43.77152], [-79.13779, 43.7716], [-79.13764, 43.77161], [-79.13754, 43.77159], [-79.13744, 43.77157], [-79.13734, 43.77152], [-79.13746, 43.7714], [-79.13747, 43.77137], [-79.13748, 43.77136], [-79.13747, 43.77134], [-79.13745, 43.77133], [-79.13744, 43.77132], [-79.13742, 43.77131], [-79.13739, 43.77132], [-79.13735, 43.77134], [-79.13694, 43.77177], [-79.13693, 43.7718], [-79.13694, 43.77181], [-79.13695, 43.77182], [-79.13697, 43.77183], [-79.13699, 43.77184], [-79.13702, 43.77184], [-79.13705, 43.77183], [-79.13713, 43.77175], [-79.13719, 43.77179], [-79.13724, 43.77184], [-79.13725, 43.77189], [-79.13724, 43.77196], [-79.13721, 43.77206], [-79.13709, 43.77226], [-79.13695, 43.77245], [-79.13679, 43.77265], [-79.13657, 43.77281], [-79.13643, 43.77287], [-79.13631, 43.77289], [-79.1362, 43.7729], [-79.1361, 43.77288], [-79.13599, 43.77284], [-79.13607, 43.77275], [-79.13608, 43.77272], [-79.13607, 43.7727], [-79.13604, 43.77269], [-79.13601, 43.77268], [-79.13598, 43.77269], [-79.13596, 43.7727], [-79.13559, 43.77309], [-79.13557, 43.77312], [-79.13558, 43.77313], [-79.13561, 43.77315], [-79.13564, 43.77316], [-79.13567, 43.77315], [-79.1357, 43.77313], [-79.13576, 43.77308], [-79.13582, 43.77309], [-79.13589, 43.77317], [-79.13591, 43.77323], [-79.13587, 43.77337], [-79.13579, 43.7735], [-79.1356, 43.77377], [-79.13541, 43.77398], [-79.13525, 43.77408], [-79.13515, 43.77413], [-79.13507, 43.77415], [-79.135, 43.77416], [-79.13493, 43.77417], [-79.13486, 43.77417], [-79.13482, 43.77416], [-79.13481, 43.77411], [-79.1348, 43.77408], [-79.13478, 43.77405], [-79.13476, 43.77401], [-79.13472, 43.77396], [-79.13469, 43.77393], [-79.13463, 43.7739], [-79.13458, 43.77389], [-79.13451, 43.77387], [-79.13443, 43.77387], [-79.13437, 43.77388], [-79.13433, 43.77389], [-79.13429, 43.7739], [-79.13422, 43.77392], [-79.13419, 43.77394], [-79.13414, 43.77397], [-79.13409, 43.77401], [-79.13406, 43.77406], [-79.13404, 43.7741], [-79.13401, 43.77414], [-79.134, 43.77417], [-79.13399, 43.77422], [-79.134, 43.77426], [-79.13404, 43.77439], [-79.13407, 43.77446], [-79.13406, 43.77463], [-79.13404, 43.77468], [-79.13401, 43.77471], [-79.13403, 43.77472], [-79.13409, 43.77477], [-79.13407, 43.77479], [-79.13402, 43.77477], [-79.13399, 43.77476], [-79.13397, 43.77475], [-79.13395, 43.77477], [-79.13391, 43.77481], [-79.13385, 43.77486], [-79.1338, 43.77493], [-79.13377, 43.77497], [-79.13375, 43.77502], [-79.13374, 43.77506], [-79.13373, 43.77512], [-79.13374, 43.77518], [-79.13376, 43.77526], [-79.13377, 43.7753], [-79.13377, 43.77532], [-79.13381, 43.77536], [-79.13388, 43.7754], [-79.13393, 43.77543], [-79.13399, 43.77545], [-79.13405, 43.77548], [-79.13406, 43.77553], [-79.13398, 43.77564], [-79.13387, 43.77576], [-79.13379, 43.77585], [-79.13324, 43.77634], [-79.13319, 43.77639], [-79.13315, 43.77642], [-79.13302, 43.77651], [-79.13298, 43.77653], [-79.13296, 43.77654], [-79.13295, 43.77655], [-79.13294, 43.77655], [-79.13292, 43.77655], [-79.13288, 43.77653], [-79.13279, 43.77649], [-79.13275, 43.77648], [-79.13274, 43.77648], [-79.13273, 43.77648], [-79.13272, 43.77648], [-79.13271, 43.77649], [-79.13271, 43.77651], [-79.13272, 43.77652], [-79.13281, 43.77657], [-79.13281, 43.77659], [-79.1328, 43.77662], [-79.13277, 43.77666], [-79.13275, 43.77671], [-79.13271, 43.77675], [-79.13268, 43.77678], [-79.13266, 43.77684], [-79.13264, 43.77685], [-79.13264, 43.77686], [-79.13259, 43.77692], [-79.13252, 43.777], [-79.13242, 43.7771], [-79.13234, 43.77719], [-79.13228, 43.77727], [-79.13218, 43.7774], [-79.13213, 43.77748], [-79.13211, 43.77749], [-79.13207, 43.77746], [-79.13206, 43.77745], [-79.13205, 43.77744], [-79.13202, 43.77746], [-79.13201, 43.77748], [-79.132, 43.77749], [-79.13199, 43.77749], [-79.13199, 43.7775], [-79.132, 43.77751], [-79.132, 43.77752], [-79.13201, 43.77752], [-79.13202, 43.77752], [-79.13204, 43.77753], [-79.13202, 43.77756], [-79.13201, 43.77757], [-79.13198, 43.77759], [-79.13195, 43.7776], [-79.13181, 43.77774], [-79.13165, 43.77788], [-79.13151, 43.77801], [-79.13135, 43.77811], [-79.13115, 43.77826], [-79.13105, 43.77833], [-79.13089, 43.77848], [-79.13073, 43.77864], [-79.13059, 43.77884], [-79.13043, 43.77901], [-79.13036, 43.77912], [-79.1303, 43.7792], [-79.13023, 43.77929], [-79.13016, 43.77936], [-79.13005, 43.77943], [-79.12997, 43.77951], [-79.1299, 43.77962], [-79.12983, 43.77973], [-79.12974, 43.77981], [-79.1296, 43.7799], [-79.1295, 43.77997], [-79.12943, 43.78002], [-79.12938, 43.78007], [-79.12931, 43.78013], [-79.12931, 43.78019], [-79.12931, 43.78023], [-79.12931, 43.78026], [-79.1293, 43.78029], [-79.12928, 43.78032], [-79.12925, 43.78035], [-79.12924, 43.78037], [-79.1292, 43.7804], [-79.12919, 43.78041], [-79.12917, 43.78043], [-79.12915, 43.78046], [-79.12912, 43.78049], [-79.12908, 43.7805], [-79.12901, 43.78054], [-79.12893, 43.78057], [-79.12886, 43.78061], [-79.1288, 43.78065], [-79.12878, 43.78067], [-79.12877, 43.78069], [-79.12876, 43.78072], [-79.12874, 43.78074], [-79.12871, 43.78076], [-79.12864, 43.78078], [-79.12859, 43.7808], [-79.12853, 43.7808], [-79.12848, 43.78082], [-79.12844, 43.78083], [-79.12842, 43.78083], [-79.12839, 43.78083], [-79.12836, 43.78082], [-79.12833, 43.78079], [-79.12829, 43.78077], [-79.12827, 43.78076], [-79.12825, 43.78075], [-79.12822, 43.78075], [-79.12821, 43.78075], [-79.12821, 43.78076], [-79.1282, 43.78077], [-79.12821, 43.78079], [-79.12823, 43.7808], [-79.12824, 43.78081], [-79.12827, 43.78082], [-79.12828, 43.78083], [-79.12828, 43.78084], [-79.12827, 43.78086], [-79.12821, 43.78091], [-79.12817, 43.78096], [-79.12813, 43.78102], [-79.12809, 43.78109], [-79.12805, 43.78117], [-79.12802, 43.78123], [-79.12799, 43.78126], [-79.1279, 43.78138], [-79.12769, 43.78163], [-79.12732, 43.78199], [-79.12728, 43.78202], [-79.12725, 43.78204], [-79.12724, 43.78207], [-79.12717, 43.78213], [-79.12703, 43.78221], [-79.12694, 43.78223], [-79.12689, 43.78224], [-79.12681, 43.78222], [-79.12675, 43.7822], [-79.12669, 43.7822], [-79.12668, 43.78221], [-79.12669, 43.78223], [-79.12676, 43.78227], [-79.12684, 43.78233], [-79.12688, 43.78244], [-79.12687, 43.78248], [-79.12686, 43.78251], [-79.12682, 43.78261], [-79.12677, 43.78273], [-79.12669, 43.78284], [-79.12656, 43.78301], [-79.12638, 43.78321], [-79.12624, 43.78338], [-79.12611, 43.78353], [-79.12589, 43.78374], [-79.12578, 43.78384], [-79.12571, 43.78389], [-79.12568, 43.78391], [-79.12567, 43.78392], [-79.12558, 43.78394], [-79.1255, 43.78396], [-79.12545, 43.78398], [-79.12543, 43.78398], [-79.12536, 43.78399], [-79.12531, 43.784], [-79.12528, 43.784], [-79.12524, 43.784], [-79.12522, 43.784], [-79.12518, 43.78398], [-79.12513, 43.78396], [-79.12511, 43.78395], [-79.12509, 43.78394], [-79.12514, 43.78389], [-79.12517, 43.78385], [-79.12519, 43.78383], [-79.1252, 43.78382], [-79.12521, 43.78381], [-79.12521, 43.7838], [-79.1252, 43.78379], [-79.12519, 43.78378], [-79.12518, 43.78377], [-79.12516, 43.78376], [-79.12514, 43.78376], [-79.12511, 43.78377], [-79.12459, 43.78426], [-79.12459, 43.78428], [-79.12459, 43.7843], [-79.1246, 43.78431], [-79.12462, 43.78432], [-79.12463, 43.78432], [-79.12466, 43.78432], [-79.12467, 43.78432], [-79.12468, 43.78432], [-79.12487, 43.78415], [-79.12493, 43.78425], [-79.12494, 43.78437], [-79.1249, 43.78454], [-79.12482, 43.78467], [-79.12473, 43.78483], [-79.12463, 43.78496], [-79.12454, 43.78502], [-79.12445, 43.78509], [-79.12436, 43.78512], [-79.12428, 43.78515], [-79.12424, 43.78516], [-79.1242, 43.78516], [-79.12415, 43.78515], [-79.12411, 43.78514], [-79.12419, 43.78502], [-79.1242, 43.785], [-79.1242, 43.78499], [-79.12419, 43.78498], [-79.12417, 43.78497], [-79.12416, 43.78496], [-79.12414, 43.78496], [-79.12412, 43.78496], [-79.12411, 43.78496], [-79.12409, 43.78497], [-79.12406, 43.785], [-79.12376, 43.78541], [-79.12375, 43.78542], [-79.12375, 43.78544], [-79.12375, 43.78545], [-79.12377, 43.78546], [-79.12379, 43.78547], [-79.1238, 43.78547], [-79.12382, 43.78547], [-79.12383, 43.78547], [-79.12386, 43.78545], [-79.12388, 43.78543], [-79.12391, 43.78539], [-79.12392, 43.78539], [-79.12399, 43.78541], [-79.124, 43.78557], [-79.12396, 43.7857], [-79.12384, 43.78589], [-79.12375, 43.78603], [-79.12365, 43.78613], [-79.12349, 43.7862], [-79.12334, 43.78616], [-79.12336, 43.78614], [-79.12338, 43.78613], [-79.12338, 43.78611], [-79.12338, 43.7861], [-79.12338, 43.78609], [-79.12336, 43.78607], [-79.12334, 43.78607], [-79.12332, 43.78607], [-79.1233, 43.78607], [-79.12328, 43.78607], [-79.12325, 43.78609], [-79.12284, 43.78647], [-79.12284, 43.78649], [-79.12285, 43.7865], [-79.12286, 43.78652], [-79.12287, 43.78653], [-79.12289, 43.78653], [-79.1229, 43.78653], [-79.12292, 43.78654], [-79.12293, 43.78654], [-79.12302, 43.78646], [-79.12303, 43.78645], [-79.12307, 43.78652], [-79.12308, 43.78656], [-79.1231, 43.7866], [-79.12309, 43.78666], [-79.12309, 43.78671], [-79.12305, 43.7868], [-79.12301, 43.78688], [-79.12292, 43.78702], [-79.12282, 43.78717], [-79.12279, 43.78723], [-79.1227, 43.78731], [-79.1226, 43.78738], [-79.12248, 43.7874], [-79.12241, 43.78741], [-79.12229, 43.78736], [-79.12227, 43.78735], [-79.12228, 43.78734], [-79.12229, 43.78732], [-79.12229, 43.78731], [-79.12229, 43.7873], [-79.12229, 43.78729], [-79.12228, 43.78728], [-79.12227, 43.78727], [-79.12224, 43.78726], [-79.12222, 43.78725], [-79.12221, 43.78725], [-79.12219, 43.78726], [-79.12218, 43.78727], [-79.12206, 43.78737], [-79.12175, 43.78766], [-79.12169, 43.78772], [-79.12168, 43.78773], [-79.12168, 43.78774], [-79.12168, 43.78775], [-79.12168, 43.78776], [-79.12169, 43.78778], [-79.12171, 43.78779], [-79.12172, 43.78779], [-79.12174, 43.7878], [-79.12175, 43.7878], [-79.12176, 43.7878], [-79.12178, 43.7878], [-79.12179, 43.78779], [-79.1218, 43.78778], [-79.12191, 43.78768], [-79.12192, 43.7877], [-79.12193, 43.78771], [-79.12196, 43.78773], [-79.12199, 43.78778], [-79.12201, 43.78781], [-79.12202, 43.78785], [-79.12203, 43.7879], [-79.12202, 43.78795], [-79.122, 43.78801], [-79.12197, 43.78809], [-79.12194, 43.78813], [-79.12185, 43.78824], [-79.12172, 43.7884], [-79.12164, 43.7885], [-79.1216, 43.78854], [-79.12155, 43.78858], [-79.1215, 43.7886], [-79.12144, 43.78862], [-79.12141, 43.78863], [-79.12138, 43.78862], [-79.12128, 43.7886], [-79.12124, 43.78858], [-79.12127, 43.78856], [-79.12128, 43.78854], [-79.12128, 43.78853], [-79.12128, 43.78852], [-79.12128, 43.78851], [-79.12127, 43.7885], [-79.12126, 43.78849], [-79.12125, 43.78848], [-79.12123, 43.78848], [-79.12121, 43.78848], [-79.12119, 43.78848], [-79.12118, 43.78849], [-79.121, 43.78869], [-79.12088, 43.78882], [-79.1208, 43.78891], [-79.12076, 43.78895], [-79.12075, 43.78896], [-79.12075, 43.78897], [-79.12075, 43.78899], [-79.12075, 43.789], [-79.12075, 43.78901], [-79.12077, 43.78902], [-79.12078, 43.78903], [-79.1208, 43.78903], [-79.12081, 43.78903], [-79.12083, 43.78902], [-79.12085, 43.78901], [-79.12087, 43.789], [-79.12093, 43.78894], [-79.12096, 43.78894], [-79.12097, 43.78895], [-79.12098, 43.78896], [-79.12101, 43.78903], [-79.12102, 43.78909], [-79.12104, 43.78915], [-79.12103, 43.7892], [-79.12099, 43.7893], [-79.12091, 43.78946], [-79.12089, 43.7895], [-79.12086, 43.78957], [-79.12083, 43.78962], [-79.12081, 43.78966], [-79.12077, 43.7897], [-79.12072, 43.78975], [-79.12067, 43.78979], [-79.12062, 43.78984], [-79.12057, 43.78987], [-79.12052, 43.78989], [-79.12046, 43.78991], [-79.1204, 43.78993], [-79.12033, 43.78994], [-79.12028, 43.78995], [-79.12026, 43.78994], [-79.12029, 43.78988], [-79.12031, 43.78987], [-79.12032, 43.78986], [-79.12032, 43.78984], [-79.12032, 43.78983], [-79.12032, 43.78982], [-79.12031, 43.78981], [-79.1203, 43.7898], [-79.12029, 43.78979], [-79.12027, 43.78978], [-79.12025, 43.78977], [-79.12024, 43.78977], [-79.12022, 43.78978], [-79.12021, 43.78978], [-79.12001, 43.79005], [-79.1198, 43.79033], [-79.11979, 43.79035], [-79.11979, 43.79037], [-79.11979, 43.79038], [-79.1198, 43.79039], [-79.1198, 43.7904], [-79.11982, 43.79041], [-79.11985, 43.79042], [-79.11987, 43.79042], [-79.11989, 43.79041], [-79.11991, 43.7904], [-79.11992, 43.7904], [-79.12006, 43.79021], [-79.12009, 43.79022], [-79.1202, 43.79028], [-79.12028, 43.79035], [-79.12033, 43.79041], [-79.12038, 43.79047], [-79.12042, 43.79056], [-79.12043, 43.79057], [-79.12043, 43.79059], [-79.12042, 43.7906], [-79.12039, 43.79072], [-79.12034, 43.79086], [-79.12028, 43.79101], [-79.12017, 43.79115], [-79.12008, 43.79127], [-79.11994, 43.79143], [-79.11975, 43.79164], [-79.11957, 43.79181], [-79.11934, 43.792], [-79.11899, 43.79232], [-79.1188, 43.79249], [-79.11853, 43.79282], [-79.11817, 43.79312], [-79.11791, 43.79331], [-79.11757, 43.79358], [-79.11727, 43.79391], [-79.11702, 43.79412], [-79.11695, 43.79417], [-79.11697, 43.79421], [-79.11702, 43.79425], [-79.11621, 43.79438], [-79.11594, 43.79449], [-79.11527, 43.79461], [-79.1155, 43.79473], [-79.11567, 43.7948], [-79.11594, 43.79481], [-79.11618, 43.79476], [-79.11644, 43.79466], [-79.11667, 43.79454], [-79.11676, 43.79449], [-79.11714, 43.79437], [-79.11744, 43.79434], [-79.11774, 43.79435], [-79.11811, 43.7944], [-79.11824, 43.79443], [-79.11841, 43.79448], [-79.11863, 43.79459], [-79.11864, 43.79459], [-79.11898, 43.79472], [-79.11932, 43.7948], [-79.11967, 43.79482], [-79.11999, 43.79482], [-79.12033, 43.79476], [-79.12067, 43.79473], [-79.121, 43.79474], [-79.12121, 43.79495], [-79.12123, 43.7952], [-79.12111, 43.79533], [-79.12063, 43.7955], [-79.12027, 43.79562], [-79.12018, 43.79586], [-79.12031, 43.79615], [-79.12059, 43.79645], [-79.12088, 43.79673], [-79.12117, 43.79702], [-79.12151, 43.79725], [-79.12193, 43.7974], [-79.12234, 43.79743], [-79.12273, 43.79733], [-79.12311, 43.79723], [-79.12347, 43.79718], [-79.12357, 43.7972], [-79.12385, 43.79728], [-79.12423, 43.79743], [-79.12436, 43.79773], [-79.12426, 43.79805], [-79.1242, 43.79835], [-79.12418, 43.79869], [-79.12423, 43.79901], [-79.12439, 43.79934], [-79.1246, 43.79964], [-79.12487, 43.79993], [-79.12501, 43.80001], [-79.12518, 43.80013], [-79.12557, 43.80022], [-79.12597, 43.80021], [-79.1264, 43.80016], [-79.12679, 43.80015], [-79.12725, 43.80019], [-79.12768, 43.80029], [-79.12808, 43.80044], [-79.12846, 43.80063], [-79.12881, 43.80084], [-79.12915, 43.80107], [-79.12951, 43.80127], [-79.12986, 43.80145], [-79.13023, 43.80161], [-79.13064, 43.80171], [-79.13103, 43.80178], [-79.13142, 43.80178], [-79.13162, 43.80175], [-79.13179, 43.80173], [-79.13216, 43.80163], [-79.13249, 43.80149], [-79.13283, 43.80138], [-79.13324, 43.80126], [-79.13357, 43.80114], [-79.13392, 43.80099], [-79.13427, 43.80087], [-79.13461, 43.80079], [-79.13494, 43.80072], [-79.13526, 43.80067], [-79.13543, 43.80083], [-79.13541, 43.80108], [-79.13521, 43.80132], [-79.13495, 43.80154], [-79.13466, 43.80174], [-79.13441, 43.80198], [-79.13418, 43.80222], [-79.13399, 43.80247], [-79.13377, 43.80272], [-79.13374, 43.8028], [-79.13367, 43.80296], [-79.13369, 43.80327], [-79.13388, 43.80351], [-79.13408, 43.80379], [-79.13418, 43.80392], [-79.13429, 43.80415], [-79.1343, 43.80417], [-79.13437, 43.80436], [-79.13439, 43.80443], [-79.13439, 43.80449], [-79.1344, 43.80462], [-79.1344, 43.8047], [-79.13436, 43.80495], [-79.13436, 43.80496], [-79.1343, 43.80522], [-79.13419, 43.80545], [-79.13405, 43.80569], [-79.13395, 43.80595], [-79.13391, 43.80621], [-79.13393, 43.8064], [-79.13395, 43.80646], [-79.13399, 43.80654], [-79.13401, 43.80662], [-79.13401, 43.8067], [-79.13404, 43.80679], [-79.1341, 43.80686], [-79.13422, 43.80694], [-79.13448, 43.80711], [-79.13475, 43.80731], [-79.13503, 43.80752], [-79.13531, 43.80775], [-79.13559, 43.80792], [-79.13589, 43.80804], [-79.13626, 43.80807], [-79.13657, 43.80798], [-79.13679, 43.80779], [-79.13705, 43.80771], [-79.13732, 43.80783], [-79.13761, 43.80786], [-79.13771, 43.80768], [-79.13788, 43.8075], [-79.13816, 43.80749], [-79.13831, 43.80762], [-79.13826, 43.8078], [-79.13841, 43.80796], [-79.13869, 43.80796], [-79.13895, 43.80799], [-79.13898, 43.80811], [-79.1391, 43.80821], [-79.13912, 43.80824], [-79.13914, 43.80825], [-79.13933, 43.80835], [-79.13958, 43.80844], [-79.13984, 43.8084], [-79.1401, 43.80834], [-79.14039, 43.80835], [-79.14064, 43.80845], [-79.1406, 43.80865], [-79.1407, 43.80878], [-79.14096, 43.80884], [-79.14124, 43.80891], [-79.14136, 43.80906], [-79.14158, 43.80919], [-79.14184, 43.80944], [-79.14197, 43.80964], [-79.14219, 43.80952], [-79.14246, 43.80945], [-79.14264, 43.80954], [-79.14291, 43.80948], [-79.14315, 43.80963], [-79.14311, 43.80989], [-79.14288, 43.81008], [-79.14296, 43.81025], [-79.143, 43.81049], [-79.14314, 43.81072], [-79.14343, 43.81062], [-79.14353, 43.81044], [-79.14346, 43.81025], [-79.14364, 43.81006], [-79.14405, 43.81004], [-79.14445, 43.81001], [-79.14485, 43.81], [-79.14528, 43.80999], [-79.14569, 43.81002], [-79.1461, 43.81007], [-79.14633, 43.81026], [-79.1464, 43.81048], [-79.14613, 43.81059], [-79.14613, 43.81084], [-79.14635, 43.8111], [-79.14667, 43.81134], [-79.14705, 43.81155], [-79.14737, 43.81177], [-79.14773, 43.81195], [-79.14794, 43.81213], [-79.14823, 43.81232], [-79.14864, 43.81241], [-79.14907, 43.81241], [-79.14947, 43.81248], [-79.14977, 43.81272], [-79.15007, 43.81298], [-79.15018, 43.81306], [-79.15041, 43.81322], [-79.15076, 43.81344], [-79.151, 43.81367], [-79.15123, 43.81388], [-79.15161, 43.814], [-79.15174, 43.81398], [-79.15179, 43.81409], [-79.15208, 43.81453], [-79.15216, 43.81469], [-79.15226, 43.81498], [-79.15241, 43.81542], [-79.15252, 43.81575], [-79.15259, 43.81596], [-79.15268, 43.81632], [-79.1528, 43.81672], [-79.15312, 43.81742], [-79.15404, 43.81943], [-79.1548, 43.82106], [-79.1555, 43.82258], [-79.15589, 43.82346], [-79.15678, 43.82546], [-79.15803, 43.82827], [-79.1589, 43.83021], [-79.15956, 43.83173], [-79.15986, 43.8324], [-79.15998, 43.83267], [-79.1604, 43.83364], [-79.16043, 43.8337], [-79.1605, 43.83385], [-79.1607, 43.83428], [-79.16079, 43.83448], [-79.16095, 43.83484], [-79.16157, 43.8362], [-79.16169, 43.83648], [-79.16199, 43.83714], [-79.16206, 43.83729], [-79.16247, 43.83817], [-79.1625, 43.83824], [-79.16478, 43.84333], [-79.16495, 43.84372], [-79.16528, 43.84448], [-79.16591, 43.84591], [-79.16622, 43.84659], [-79.16659, 43.84739], [-79.16685, 43.84795], [-79.16744, 43.84921], [-79.16746, 43.84925], [-79.17029, 43.85546], [-79.17114, 43.85526], [-79.17615, 43.85409], [-79.17663, 43.85398], [-79.17695, 43.85391], [-79.17757, 43.85376], [-79.18002, 43.85317], [-79.18144, 43.85283], [-79.1824, 43.85259], [-79.18526, 43.85189], [-79.18601, 43.8517], [-79.18639, 43.85161], [-79.18974, 43.85078], [-79.18989, 43.85075], [-79.19134, 43.8504], [-79.19192, 43.85026], [-79.1933, 43.84992], [-79.19503, 43.84949], [-79.19682, 43.84908], [-79.19833, 43.84873], [-79.19893, 43.8486], [-79.19928, 43.84852], [-79.19937, 43.84849], [-79.20012, 43.84831], [-79.20057, 43.84819], [-79.2045, 43.84725], [-79.20733, 43.84663], [-79.2093, 43.8462], [-79.21012, 43.84602], [-79.21041, 43.84595], [-79.21159, 43.8457], [-79.21199, 43.84561], [-79.21263, 43.84547], [-79.21484, 43.84497], [-79.21714, 43.84446], [-79.21913, 43.84402], [-79.22041, 43.84373], [-79.22344, 43.84306], [-79.22534, 43.84263], [-79.22586, 43.84252], [-79.22669, 43.84233], [-79.22781, 43.84209], [-79.22827, 43.84198], [-79.22874, 43.84188], [-79.22974, 43.84165], [-79.2322, 43.84106], [-79.2345, 43.84051], [-79.23685, 43.83996], [-79.23722, 43.83987], [-79.23925, 43.83939], [-79.23945, 43.83934], [-79.24185, 43.83879], [-79.24519, 43.83801], [-79.24528, 43.83799], [-79.24575, 43.83788], [-79.24849, 43.83724], [-79.24947, 43.83703], [-79.25119, 43.8366], [-79.25216, 43.83639], [-79.25434, 43.83588], [-79.25525, 43.83567], [-79.25615, 43.83546], [-79.26004, 43.83457], [-79.26115, 43.8343], [-79.26359, 43.83373], [-79.26635, 43.83309], [-79.26796, 43.8327], [-79.2695, 43.83235], [-79.27113, 43.83198], [-79.27207, 43.83176], [-79.2752, 43.83105], [-79.27552, 43.83097], [-79.27678, 43.83067], [-79.27775, 43.83044], [-79.27926, 43.8301], [-79.2804, 43.82984], [-79.2831, 43.82922], [-79.28472, 43.82886], [-79.28595, 43.82858], [-79.2872, 43.82829], [-79.28754, 43.8282], [-79.28948, 43.82777], [-79.29135, 43.82734], [-79.29175, 43.82725], [-79.29311, 43.82694], [-79.29397, 43.82674], [-79.29413, 43.8267], [-79.29546, 43.8264], [-79.29599, 43.82627], [-79.29659, 43.82613], [-79.29733, 43.82595], [-79.29886, 43.8256], [-79.30008, 43.82532], [-79.3007, 43.82517], [-79.30153, 43.82498], [-79.3023, 43.8248], [-79.30442, 43.82432], [-79.30508, 43.82417], [-79.30549, 43.82407], [-79.30707, 43.82369], [-79.30981, 43.82306], [-79.31226, 43.82247], [-79.31409, 43.82205], [-79.31586, 43.82163], [-79.31693, 43.82139], [-79.31809, 43.82111], [-79.31857, 43.821], [-79.32037, 43.82059], [-79.32045, 43.82057], [-79.32292, 43.81998], [-79.32444, 43.81963], [-79.32657, 43.81912], [-79.32669, 43.81909], [-79.32774, 43.81886], [-79.32847, 43.8187], [-79.32967, 43.81842], [-79.32977, 43.8184], [-79.33087, 43.81815], [-79.33088, 43.81815], [-79.33133, 43.81805], [-79.33161, 43.81799], [-79.33208, 43.81788], [-79.3347, 43.81726], [-79.33579, 43.81702], [-79.33647, 43.81686], [-79.33748, 43.81663], [-79.33908, 43.81623], [-79.33988, 43.81602], [-79.34132, 43.81565]]]}}]}