{"type": "FeatureCollection", "features": [{"type": "Feature", "properties": {"name": "Bendale-Glen Andrew", "code": "156", "centroid": [-79.25905, 43.76763]}, "geometry": {"type": "MultiPolygon", "coordinates": [[[[-79.2639184999971, 43.7517534491219], [-79.2650524988981, 43.7515217006146], [-79.265130919994, 43.7517108869423], [-79.2651960611682, 43.7519270495217], [-79.2653132609978, 43.7523233428965], [-79.2653991056988, 43.7526025562201], [-79.2655087807634, 43.7529358255329], [-79.2655755698024, 43.7531249876446], [-79.2656508674944, 43.7533231683521], [-79.2657115187809, 43.7534943153971], [-79.2657823362843, 43.7536474718475], [-79.2659046334439, 43.7539357606139], [-79.266377961113, 43.7551788757295], [-79.2666655097746, 43.7558995584476], [-79.2671796565063, 43.757259777604], [-79.2674470868918, 43.7579534045495], [-79.2678338148506, 43.7589082985827], [-79.268309456796, 43.7601513823281], [-79.2689220141988, 43.7617277754586], [-79.2692710819645, 43.7625925670535], [-79.2696876272837, 43.7636735307432], [-79.2701818122865, 43.7649526837486], [-79.2705578389592, 43.7658805603677], [-79.2707967524774, 43.7665291333222], [-79.2708529114038, 43.7666642635422], [-79.2708842859395, 43.7667813417036], [-79.2709217677883, 43.7669254356163], [-79.2709545921194, 43.7670695201797], [-79.271017033059, 43.7673846953614], [-79.2710739562901, 43.7677268539569], [-79.2711104383094, 43.7679249528153], [-79.271176429671, 43.7681368195226], [-79.2712055513398, 43.7683108884746], [-79.2712499989311, 43.7684984268371], [-79.2712932007757, 43.7686706966972], [-79.2713429922552, 43.768802195414], [-79.2713812819496, 43.7689337341085], [-79.2714540628161, 43.7691343537349], [-79.2716503999496, 43.7696573450905], [-79.2718926273041, 43.7702613391626], [-79.27197125619, 43.770447118157], [-79.2720363886553, 43.7706053896073], [-79.2723222548811, 43.7713090496111], [-79.2726212203789, 43.7720454451114], [-79.2729189985525, 43.7727462917776], [-79.2729863134598, 43.7729659909056], [-79.2733046210815, 43.7736768235152], [-79.2736822164908, 43.7746078509738], [-79.2740113785084, 43.7754393364601], [-79.2742810244812, 43.7760948297045], [-79.274517895906, 43.7766569875803], [-79.2746528927285, 43.7769446698129], [-79.2747081080243, 43.7771110210515], [-79.2747124562866, 43.7771241713129], [-79.2747726318742, 43.7772730970501], [-79.2747764602797, 43.7772824387948], [-79.274686568105, 43.7773026312405], [-79.2717864188722, 43.7779361213953], [-79.2690559158931, 43.7785026331619], [-79.2679917309303, 43.7787069193902], [-79.2660339633648, 43.7790886999785], [-79.2648739461064, 43.7793131035452], [-79.2647665409957, 43.7793338912331], [-79.2647926136218, 43.7793981861278], [-79.2639179401455, 43.7794980418001], [-79.2637077038129, 43.7795387156162], [-79.260344655302, 43.7802078259237], [-79.2579658365702, 43.7806508274994], [-79.2549798538438, 43.781222537134], [-79.2549747055855, 43.7812085293076], [-79.254945698741, 43.7811319663368], [-79.254915784363, 43.7810555724334], [-79.2549027480408, 43.7810231133309], [-79.254885161229, 43.780979348023], [-79.2548537919242, 43.7809033290295], [-79.2548327635609, 43.780853561564], [-79.2548216894262, 43.7808273804627], [-79.2548024951525, 43.7807848268478], [-79.2547991338904, 43.7807774026879], [-79.2547886666518, 43.7807516819437], [-79.2547549598681, 43.7806761799718], [-79.254720457709, 43.7806007662937], [-79.2546852339812, 43.7805256210899], [-79.2546491399756, 43.7804506540292], [-79.2546124240499, 43.7803758926473], [-79.2545748131893, 43.7803012643482], [-79.2545364930825, 43.7802269315506], [-79.2544974270143, 43.7801527591576], [-79.2544574529699, 43.7800788728366], [-79.254225318459, 43.779606965511], [-79.2542182371588, 43.7795887859558], [-79.2540314353592, 43.7791085145883], [-79.2538487143626, 43.7786517176751], [-79.2535853177931, 43.7779931926489], [-79.2535616528707, 43.7779325368427], [-79.2535594294179, 43.7779294536532], [-79.2531310096744, 43.7768285067164], [-79.2529237091824, 43.7763075217974], [-79.2525874866379, 43.7754384256406], [-79.2523969082374, 43.774952427345], [-79.2522399126702, 43.7745740923757], [-79.252190818482, 43.7744632176507], [-79.2518721140703, 43.7736494692383], [-79.2517501911385, 43.7733134341036], [-79.2516859688125, 43.7731335593639], [-79.2516377758368, 43.7729765373657], [-79.2516057019251, 43.7728626659505], [-79.2515774448402, 43.7727420159424], [-79.2515526393736, 43.7726217874813], [-79.2515305519071, 43.7725081537735], [-79.2515095262857, 43.7723930911826], [-79.2514984298459, 43.77214202457], [-79.2514255281135, 43.7719348392429], [-79.2513322064066, 43.7716015931157], [-79.251065026753, 43.7708809181929], [-79.2508105259993, 43.7701834932131], [-79.2507626036444, 43.7700521516887], [-79.2504001981713, 43.7690882357451], [-79.2502110994834, 43.7686377551217], [-79.2497371192295, 43.7674305432899], [-79.2489583102213, 43.7654215375428], [-79.2486256385713, 43.7645927071611], [-79.2482072081534, 43.7634756490909], [-79.2476087221297, 43.7619801332238], [-79.2472408503818, 43.7610341962127], [-79.2468833281571, 43.7601577159156], [-79.2468513071832, 43.7600792086824], [-79.2466700381705, 43.759619746658], [-79.2462219208282, 43.7583856261373], [-79.2459511514404, 43.7576698712965], [-79.2459118021982, 43.7575658471125], [-79.2459079781613, 43.7575568284223], [-79.245820347595, 43.7573496152546], [-79.2457512052702, 43.7571784478941], [-79.2457028731893, 43.7570433225426], [-79.2456368361459, 43.7568721620127], [-79.2455924296487, 43.7567280441544], [-79.2455557209569, 43.7566019457908], [-79.2455143812809, 43.7564668359122], [-79.2455132827067, 43.7564623328714], [-79.2454813856339, 43.7561767531073], [-79.2454718349617, 43.7559953308536], [-79.2454722635462, 43.7558971468232], [-79.2454726502577, 43.7558000518419], [-79.24545528568, 43.7557306409949], [-79.2454366117929, 43.7556185705848], [-79.2454227767629, 43.7555485285071], [-79.2467589639217, 43.755263458703], [-79.2484881216523, 43.7549162303267], [-79.2508814208945, 43.7544263971483], [-79.2509337710765, 43.7544154127661], [-79.251561113899, 43.7542838484723], [-79.2553672013358, 43.7535269475991], [-79.2559140685148, 43.7534111012293], [-79.2566446686788, 43.7532427165544], [-79.2568423952964, 43.7531970422509], [-79.2580757528628, 43.7529746025655], [-79.2585232692938, 43.7528585243665], [-79.2601357563046, 43.7525378316343], [-79.2616418956221, 43.7522168944021], [-79.2624597301909, 43.7520655406472], [-79.2639184999971, 43.7517534491219]]]]}}, {"type": "Feature", "properties": {"name": "East L'Amoreaux", "code": "148", "centroid": [-79.30533, 43.79622]}, "geometry": {"type": "MultiPolygon", "coordinates": [[[[-79.3003183478472, 43.8085926085673], [-79.300013008832, 43.8079079993742], [-79.2993930956197, 43.8065117587517], [-79.2988371337337, 43.8052776470631], [-79.2985379269201, 43.8046200566759], [-79.2982087118703, 43.8038813934053], [-79.2978393263196, 43.8030796502221], [-79.2975431212123, 43.802467058881], [-79.2974559513157, 43.8022868820613], [-79.2973393820797, 43.802079640684], [-79.2972427527285, 43.8019444615132], [-79.2970850908066, 43.8017101435974], [-79.2968877801475, 43.8014847741215], [-79.296598761874, 43.8012682332411], [-79.2956985514017, 43.801482663483], [-79.294565894317, 43.8017596858813], [-79.2942961764446, 43.8018132164684], [-79.2929971979, 43.8021259283046], [-79.2916056984135, 43.8024654510478], [-79.2913916433121, 43.8021500213954], [-79.2911984809625, 43.8018526227342], [-79.2910757268494, 43.8016363715382], [-79.29088185996, 43.8013209777887], [-79.2905541477258, 43.8006182812918], [-79.2900502726106, 43.7994291996748], [-79.2892157313504, 43.7975194161924], [-79.2885737876989, 43.7960690579961], [-79.2892080917595, 43.7959172014468], [-79.2894312829981, 43.7958366027127], [-79.2897975426057, 43.7957022599872], [-79.2902142825979, 43.7955770008824], [-79.2904397005992, 43.7955234076487], [-79.290651138476, 43.7954697883631], [-79.2913506695512, 43.7953180303623], [-79.2919894936816, 43.7952021711247], [-79.2927460358403, 43.795185534271], [-79.2931437105487, 43.7951772445859], [-79.2933200653896, 43.795159561376], [-79.2934513560152, 43.7951507975919], [-79.2946903856224, 43.7948379815122], [-79.2947670155222, 43.7948208549742], [-79.2948901182438, 43.7947933344798], [-79.2952663821198, 43.7946859865452], [-79.2955649806245, 43.7945785074756], [-79.2957704485398, 43.7944438578515], [-79.2960366280625, 43.7942733116911], [-79.2962290502283, 43.7940936322951], [-79.2963818692515, 43.7939138820203], [-79.2965886654478, 43.7936172128951], [-79.297261609633, 43.7925562838753], [-79.2974942549555, 43.7921786486782], [-79.2976932128643, 43.791899965844], [-79.2978934973713, 43.7916842929439], [-79.2981076201579, 43.7915136498089], [-79.2984708059112, 43.7913522703415], [-79.2986014433619, 43.791298493802], [-79.2988353919822, 43.7912358888597], [-79.2993832707996, 43.7911108359582], [-79.3005420340339, 43.7908338198276], [-79.3014854221839, 43.7906374282849], [-79.3022952561167, 43.7904407980003], [-79.3037820088616, 43.7900923067722], [-79.3055827109523, 43.7896813136843], [-79.3059837282957, 43.7895919837453], [-79.3062378950275, 43.7895204058109], [-79.3064376677245, 43.7894667374811], [-79.3065986570071, 43.7893950009015], [-79.3066286005538, 43.7893799836599], [-79.3067238821424, 43.7893322047595], [-79.3068980372201, 43.7892695001607], [-79.3070062061821, 43.7891976737498], [-79.3071097857841, 43.7891078372109], [-79.3072521232261, 43.789036068226], [-79.3073277457473, 43.7889461843352], [-79.3074282635397, 43.7888383400616], [-79.3075187206964, 43.7887214866154], [-79.30757956505, 43.7886405788044], [-79.3076443311467, 43.7885416752789], [-79.307696700881, 43.7884337587185], [-79.3077569350222, 43.7882988429362], [-79.3078086205179, 43.7881639217452], [-79.3078136836244, 43.7880379142803], [-79.3078404901982, 43.7879119523729], [-79.3078874870549, 43.7877860153946], [-79.3078871078919, 43.7876599987701], [-79.3079647823592, 43.7871650754734], [-79.3080111396272, 43.7869941406388], [-79.308030179934, 43.7868681566165], [-79.3080615583808, 43.7867691967395], [-79.3081349437311, 43.7866433039467], [-79.3082129428284, 43.786535430135], [-79.3082691123824, 43.7864545140807], [-79.3083377226691, 43.7863646177167], [-79.3084343291096, 43.7862657670935], [-79.3085051434923, 43.786220880042], [-79.3086327120986, 43.7861490845543], [-79.3087493926993, 43.7860862718489], [-79.3088878445679, 43.7860144942855], [-79.3090316682843, 43.7859607278187], [-79.3092228948105, 43.78589803916], [-79.3099052161094, 43.7857281632989], [-79.3109527551133, 43.7854778687243], [-79.3123051128942, 43.7885764008348], [-79.3132815649365, 43.7907906602089], [-79.313385541365, 43.7910264077861], [-79.3136831818816, 43.79171096174], [-79.3138828883606, 43.7921793461653], [-79.3140579849825, 43.792566679959], [-79.314598514869, 43.7938277167556], [-79.3150364458158, 43.7948725575896], [-79.3151464578298, 43.7952147875365], [-79.3152850500044, 43.7956020691999], [-79.3154731811127, 43.7960524385651], [-79.3156149365627, 43.7964307057487], [-79.3157661119973, 43.7967729924067], [-79.3160098520046, 43.7973314549469], [-79.3161780361764, 43.7977007627647], [-79.3163663335544, 43.7980971060068], [-79.3165376812156, 43.798457417204], [-79.3166148424058, 43.7986195522888], [-79.3166789564312, 43.7987366607667], [-79.31675549782, 43.7988537981331], [-79.3168552304951, 43.7990069681073], [-79.3169094069775, 43.7990700627793], [-79.3169945142345, 43.7991782035757], [-79.3170803922588, 43.7992863545414], [-79.3171826274761, 43.7993855214816], [-79.3172910492112, 43.7994937083436], [-79.317438955105, 43.7996379536695], [-79.3175993014715, 43.7997822186553], [-79.3177735472963, 43.7999535179447], [-79.3179129451959, 43.8000887479577], [-79.3180267183716, 43.8002239370007], [-79.3181289021155, 43.8003411142423], [-79.3181737878406, 43.8003951923936], [-79.3182433376124, 43.8005123086058], [-79.3183283674675, 43.8006474606256], [-79.318404860011, 43.8007825900132], [-79.3184805278588, 43.8009357292805], [-79.3185491721359, 43.801097849463], [-79.3186117118637, 43.8012239644292], [-79.3187460460462, 43.801494202168], [-79.319466950032, 43.803043499684], [-79.3201738158301, 43.8046197824974], [-79.3206245952622, 43.8055746090416], [-79.3206770573872, 43.805690598712], [-79.3152129022423, 43.8068919683118], [-79.3107943193601, 43.8078632585553], [-79.3099576196081, 43.8080591566672], [-79.3093467959905, 43.8082021661025], [-79.3093957889102, 43.8083515582248], [-79.3090305367686, 43.8082762122853], [-79.3068491172323, 43.8087863927765], [-79.3064140999468, 43.8088881793872], [-79.3060523970372, 43.8089683420997], [-79.3058738587211, 43.8090079138921], [-79.3010123373609, 43.810085212497], [-79.3007595906537, 43.8095294848765], [-79.3004693520084, 43.8089132397518], [-79.3003183478472, 43.8085926085673]]]]}}, {"type": "Feature", "properties": {"name": "L'Amoreaux West", "code": "147", "centroid": [-79.32008, 43.78964]}, "geometry": {"type": "MultiPolygon", "coordinates": [[[[-79.3216481179138, 43.7755845819488], [-79.3230171105627, 43.7752446208589], [-79.3241705927102, 43.7777430889501], [-79.3242315376932, 43.7778750406544], [-79.3250426671551, 43.7795864239112], [-79.325395308224, 43.7803520163125], [-79.3262851724155, 43.7822345951518], [-79.3264074835539, 43.7824924839354], [-79.3269559148022, 43.7836487481781], [-79.3270579872178, 43.7838741024114], [-79.3272251961382, 43.7842432223519], [-79.3279335961477, 43.7857295162435], [-79.3279979405732, 43.7858645312639], [-79.329005285243, 43.7879993228498], [-79.3295865085176, 43.789251358548], [-79.330787882511, 43.7917643710237], [-79.331412429486, 43.7931064630917], [-79.3318284859423, 43.7940161724994], [-79.3322884773019, 43.7950609526911], [-79.3326935997588, 43.7959663850616], [-79.3329453610197, 43.7965290448562], [-79.3334069694395, 43.797564794324], [-79.3336332068739, 43.798051166701], [-79.3342013762446, 43.7993211149879], [-79.3346948254954, 43.8004305161184], [-79.3348583532276, 43.800798205331], [-79.3351201214223, 43.801374628035], [-79.3353840702956, 43.8020050779449], [-79.3355355837954, 43.8023292553739], [-79.3304593709085, 43.8034904801495], [-79.3270531612939, 43.8042695358337], [-79.3250691796574, 43.8047247181951], [-79.3236226320464, 43.8050428536603], [-79.3206770573872, 43.805690598712], [-79.3206245952622, 43.8055746090416], [-79.3201738158301, 43.8046197824974], [-79.319466950032, 43.803043499684], [-79.3187460460462, 43.801494202168], [-79.3186117118637, 43.8012239644292], [-79.3185491721359, 43.801097849463], [-79.3184805278588, 43.8009357292805], [-79.318404860011, 43.8007825900132], [-79.3183283674675, 43.8006474606256], [-79.3182433376124, 43.8005123086058], [-79.3181737878406, 43.8003951923936], [-79.3181289021155, 43.8003411142423], [-79.3180267183716, 43.8002239370007], [-79.3179129451959, 43.8000887479577], [-79.3177735472963, 43.7999535179447], [-79.3175993014715, 43.7997822186553], [-79.317438955105, 43.7996379536695], [-79.3172910492112, 43.7994937083436], [-79.3171826274761, 43.7993855214816], [-79.3170803922588, 43.7992863545414], [-79.3169945142345, 43.7991782035757], [-79.3169094069775, 43.7990700627793], [-79.3168552304951, 43.7990069681073], [-79.31675549782, 43.7988537981331], [-79.3166789564312, 43.7987366607667], [-79.3166148424058, 43.7986195522888], [-79.3165376812156, 43.798457417204], [-79.3163663335544, 43.7980971060068], [-79.3161780361764, 43.7977007627647], [-79.3160098520046, 43.7973314549469], [-79.3157661119973, 43.7967729924067], [-79.3156149365627, 43.7964307057487], [-79.3154731811127, 43.7960524385651], [-79.3152850500044, 43.7956020691999], [-79.3151464578298, 43.7952147875365], [-79.3150364458158, 43.7948725575896], [-79.314598514869, 43.7938277167556], [-79.3140579849825, 43.792566679959], [-79.3138828883606, 43.7921793461653], [-79.3136831818816, 43.79171096174], [-79.313385541365, 43.7910264077861], [-79.3132815649365, 43.7907906602089], [-79.3123051128942, 43.7885764008348], [-79.3109527551133, 43.7854778687243], [-79.3124104666603, 43.7851472011734], [-79.3129513073958, 43.7850130613847], [-79.3144369541614, 43.7846734125247], [-79.3147887778861, 43.7845950611388], [-79.3149026526271, 43.7845687912444], [-79.3149880557545, 43.7845490099843], [-79.3151038368791, 43.7845209067412], [-79.3152292778203, 43.7844907577349], [-79.3153188899053, 43.7844677966255], [-79.3154529525286, 43.7844337728087], [-79.3155069940145, 43.7844188641445], [-79.315586619973, 43.7843948785762], [-79.3156843455028, 43.7843635952082], [-79.3157733956528, 43.7843333509073], [-79.315864627975, 43.7843004907187], [-79.3159312363319, 43.7842754488046], [-79.3159790780062, 43.7842564524119], [-79.3160318844344, 43.784234997676], [-79.316093437638, 43.7842094254636], [-79.3161543188394, 43.7841841941805], [-79.3162485760231, 43.7841452447729], [-79.3164857620763, 43.7840286019327], [-79.3166902360758, 43.7839236526353], [-79.3168770892041, 43.783795199744], [-79.3170459256139, 43.7836874563516], [-79.3171892401, 43.7835804819919], [-79.3173083038029, 43.7834893647181], [-79.3173923621344, 43.7834167427636], [-79.3181964394322, 43.7827621828664], [-79.318291389073, 43.7826903246606], [-79.3184315381335, 43.782564531287], [-79.3186012350005, 43.7824207823377], [-79.3187281072087, 43.7823219709735], [-79.3188503076887, 43.7822231520624], [-79.3189849314429, 43.7821243526951], [-79.3190900067089, 43.7820435087027], [-79.319254837147, 43.7819717602772], [-79.3193482042118, 43.7819088998318], [-79.3194850266666, 43.7818551091026], [-79.3196925290277, 43.7817924195818], [-79.3198712535263, 43.7817476956371], [-79.3201649893357, 43.7816761489798], [-79.3197979581907, 43.7808114782528], [-79.3194664794647, 43.7800008603056], [-79.3191826313901, 43.7793703397572], [-79.3185912095795, 43.7780241077344], [-79.3185411915332, 43.777910244701], [-79.3185178481558, 43.7778571188093], [-79.3185121337824, 43.7778447511459], [-79.3183844046997, 43.7775688787882], [-79.3182377299815, 43.7772896097134], [-79.3180716797594, 43.7770013174395], [-79.3177641433021, 43.7765147828929], [-79.318789749631, 43.7762643270757], [-79.3203148780355, 43.7759065985125], [-79.3204080998681, 43.7758887337081], [-79.3216481179138, 43.7755845819488]]]]}}, {"type": "Feature", "properties": {"name": "Malvern East", "code": "146", "centroid": [-79.21584, 43.80205]}, "geometry": {"type": "MultiPolygon", "coordinates": [[[[-79.2346231156842, 43.7857834565037], [-79.2352915140308, 43.7855980797733], [-79.235368162585, 43.785786300152], [-79.2354004643857, 43.7858655939978], [-79.2354447994711, 43.7859744574382], [-79.235492310088, 43.7860788906453], [-79.2355408027183, 43.7861832540938], [-79.2355900426907, 43.7862872321998], [-79.2356402895738, 43.7863911316014], [-79.2356914203966, 43.7864946639764], [-79.2357435212622, 43.7865980275479], [-79.2357965055997, 43.786701132103], [-79.2358503607109, 43.7868040406191], [-79.2359033457295, 43.7869070731134], [-79.2359445362321, 43.786979879504], [-79.2359848437745, 43.7870528908655], [-79.2360000514526, 43.7870811715747], [-79.2360242678391, 43.7871262242124], [-79.2360628589139, 43.7871996996394], [-79.2361006784067, 43.7872734793096], [-79.2361377515606, 43.7873474732707], [-79.2361739667091, 43.7874216452611], [-79.236209311504, 43.7874959772508], [-79.2362437729238, 43.7875706042276], [-79.2362774882316, 43.787645391492], [-79.2363103203567, 43.7877204287398], [-79.2363424190267, 43.7877955722988], [-79.2363733017289, 43.7878703529976], [-79.2365171465002, 43.7882207660176], [-79.2365224861199, 43.7882356212057], [-79.2365715073324, 43.7883703732419], [-79.237058521536, 43.789554469277], [-79.2374588146507, 43.7905364953557], [-79.2377621333321, 43.7913292735849], [-79.2378233394338, 43.7915117859835], [-79.2379645319677, 43.7919327957683], [-79.238290792695, 43.7927705496506], [-79.2384031078859, 43.7930589240089], [-79.2386576888806, 43.7936355698199], [-79.2387529832705, 43.7938698170777], [-79.2349315661683, 43.7946621997229], [-79.2323577694651, 43.7951785099636], [-79.2321813548101, 43.7952139031931], [-79.2303218265812, 43.7955947338748], [-79.2300086006161, 43.7956588834904], [-79.2294418601941, 43.7957835680432], [-79.2275427920097, 43.7961481208346], [-79.2230347367465, 43.7970373887356], [-79.2182256789492, 43.7979977549342], [-79.2176658636869, 43.7981223981034], [-79.2178088146512, 43.7984545415328], [-79.2178838025974, 43.7986441282741], [-79.2180981903626, 43.7992188748288], [-79.2181426836995, 43.7993529122463], [-79.2181926306429, 43.7994689068421], [-79.2182306936655, 43.7995803715556], [-79.2182586899747, 43.7996761134847], [-79.2182911107613, 43.7997744496328], [-79.2183088356731, 43.7998424877836], [-79.2183257939201, 43.7999202992579], [-79.2183470941159, 43.800023558594], [-79.218348806952, 43.8000927994294], [-79.2183569289477, 43.8001654134759], [-79.21836269062, 43.8002325490237], [-79.2183690901227, 43.8002935383775], [-79.2183710869082, 43.8003711239467], [-79.2183727997375, 43.8004403737787], [-79.2183641303493, 43.8005239638124], [-79.2183609483584, 43.8006087375122], [-79.2183480468646, 43.8007016872779], [-79.2183349778343, 43.800782674141], [-79.2183193526788, 43.8008654549252], [-79.2183029764838, 43.8009387916817], [-79.2182822426079, 43.8010058889196], [-79.2182625717069, 43.8010715665966], [-79.2182488430156, 43.801139500197], [-79.2182071223608, 43.8012269602154], [-79.2181427016095, 43.8013423397117], [-79.2180713024576, 43.8015145350123], [-79.2178627622988, 43.8019481712862], [-79.2177995580753, 43.8020741028862], [-79.2177509562109, 43.8021763075636], [-79.2175444755317, 43.8026070769355], [-79.2174339802872, 43.8028228935884], [-79.2173866868546, 43.8029320051875], [-79.2173345140481, 43.80303741424], [-79.217285815342, 43.8031624542912], [-79.2172570113424, 43.80327221464], [-79.2172271353693, 43.8033641771236], [-79.2172172052246, 43.803403712453], [-79.2172076546579, 43.8034418175432], [-79.2171957802523, 43.8035141211171], [-79.2171718640001, 43.8036467833655], [-79.2171642271911, 43.8037481350141], [-79.2171634001396, 43.8038575775121], [-79.217171505133, 43.8039493999293], [-79.2171738759566, 43.8040316939775], [-79.2171916764257, 43.8041153223664], [-79.2171962947943, 43.8041875047218], [-79.2172069508632, 43.804239134472], [-79.2172101590436, 43.8042888375563], [-79.2172220332259, 43.8043509836183], [-79.2172500089405, 43.8044274992863], [-79.2172819510361, 43.80452474532], [-79.2173234142801, 43.8046402511468], [-79.2173675130833, 43.8047503628065], [-79.217420840517, 43.8048511721128], [-79.2174668750038, 43.8049409280003], [-79.2174826508953, 43.8049716877945], [-79.2175470088073, 43.8050712191431], [-79.2176174803201, 43.8051657789433], [-79.2176939863477, 43.8052589674334], [-79.2177560884664, 43.8053494019647], [-79.2181546146001, 43.8058717658163], [-79.218522227949, 43.8063723054206], [-79.2186543184457, 43.8065369819291], [-79.2189510760324, 43.8069382524405], [-79.2194682601821, 43.8076247414726], [-79.2195339246432, 43.8077119793511], [-79.2196449120826, 43.8078430107545], [-79.2197402669211, 43.8079415637224], [-79.2198343911138, 43.8080295822967], [-79.2199416201909, 43.8081326377515], [-79.220028959087, 43.8082125835447], [-79.2201428734414, 43.8083081392599], [-79.2202525460576, 43.8083938462677], [-79.2203551612247, 43.8084631358845], [-79.2204574897666, 43.808543298044], [-79.2205627282402, 43.8086072022263], [-79.2206742068138, 43.8086816888611], [-79.220820347469, 43.8087675744533], [-79.2209179701077, 43.8088175889976], [-79.2210168117054, 43.8088781287267], [-79.2211159278611, 43.8089277867025], [-79.221252467842, 43.808999030515], [-79.2213813541065, 43.809056384801], [-79.2214928367409, 43.8091116712833], [-79.2216205959515, 43.8091548818151], [-79.2216589511248, 43.8091739945688], [-79.2217532704848, 43.8092209939822], [-79.2219192059861, 43.8092952069132], [-79.2221325462997, 43.8093911375194], [-79.2225102938454, 43.8095616271258], [-79.2228129449161, 43.8096998354304], [-79.2232149243027, 43.8098804627041], [-79.223430696422, 43.8099782419939], [-79.2236391240619, 43.8100704854384], [-79.2237821590449, 43.8101414718878], [-79.2239127492564, 43.8102104388511], [-79.2240450635918, 43.8102910482549], [-79.2242119256682, 43.8103866557055], [-79.2244049218153, 43.8105159900613], [-79.2245314752818, 43.8106062971967], [-79.2245415092939, 43.8106136932849], [-79.2245144945254, 43.8106391553], [-79.2244146326675, 43.8107342272285], [-79.224315476782, 43.8108297778296], [-79.2242169781044, 43.8109255999619], [-79.224118962415, 43.8110217382121], [-79.2240329147135, 43.8111155109825], [-79.2239474492348, 43.8112096541381], [-79.2238626161547, 43.8113040687891], [-79.2237786757927, 43.8113989085849], [-79.2236953305029, 43.8114940287903], [-79.2236127294433, 43.8115894297672], [-79.2235308843401, 43.8116852645644], [-79.2234496595064, 43.8117813078275], [-79.2233692652532, 43.8118777760933], [-79.223289528563, 43.8119744529184], [-79.2232105354494, 43.8120715545386], [-79.2231322744822, 43.8121688649016], [-79.2230547694841, 43.812266609094], [-79.2230022539697, 43.8123335940326], [-79.2229779968038, 43.812364526028], [-79.2229019678754, 43.8124628317594], [-79.2228267082686, 43.8125613733328], [-79.2227521430736, 43.8126602225768], [-79.2226783466223, 43.8127594336798], [-79.2226052946406, 43.812858880569], [-79.2225330116996, 43.8129586263129], [-79.2224614482488, 43.8130586347885], [-79.2223906166374, 43.8131589240292], [-79.2223205541999, 43.813259485126], [-79.2222522313188, 43.8133601404166], [-79.2188870912883, 43.8181159674236], [-79.2183859182615, 43.8188241905682], [-79.2179748519289, 43.8194050613773], [-79.2177081120285, 43.8197819625166], [-79.2176672634469, 43.8198396936073], [-79.2176284127462, 43.8198243137759], [-79.2173818382855, 43.8197256824355], [-79.2169265611951, 43.8195435527837], [-79.2160598780315, 43.8192176516582], [-79.2158663302816, 43.8191448738828], [-79.2157073475122, 43.8190814708904], [-79.2156002989114, 43.8190452001941], [-79.2155250992539, 43.8190090086777], [-79.2154026269796, 43.8189536981024], [-79.2152506416484, 43.8188672601057], [-79.2150763902744, 43.818768164871], [-79.214927619953, 43.8186750736503], [-79.2137235056162, 43.8179216518661], [-79.2111749594524, 43.8163326675032], [-79.2093704995342, 43.8151950442436], [-79.2063960902798, 43.8133391204321], [-79.2061459061169, 43.813197466227], [-79.2057285435639, 43.8129938676272], [-79.2050660392685, 43.8125600981014], [-79.2050288382278, 43.8125419998941], [-79.2049916372095, 43.8125239016746], [-79.2049552068657, 43.8125058054325], [-79.2049191618698, 43.8124877101738], [-79.2048835270811, 43.8124696159628], [-79.2048486726555, 43.8124470322071], [-79.2048141939331, 43.8124289319589], [-79.2047801226822, 43.8124063412039], [-79.2047467999353, 43.8123882529223], [-79.2047135118129, 43.8123656641704], [-79.2046813796903, 43.8123430783958], [-79.2046496329168, 43.812320493608], [-79.2046182839216, 43.8122979098393], [-79.204587705599, 43.812275328054], [-79.2045575250536, 43.8122527472887], [-79.2045285005035, 43.8122301695039], [-79.2044995105956, 43.8122030912512], [-79.2044712567391, 43.8121805154444], [-79.2044438081758, 43.8121534411629], [-79.2044171427141, 43.8121263689001], [-79.2043908625997, 43.8120992976276], [-79.2043622581403, 43.8120722203364], [-79.2043309413594, 43.8120406354708], [-79.2043000125885, 43.8120135521506], [-79.2042698642685, 43.8119819702911], [-79.2042401137324, 43.8119503894529], [-79.2042110992303, 43.8119233110621], [-79.204182902472, 43.81189173423], [-79.2041554639571, 43.8118601593536], [-79.2041284356522, 43.8118285855323], [-79.2041021780184, 43.8117970136999], [-79.2040767132765, 43.8117609433637], [-79.2040516240921, 43.8117293745447], [-79.204027703326, 43.8116978087459], [-79.2040045532262, 43.8116662449378], [-79.2039814031506, 43.811634681125], [-79.20395944372, 43.8115986198408], [-79.2039382549555, 43.8115625605486], [-79.2039174417321, 43.8115310027758], [-79.2038977844889, 43.811499447994], [-79.2038785348222, 43.8114633937139], [-79.2038604535651, 43.811427342458], [-79.203842747839, 43.8113957927229], [-79.203825835009, 43.8113597444888], [-79.2038097052656, 43.8113236982814], [-79.203794333748, 43.8112876540367], [-79.2037797577438, 43.8112516118516], [-79.2037655670747, 43.8112155706632], [-79.2034943359737, 43.8106027923558], [-79.2034433962143, 43.8104878691232], [-79.202972998341, 43.8094268035962], [-79.2028392086924, 43.8091384384563], [-79.2027586067584, 43.8089951202842], [-79.2027244047142, 43.8089342918677], [-79.2025180212542, 43.8084850407363], [-79.2025038418544, 43.8084445078514], [-79.2024892548802, 43.8084084654555], [-79.2024735467942, 43.8083679195859], [-79.2024573938025, 43.8083318731086], [-79.2024401072757, 43.8082913231245], [-79.2024224255592, 43.8082552726616], [-79.2024035854557, 43.8082147186263], [-79.2023839747815, 43.8081741625809], [-79.2023639564883, 43.8081381060237], [-79.2023431551949, 43.8081020474235], [-79.2023212079563, 43.8080614852811], [-79.2022988530978, 43.8080254226259], [-79.2022757276724, 43.8079893579587], [-79.2022518540374, 43.8079487907839], [-79.2022271526976, 43.8079172225543], [-79.2022013277856, 43.8078766502846], [-79.2021750604605, 43.8078450779628], [-79.2021484525944, 43.8078045036403], [-79.2021171739959, 43.8077684176912], [-79.2020878567078, 43.8077278362921], [-79.2020588899552, 43.8076917563527], [-79.2020307410567, 43.8076511779844], [-79.2020033627851, 43.8076106016182], [-79.2019763698446, 43.8075700262499], [-79.201950545251, 43.8075294539219], [-79.2019254912794, 43.8074888835976], [-79.2019008350638, 43.807448314305], [-79.2018769618965, 43.8074077470494], [-79.201853859347, 43.8073671817989], [-79.2018315274139, 43.8073266185538], [-79.2018099660954, 43.8072860573148], [-79.201789210209, 43.807240997619], [-79.2017688296825, 43.8072004394525], [-79.2017496398798, 43.8071553838355], [-79.2017311734362, 43.8071148306568], [-79.2017131171659, 43.8070742785453], [-79.2016962640463, 43.8070292290169], [-79.2016797489867, 43.8069886809223], [-79.2016644370764, 43.8069436354114], [-79.2003619031823, 43.8040643910312], [-79.2003434634757, 43.8040238376769], [-79.2003257943361, 43.8039832863398], [-79.2003089081898, 43.8039427370528], [-79.2002927926072, 43.8039021897837], [-79.2002770746997, 43.8038616525562], [-79.2002629104113, 43.8038211013985], [-79.2002487460518, 43.8037805682408], [-79.2002357251818, 43.803740020078], [-79.2002234996337, 43.8036994920018], [-79.2002120571579, 43.8036589479759], [-79.20020179292, 43.8036139244846], [-79.2001914837279, 43.8035778929867], [-79.2001827381286, 43.8035373650326], [-79.2001744251734, 43.8034923376556], [-79.2001668603017, 43.8034518037961], [-79.2001601008221, 43.803406789494], [-79.2001544747338, 43.8033662607195], [-79.2001450261425, 43.8033122382465], [-79.2001363380626, 43.8032627093237], [-79.2001284554685, 43.8032086819561], [-79.200121353504, 43.8031501560784], [-79.2001149894865, 43.8031006332506], [-79.200109443423, 43.8030466030098], [-79.2001046553807, 43.8029925927595], [-79.2001010705989, 43.8029340671063], [-79.2000978135425, 43.8028845614295], [-79.2000944439668, 43.8028575492429], [-79.2000907241175, 43.8028260265784], [-79.2000861987578, 43.8027990113584], [-79.2000809253906, 43.8027674936177], [-79.2000748340868, 43.8027404832888], [-79.2000679723528, 43.8027134529352], [-79.200059989736, 43.8026819280831], [-79.2000515620646, 43.8026549026198], [-79.200042376304, 43.8026278751661], [-79.2000324075995, 43.8026008456567], [-79.2000217033269, 43.8025693136579], [-79.2000101811215, 43.8025422890698], [-79.1999978884482, 43.8025152534569], [-79.1999848253082, 43.8024882068189], [-79.1999709667118, 43.8024611760933], [-79.1997718221665, 43.8019745928754], [-79.1990803146578, 43.8002804561421], [-79.1989671789093, 43.8000172625195], [-79.1986425789872, 43.7992621942447], [-79.1985361528976, 43.7990889480392], [-79.1982867834646, 43.7986872540552], [-79.1978486259066, 43.7979944143154], [-79.1977811259428, 43.7978876805557], [-79.1977454943961, 43.7978291780443], [-79.197492994028, 43.7974146563623], [-79.1973484144776, 43.7971694430328], [-79.1972182857319, 43.7969247718575], [-79.1971809126714, 43.7968545360819], [-79.1971356616403, 43.7967694365631], [-79.1970912681888, 43.7967040157563], [-79.1970805369121, 43.7966808004175], [-79.1970537761928, 43.7966229422672], [-79.1970100599685, 43.7965219057717], [-79.1974420364196, 43.7964605283354], [-79.200258608221, 43.796053259024], [-79.2031626353479, 43.7956337708866], [-79.2063658370847, 43.7951688291669], [-79.2091558323081, 43.7947614882112], [-79.2134014102026, 43.7941445016907], [-79.213907097938, 43.794060599963], [-79.2144296612515, 43.7939631824625], [-79.2148651105251, 43.7938772557398], [-79.2153025972185, 43.7937833124251], [-79.215721815678, 43.7936789796981], [-79.2159681576294, 43.7936172773414], [-79.2163490750907, 43.7935185088302], [-79.2168873446391, 43.7933640428926], [-79.2175508060284, 43.7931668584674], [-79.2182360729091, 43.7929374548873], [-79.2188751381245, 43.7927073754839], [-79.2194422217077, 43.7924892133426], [-79.2199395975188, 43.7922805628051], [-79.2205590627416, 43.7920165456632], [-79.2210026370665, 43.7918031233402], [-79.2213999838349, 43.7916166260151], [-79.2217486573604, 43.7914380468258], [-79.2220367355322, 43.7913090054703], [-79.2221220660337, 43.7912599407604], [-79.2222230986432, 43.7912009498949], [-79.2223236604284, 43.7911416247535], [-79.2224235913997, 43.791081631907], [-79.2225230143524, 43.7910212866949], [-79.2226218428079, 43.790960480895], [-79.2228822771813, 43.7908029897258], [-79.2231433411804, 43.7906460845575], [-79.2234048619327, 43.7904895309379], [-79.2236670368754, 43.7903336263788], [-79.2239296804616, 43.7901781904047], [-79.2241929418381, 43.7900232143713], [-79.2244568580337, 43.7898687523704], [-79.2247212052732, 43.789714830862], [-79.2249860828377, 43.7895614770854], [-79.2250831594505, 43.7895022851298], [-79.2251832053084, 43.7894431362351], [-79.2252838826704, 43.7893844208248], [-79.2253849056361, 43.7893261652134], [-79.2254865597364, 43.789268424093], [-79.2255210288932, 43.7892490644217], [-79.2255886094313, 43.7892110798812], [-79.2256912404799, 43.7891542680402], [-79.2257943791973, 43.7890977993676], [-79.2258978878801, 43.7890418985602], [-79.2260020281135, 43.7889864222261], [-79.2261065258902, 43.7889315137249], [-79.2262115189555, 43.7888769393563], [-79.2263169934472, 43.7888230141254], [-79.2264230004633, 43.7887694321145], [-79.2265294520856, 43.788716400138], [-79.2266362989441, 43.7886638460675], [-79.2267436531519, 43.7886117071619], [-79.226851352653, 43.7885601000473], [-79.2269596959342, 43.7885089624279], [-79.2270682352902, 43.7884583832442], [-79.2271773312503, 43.7884083183504], [-79.2272868850715, 43.7883586234912], [-79.2273968210193, 43.7883095595177], [-79.2275072392719, 43.7882609556459], [-79.227618028048, 43.788212802607], [-79.2277291991202, 43.7881652444461], [-79.227871120789, 43.7881042216848], [-79.228015290369, 43.7880433571154], [-79.2281598179777, 43.7879829342707], [-79.2283048145027, 43.7879231604394], [-79.2284502313076, 43.7878638014744], [-79.2285960920627, 43.7878051184634], [-79.2287422364302, 43.7877468499911], [-79.2288888500919, 43.7876891495163], [-79.2290358587056, 43.7876319718552], [-79.2291833241944, 43.7875753621588], [-79.2293310856898, 43.7875191760261], [-79.2294793160438, 43.7874636568958], [-79.2296279042495, 43.7874086244808], [-79.2297767380817, 43.7873541685259], [-79.2299260790296, 43.7873001636318], [-79.2300758144631, 43.7872467895535], [-79.2302258951327, 43.7871939471607], [-79.2303762216849, 43.7871416272165], [-79.2305270424132, 43.787089875311], [-79.2306781089899, 43.7870386548526], [-79.2318755307811, 43.7866358608017], [-79.2326464788605, 43.7863966882459], [-79.2346231156842, 43.7857834565037]]]]}}, {"type": "Feature", "properties": {"name": "Malvern West", "code": "145", "centroid": [-79.22985, 43.80816]}, "geometry": {"type": "MultiPolygon", "coordinates": [[[[-79.217856205108, 43.8200309292803], [-79.2177741257183, 43.8200216535217], [-79.217660063854, 43.8200062589672], [-79.2175603121601, 43.8199905756256], [-79.2176672634469, 43.8198396936073], [-79.2177081120285, 43.8197819625166], [-79.2179748519289, 43.8194050613773], [-79.2183859182615, 43.8188241905682], [-79.2188870912883, 43.8181159674236], [-79.2222522313188, 43.8133601404166], [-79.2223205541999, 43.813259485126], [-79.2223906166374, 43.8131589240292], [-79.2224614482488, 43.8130586347885], [-79.2225330116996, 43.8129586263129], [-79.2226052946406, 43.812858880569], [-79.2226783466223, 43.8127594336798], [-79.2227521430736, 43.8126602225768], [-79.2228267082686, 43.8125613733328], [-79.2229019678754, 43.8124628317594], [-79.2229779968038, 43.812364526028], [-79.2230022539697, 43.8123335940326], [-79.2230547694841, 43.812266609094], [-79.2231322744822, 43.8121688649016], [-79.2232105354494, 43.8120715545386], [-79.223289528563, 43.8119744529184], [-79.2233692652532, 43.8118777760933], [-79.2234496595064, 43.8117813078275], [-79.2235308843401, 43.8116852645644], [-79.2236127294433, 43.8115894297672], [-79.2236953305029, 43.8114940287903], [-79.2237786757927, 43.8113989085849], [-79.2238626161547, 43.8113040687891], [-79.2239474492348, 43.8112096541381], [-79.2240329147135, 43.8111155109825], [-79.224118962415, 43.8110217382121], [-79.2242169781044, 43.8109255999619], [-79.224315476782, 43.8108297778296], [-79.2244146326675, 43.8107342272285], [-79.2245144945254, 43.8106391553], [-79.2245415092939, 43.8106136932849], [-79.2245314752818, 43.8106062971967], [-79.2244049218153, 43.8105159900613], [-79.2242119256682, 43.8103866557055], [-79.2240450635918, 43.8102910482549], [-79.2239127492564, 43.8102104388511], [-79.2237821590449, 43.8101414718878], [-79.2236391240619, 43.8100704854384], [-79.223430696422, 43.8099782419939], [-79.2232149243027, 43.8098804627041], [-79.2228129449161, 43.8096998354304], [-79.2225102938454, 43.8095616271258], [-79.2221325462997, 43.8093911375194], [-79.2219192059861, 43.8092952069132], [-79.2217532704848, 43.8092209939822], [-79.2216589511248, 43.8091739945688], [-79.2216205959515, 43.8091548818151], [-79.2214928367409, 43.8091116712833], [-79.2213813541065, 43.809056384801], [-79.221252467842, 43.808999030515], [-79.2211159278611, 43.8089277867025], [-79.2210168117054, 43.8088781287267], [-79.2209179701077, 43.8088175889976], [-79.220820347469, 43.8087675744533], [-79.2206742068138, 43.8086816888611], [-79.2205627282402, 43.8086072022263], [-79.2204574897666, 43.808543298044], [-79.2203551612247, 43.8084631358845], [-79.2202525460576, 43.8083938462677], [-79.2201428734414, 43.8083081392599], [-79.220028959087, 43.8082125835447], [-79.2199416201909, 43.8081326377515], [-79.2198343911138, 43.8080295822967], [-79.2197402669211, 43.8079415637224], [-79.2196449120826, 43.8078430107545], [-79.2195339246432, 43.8077119793511], [-79.2194682601821, 43.8076247414726], [-79.2189510760324, 43.8069382524405], [-79.2186543184457, 43.8065369819291], [-79.218522227949, 43.8063723054206], [-79.2181546146001, 43.8058717658163], [-79.2177560884664, 43.8053494019647], [-79.2176939863477, 43.8052589674334], [-79.2176174803201, 43.8051657789433], [-79.2175470088073, 43.8050712191431], [-79.2174826508953, 43.8049716877945], [-79.2174668750038, 43.8049409280003], [-79.217420840517, 43.8048511721128], [-79.2173675130833, 43.8047503628065], [-79.2173234142801, 43.8046402511468], [-79.2172819510361, 43.80452474532], [-79.2172500089405, 43.8044274992863], [-79.2172220332259, 43.8043509836183], [-79.2172101590436, 43.8042888375563], [-79.2172069508632, 43.804239134472], [-79.2171962947943, 43.8041875047218], [-79.2171916764257, 43.8041153223664], [-79.2171738759566, 43.8040316939775], [-79.217171505133, 43.8039493999293], [-79.2171634001396, 43.8038575775121], [-79.2171642271911, 43.8037481350141], [-79.2171718640001, 43.8036467833655], [-79.2171957802523, 43.8035141211171], [-79.2172076546579, 43.8034418175432], [-79.2172172052246, 43.803403712453], [-79.2172271353693, 43.8033641771236], [-79.2172570113424, 43.80327221464], [-79.217285815342, 43.8031624542912], [-79.2173345140481, 43.80303741424], [-79.2173866868546, 43.8029320051875], [-79.2174339802872, 43.8028228935884], [-79.2175444755317, 43.8026070769355], [-79.2177509562109, 43.8021763075636], [-79.2177995580753, 43.8020741028862], [-79.2178627622988, 43.8019481712862], [-79.2180713024576, 43.8015145350123], [-79.2181427016095, 43.8013423397117], [-79.2182071223608, 43.8012269602154], [-79.2182488430156, 43.801139500197], [-79.2182625717069, 43.8010715665966], [-79.2182822426079, 43.8010058889196], [-79.2183029764838, 43.8009387916817], [-79.2183193526788, 43.8008654549252], [-79.2183349778343, 43.800782674141], [-79.2183480468646, 43.8007016872779], [-79.2183609483584, 43.8006087375122], [-79.2183641303493, 43.8005239638124], [-79.2183727997375, 43.8004403737787], [-79.2183710869082, 43.8003711239467], [-79.2183690901227, 43.8002935383775], [-79.21836269062, 43.8002325490237], [-79.2183569289477, 43.8001654134759], [-79.218348806952, 43.8000927994294], [-79.2183470941159, 43.800023558594], [-79.2183257939201, 43.7999202992579], [-79.2183088356731, 43.7998424877836], [-79.2182911107613, 43.7997744496328], [-79.2182586899747, 43.7996761134847], [-79.2182306936655, 43.7995803715556], [-79.2181926306429, 43.7994689068421], [-79.2181426836995, 43.7993529122463], [-79.2180981903626, 43.7992188748288], [-79.2178838025974, 43.7986441282741], [-79.2178088146512, 43.7984545415328], [-79.2176658636869, 43.7981223981034], [-79.2182256789492, 43.7979977549342], [-79.2230347367465, 43.7970373887356], [-79.2275427920097, 43.7961481208346], [-79.2291622935265, 43.795837236691], [-79.2294418601941, 43.7957835680432], [-79.2300086006161, 43.7956588834904], [-79.2303218265812, 43.7955947338748], [-79.2321813548101, 43.7952139031931], [-79.2349315661683, 43.7946621997229], [-79.2387529832705, 43.7938698170777], [-79.2388210645226, 43.7939329805899], [-79.2389198459854, 43.7940772243657], [-79.2391237657663, 43.7943387137707], [-79.2393525005494, 43.7946092695254], [-79.2394629401993, 43.7947535394017], [-79.239483771684, 43.7947895914029], [-79.2396801656892, 43.7951770874278], [-79.2398395048759, 43.795510500982], [-79.2399124196827, 43.7957176928704], [-79.240203329401, 43.7964223146473], [-79.240236041265, 43.7965015269031], [-79.2403989913695, 43.7968979556879], [-79.2407525596021, 43.7977628572337], [-79.2408876462112, 43.7981412017792], [-79.2409615132318, 43.7983395379575], [-79.2410419775782, 43.7985555942387], [-79.2410804357455, 43.7986456925999], [-79.2411773579655, 43.7990509626471], [-79.2413720668318, 43.7998435111245], [-79.2416477784353, 43.8009602915995], [-79.2418512823911, 43.8016988521705], [-79.2419156225295, 43.8019150333098], [-79.2420177458341, 43.8021942985181], [-79.2421274578355, 43.8024720055488], [-79.2422026152874, 43.8026209815645], [-79.2426533116221, 43.8036179437556], [-79.2429558158591, 43.8042667137571], [-79.2431420045902, 43.8046901937025], [-79.2433890415119, 43.8052308244152], [-79.243526793515, 43.8055371804433], [-79.2435943800666, 43.8057173543311], [-79.2436643420781, 43.8058885323897], [-79.2437435104815, 43.8060867343768], [-79.2438256326557, 43.8063209563678], [-79.2438816137778, 43.8064921029371], [-79.2439168587224, 43.8066091963509], [-79.2439367092866, 43.8066902508206], [-79.2439533758273, 43.8067893003727], [-79.2439662291175, 43.8068703391582], [-79.2439783118589, 43.806951376215], [-79.2439796472159, 43.8070053858653], [-79.2439854895933, 43.8070954100498], [-79.243985760371, 43.8072124340815], [-79.2439853374875, 43.8073114453373], [-79.2439779940858, 43.8073924298694], [-79.2439736933406, 43.8074914414362], [-79.2439687633862, 43.8075544381549], [-79.2439529321157, 43.8076264115593], [-79.2439417107695, 43.8077073963976], [-79.2439282296596, 43.8077703739534], [-79.2439186387799, 43.8078333602237], [-79.243901947435, 43.807923333907], [-79.2438885171222, 43.8079773104613], [-79.2438750743561, 43.8080312869857], [-79.2438607455764, 43.8081122648463], [-79.2438449524921, 43.8081752372063], [-79.2438417298385, 43.8082022333071], [-79.2438126352781, 43.8082831780635], [-79.2438014905614, 43.8083461608351], [-79.2437692240828, 43.808445100683], [-79.2437455732445, 43.8085260576233], [-79.2437172614286, 43.8086070041057], [-79.2436975392587, 43.8086789687363], [-79.2436622297024, 43.8087598995097], [-79.2436355483417, 43.8088228384106], [-79.243614298429, 43.8088857984903], [-79.2435860371992, 43.8089577439419], [-79.2435648256955, 43.8090117029904], [-79.243539736244, 43.8090656533326], [-79.2435185246601, 43.8091196123713], [-79.2435027570359, 43.8091735836236], [-79.2434730064987, 43.8092275234886], [-79.2434494444306, 43.8092904783434], [-79.2434297739126, 43.8093444408228], [-79.2434124649195, 43.8093984086001], [-79.2433921007891, 43.809434367303], [-79.2433747407678, 43.809497336065], [-79.243359871582, 43.8095243059941], [-79.2433386982163, 43.8095692639751], [-79.2433151619897, 43.8096232177507], [-79.2433001770954, 43.8096771907282], [-79.2432790036689, 43.8097221396957], [-79.243263274224, 43.8097671098895], [-79.2432381456223, 43.8098300611756], [-79.2432153412594, 43.8098930176775], [-79.2431918047549, 43.8099469804251], [-79.2431690251571, 43.8100099369722], [-79.2431501882027, 43.8100549001649], [-79.2431297203909, 43.8101178618983], [-79.2430779474608, 43.8102347598856], [-79.2430465265621, 43.810315699188], [-79.2430182129462, 43.8103966454675], [-79.2429983997547, 43.8104866029573], [-79.2429747594485, 43.8105675687335], [-79.242952621774, 43.8106575299862], [-79.2429383421395, 43.8107295067002], [-79.2429294431497, 43.8108104966182], [-79.2429112605641, 43.8108824645479], [-79.2429040048651, 43.8109454559512], [-79.2428959274732, 43.8110174466083], [-79.2428838437478, 43.8111164315607], [-79.2428734419656, 43.8111884169848], [-79.2428660703359, 43.8112784114306], [-79.2428626277896, 43.8113594136117], [-79.2428553595497, 43.8114224049784], [-79.2428488357449, 43.8114943991216], [-79.2428453807317, 43.8115754012711], [-79.2428419257088, 43.8116564034193], [-79.2428308512003, 43.8117373974223], [-79.2428302866017, 43.8117415186567], [-79.2428256508453, 43.8117877288853], [-79.2428225982957, 43.8118183797703], [-79.2428261798192, 43.8118903966463], [-79.2428367468968, 43.8119624292399], [-79.2428388009113, 43.8120254415748], [-79.2428470312201, 43.8120974689077], [-79.2428546191504, 43.81214250049], [-79.2428636064235, 43.8122235216238], [-79.2428803499195, 43.8123045692067], [-79.2428847669938, 43.812358585752], [-79.2428930870615, 43.8124126110769], [-79.2429214126806, 43.8125116869082], [-79.2429404806914, 43.812592748708], [-79.2429580074787, 43.8126737980361], [-79.2429864877708, 43.8127368607908], [-79.24301802455, 43.8128089405122], [-79.2430418436854, 43.8128720017719], [-79.2430763847675, 43.8129710915311], [-79.2413968331207, 43.8133093723052], [-79.2397506091387, 43.8136656974664], [-79.2378851256257, 43.8140574916286], [-79.237137059989, 43.8142178022924], [-79.2356549032622, 43.8145294491414], [-79.2341664636522, 43.8148500632317], [-79.2323521302102, 43.8152508870428], [-79.2315006071877, 43.815428920634], [-79.229809165305, 43.8157940062936], [-79.2280873685797, 43.8161679957707], [-79.2278796096011, 43.8162097614224], [-79.2276005690998, 43.8162658575853], [-79.2259766908935, 43.8166310564766], [-79.2243068311384, 43.8169269839567], [-79.2240388680443, 43.8169030424108], [-79.2222306799243, 43.817186399961], [-79.2213761174651, 43.8176447976952], [-79.2212510316973, 43.8177204978996], [-79.221195661016, 43.8177931726699], [-79.2211690956474, 43.8178733255921], [-79.2211227256807, 43.8179912347681], [-79.2210394173153, 43.8181689920349], [-79.2209333732753, 43.8184825381877], [-79.2208967807374, 43.8187376387536], [-79.2209145145053, 43.8189550493914], [-79.2209696922669, 43.8192150725917], [-79.2210390054279, 43.8195417743226], [-79.2210722147375, 43.8196982943072], [-79.2194662820628, 43.8198902993009], [-79.2189668426149, 43.8199515758231], [-79.2188725370472, 43.8199779961087], [-79.2187387962466, 43.8200048773401], [-79.2186315934269, 43.8200086459503], [-79.2184853878664, 43.82002138249], [-79.2183628582002, 43.8200301537031], [-79.2182835206715, 43.8200299671653], [-79.2181972624571, 43.8200237057754], [-79.2181094904186, 43.8200406273903], [-79.2180301481757, 43.8200414397858], [-79.2179466242187, 43.8200432499279], [-79.217856205108, 43.8200309292803]]]]}}, {"type": "Feature", "properties": {"name": "Morningside Heights", "code": "144", "centroid": [-79.19894, 43.81762]}, "geometry": {"type": "MultiPolygon", "coordinates": [[[[-79.154797599715, 43.8210571262472], [-79.1540415806849, 43.8194345007446], [-79.1531152669447, 43.8174153320891], [-79.1527959945872, 43.8167212516007], [-79.1526825107575, 43.8163248587541], [-79.1525851285646, 43.8159645100839], [-79.1525226623538, 43.8157482939582], [-79.1524071982759, 43.815423894496], [-79.1522590141194, 43.814982381127], [-79.1521581508901, 43.8146850290788], [-79.1520833088018, 43.8145348430325], [-79.1517916245592, 43.814090533766], [-79.1517428539905, 43.8139846672972], [-79.1511931184194, 43.8127915606947], [-79.1513530182124, 43.8127553781283], [-79.1557446664255, 43.8117617110917], [-79.1557750695272, 43.8117574461353], [-79.1561205870606, 43.8117090162414], [-79.156437853119, 43.8116645508733], [-79.1564729600886, 43.8116376441044], [-79.1564891652066, 43.8116230570251], [-79.1565128045308, 43.8116017594646], [-79.1565719875494, 43.8115749340232], [-79.1566544617631, 43.8115571796246], [-79.1579908490931, 43.8112641323176], [-79.1598211523017, 43.8108555082668], [-79.1598827940446, 43.8108418480344], [-79.1608229985544, 43.8106334403536], [-79.1613853591237, 43.8105090924934], [-79.1617097131671, 43.8104380352234], [-79.1619446225104, 43.8103847237003], [-79.1621267066251, 43.810331255537], [-79.1622597038741, 43.8103046453386], [-79.1623585586017, 43.8102689240203], [-79.1624099310896, 43.8102510735751], [-79.1624645122651, 43.8102152303797], [-79.1626375649624, 43.8101077281152], [-79.1627077455979, 43.8100629297469], [-79.1627553918516, 43.8100180558411], [-79.1628021536588, 43.8099911905112], [-79.1628714373026, 43.8099643915994], [-79.1629259166998, 43.809946550086], [-79.1629958820614, 43.8099377553138], [-79.1630611358201, 43.8099379477106], [-79.1631489620359, 43.8099292054998], [-79.1635373897067, 43.8099303406849], [-79.1636748824751, 43.8099307453792], [-79.16379145753, 43.8099220872726], [-79.1638784625262, 43.8099223431877], [-79.1639732862904, 43.8099136209229], [-79.1640680975981, 43.8099048985429], [-79.1641551530079, 43.8098961532931], [-79.1642368147925, 43.8098783910289], [-79.16431538164, 43.8098606196159], [-79.1643900580799, 43.8098428367247], [-79.1657384965102, 43.8095215246434], [-79.1658655458431, 43.8094687446434], [-79.1659392706109, 43.8094230635372], [-79.1660096494786, 43.8093621787429], [-79.1660772173145, 43.8092681616307], [-79.1661970267893, 43.8090466884241], [-79.1662341807912, 43.8090573462279], [-79.1663403907139, 43.8090816442942], [-79.1664378872341, 43.8090971047505], [-79.1665357180593, 43.8091172736764], [-79.166642955012, 43.8091245623719], [-79.166733124518, 43.8091344475236], [-79.1668450234069, 43.8091371050542], [-79.1669571670648, 43.8091471620958], [-79.1671078902576, 43.8091484743201], [-79.1672493766931, 43.8091456279465], [-79.1674318920506, 43.8091316314136], [-79.1683258219066, 43.8089271857777], [-79.1708114233792, 43.808376222677], [-79.1709944118865, 43.8083365866674], [-79.1738951526607, 43.8076995480321], [-79.1755487612487, 43.8073366131923], [-79.1785200380699, 43.8066949676782], [-79.1802024492144, 43.806332271468], [-79.1803937398163, 43.8062880260528], [-79.1827383080927, 43.8057904154177], [-79.1835532504602, 43.8056144437882], [-79.1852080684558, 43.8052570880795], [-79.1866090093578, 43.8049770071376], [-79.1873613469893, 43.8047948779022], [-79.1879828075391, 43.8046345382143], [-79.1885053540286, 43.8045279412667], [-79.1901539855139, 43.8041633411147], [-79.1896322425013, 43.8030044632757], [-79.1887857843249, 43.8011242497014], [-79.1885888468076, 43.8006665375037], [-79.1883156184824, 43.800032212975], [-79.1874816878528, 43.7980961349818], [-79.1874109519389, 43.7979318870872], [-79.1877776346306, 43.7978771814489], [-79.1923765090313, 43.7971908771364], [-79.1935357753581, 43.7970250404455], [-79.1953427398364, 43.7967646533338], [-79.1970100599685, 43.7965219057717], [-79.1970537761928, 43.7966229422672], [-79.1970805369121, 43.7966808004175], [-79.1970912681888, 43.7967040157563], [-79.1971356616403, 43.7967694365631], [-79.1971809126714, 43.7968545360819], [-79.1972182857319, 43.7969247718575], [-79.1973484144776, 43.7971694430328], [-79.197492994028, 43.7974146563623], [-79.1977454943961, 43.7978291780443], [-79.1977811259428, 43.7978876805557], [-79.1978486259066, 43.7979944143154], [-79.1982867834646, 43.7986872540552], [-79.1985361528976, 43.7990889480392], [-79.1986425789872, 43.7992621942447], [-79.1989671789093, 43.8000172625195], [-79.1990803146578, 43.8002804561421], [-79.1997718221665, 43.8019745928754], [-79.1999709667118, 43.8024611760933], [-79.1999848253082, 43.8024882068189], [-79.1999978884482, 43.8025152534569], [-79.2000101811215, 43.8025422890698], [-79.2000217033269, 43.8025693136579], [-79.2000324075995, 43.8026008456567], [-79.200042376304, 43.8026278751661], [-79.2000515620646, 43.8026549026198], [-79.200059989736, 43.8026819280831], [-79.2000679723528, 43.8027134529352], [-79.2000748340868, 43.8027404832888], [-79.2000809253906, 43.8027674936177], [-79.2000861987578, 43.8027990113584], [-79.2000907241175, 43.8028260265784], [-79.2000944439668, 43.8028575492429], [-79.2000978135425, 43.8028845614295], [-79.2001010705989, 43.8029340671063], [-79.2001046553807, 43.8029925927595], [-79.200109443423, 43.8030466030098], [-79.2001149894865, 43.8031006332506], [-79.200121353504, 43.8031501560784], [-79.2001284554685, 43.8032086819561], [-79.2001363380626, 43.8032627093237], [-79.2001450261425, 43.8033122382465], [-79.2001544747338, 43.8033662607195], [-79.2001601008221, 43.803406789494], [-79.2001668603017, 43.8034518037961], [-79.2001744251734, 43.8034923376556], [-79.2001827381286, 43.8035373650326], [-79.2001914837279, 43.8035778929867], [-79.20020179292, 43.8036139244846], [-79.2002120571579, 43.8036589479759], [-79.2002234996337, 43.8036994920018], [-79.2002357251818, 43.803740020078], [-79.2002487460518, 43.8037805682408], [-79.2002629104113, 43.8038211013985], [-79.2002770746997, 43.8038616525562], [-79.2002927926072, 43.8039021897837], [-79.2003089081898, 43.8039427370528], [-79.2003257943361, 43.8039832863398], [-79.2003434634757, 43.8040238376769], [-79.2003619031823, 43.8040643910312], [-79.2016644370764, 43.8069436354114], [-79.2016797489867, 43.8069886809223], [-79.2016962640463, 43.8070292290169], [-79.2017131171659, 43.8070742785453], [-79.2017311734362, 43.8071148306568], [-79.2017496398798, 43.8071553838355], [-79.2017688296825, 43.8072004394525], [-79.201789210209, 43.807240997619], [-79.2018099660954, 43.8072860573148], [-79.2018315274139, 43.8073266185538], [-79.201853859347, 43.8073671817989], [-79.2018769618965, 43.8074077470494], [-79.2019008350638, 43.807448314305], [-79.2019254912794, 43.8074888835976], [-79.201950545251, 43.8075294539219], [-79.2019763698446, 43.8075700262499], [-79.2020033627851, 43.8076106016182], [-79.2020307410567, 43.8076511779844], [-79.2020588899552, 43.8076917563527], [-79.2020878567078, 43.8077278362921], [-79.2021171739959, 43.8077684176912], [-79.2021484525944, 43.8078045036403], [-79.2021750604605, 43.8078450779628], [-79.2022013277856, 43.8078766502846], [-79.2022271526976, 43.8079172225543], [-79.2022518540374, 43.8079487907839], [-79.2022757276724, 43.8079893579587], [-79.2022988530978, 43.8080254226259], [-79.2023212079563, 43.8080614852811], [-79.2023431551949, 43.8081020474235], [-79.2023639564883, 43.8081381060237], [-79.2023839747815, 43.8081741625809], [-79.2024035854557, 43.8082147186263], [-79.2024224255592, 43.8082552726616], [-79.2024401072757, 43.8082913231245], [-79.2024573938025, 43.8083318731086], [-79.2024735467942, 43.8083679195859], [-79.2024892548802, 43.8084084654555], [-79.2025038418544, 43.8084445078514], [-79.2025180212542, 43.8084850407363], [-79.2027244047142, 43.8089342918677], [-79.2027586067584, 43.8089951202842], [-79.2028392086924, 43.8091384384563], [-79.202972998341, 43.8094268035962], [-79.2034433962143, 43.8104878691232], [-79.2034943359737, 43.8106027923558], [-79.2037655670747, 43.8112155706632], [-79.2037797577438, 43.8112516118516], [-79.203794333748, 43.8112876540367], [-79.2038097052656, 43.8113236982814], [-79.203825835009, 43.8113597444888], [-79.203842747839, 43.8113957927229], [-79.2038604535651, 43.811427342458], [-79.2038785348222, 43.8114633937139], [-79.2038977844889, 43.811499447994], [-79.2039174417321, 43.8115310027758], [-79.2039382549555, 43.8115625605486], [-79.20395944372, 43.8115986198408], [-79.2039814031506, 43.811634681125], [-79.2040045532262, 43.8116662449378], [-79.204027703326, 43.8116978087459], [-79.2040516240921, 43.8117293745447], [-79.2040767132765, 43.8117609433637], [-79.2041021780184, 43.8117970136999], [-79.2041284356522, 43.8118285855323], [-79.2041554639571, 43.8118601593536], [-79.204182902472, 43.81189173423], [-79.2042110992303, 43.8119233110621], [-79.2042401137324, 43.8119503894529], [-79.2042698642685, 43.8119819702911], [-79.2043000125885, 43.8120135521506], [-79.2043309413594, 43.8120406354708], [-79.2043622581403, 43.8120722203364], [-79.2043908625997, 43.8120992976276], [-79.2044171427141, 43.8121263689001], [-79.2044438081758, 43.8121534411629], [-79.2044712567391, 43.8121805154444], [-79.2044995105956, 43.8122030912512], [-79.2045285005035, 43.8122301695039], [-79.2045575250536, 43.8122527472887], [-79.204587705599, 43.812275328054], [-79.2046182839216, 43.8122979098393], [-79.2046496329168, 43.812320493608], [-79.2046813796903, 43.8123430783958], [-79.2047135118129, 43.8123656641704], [-79.2047467999353, 43.8123882529223], [-79.2047801226822, 43.8124063412039], [-79.2048141939331, 43.8124289319589], [-79.2048486726555, 43.8124470322071], [-79.2048835270811, 43.8124696159628], [-79.2049191618698, 43.8124877101738], [-79.2049552068657, 43.8125058054325], [-79.2049916372095, 43.8125239016746], [-79.2050288382278, 43.8125419998941], [-79.2050660392685, 43.8125600981014], [-79.2057285435639, 43.8129938676272], [-79.2061459061169, 43.813197466227], [-79.2063960902798, 43.8133391204321], [-79.2093704995342, 43.8151950442436], [-79.2111749594524, 43.8163326675032], [-79.2137235056162, 43.8179216518661], [-79.214927619953, 43.8186750736503], [-79.2150763902744, 43.818768164871], [-79.2152506416484, 43.8188672601057], [-79.2154026269796, 43.8189536981024], [-79.2155250992539, 43.8190090086777], [-79.2156002989114, 43.8190452001941], [-79.2157073475122, 43.8190814708904], [-79.2158663302816, 43.8191448738828], [-79.2160598780315, 43.8192176516582], [-79.2169265611951, 43.8195435527837], [-79.2173818382855, 43.8197256824355], [-79.2176284127462, 43.8198243137759], [-79.2176672634469, 43.8198396936073], [-79.2175603121601, 43.8199905756256], [-79.217660063854, 43.8200062589672], [-79.2177741257183, 43.8200216535217], [-79.217856205108, 43.8200309292803], [-79.2179466242187, 43.8200432499279], [-79.2180301481757, 43.8200414397858], [-79.2181094904186, 43.8200406273903], [-79.2181972624571, 43.8200237057754], [-79.2182835206715, 43.8200299671653], [-79.2183628582002, 43.8200301537031], [-79.2184853878664, 43.82002138249], [-79.2186315934269, 43.8200086459503], [-79.2187387962466, 43.8200048773401], [-79.2188725370472, 43.8199779961087], [-79.2189668426149, 43.8199515758231], [-79.2194662820628, 43.8198902993009], [-79.2210722147375, 43.8196982943072], [-79.2209696922669, 43.8192150725917], [-79.2209145145053, 43.8189550493914], [-79.2208967807374, 43.8187376387536], [-79.2209333732753, 43.8184825381877], [-79.2210394173153, 43.8181689920349], [-79.2211227256807, 43.8179912347681], [-79.2211690956474, 43.8178733255921], [-79.221195661016, 43.8177931726699], [-79.2212510316973, 43.8177204978996], [-79.2213761174651, 43.8176447976952], [-79.2222306799243, 43.817186399961], [-79.2240388680443, 43.8169030424108], [-79.2243068311384, 43.8169269839567], [-79.2259766908935, 43.8166310564766], [-79.2276005690998, 43.8162658575853], [-79.2280873685797, 43.8161679957707], [-79.229809165305, 43.8157940062936], [-79.2315006071877, 43.815428920634], [-79.2323521302102, 43.8152508870428], [-79.2341664636522, 43.8148500632317], [-79.2356549032622, 43.8145294491414], [-79.237137059989, 43.8142178022924], [-79.2378851256257, 43.8140574916286], [-79.2397506091387, 43.8136656974664], [-79.2413968331207, 43.8133093723052], [-79.2430763847675, 43.8129710915311], [-79.2434108882152, 43.8137819419902], [-79.2438169656312, 43.8147549715745], [-79.244309250176, 43.8159262075603], [-79.2448693487172, 43.8172326180019], [-79.2452502485333, 43.8181065826927], [-79.2454595750442, 43.8185841159687], [-79.2458111833038, 43.8194130078934], [-79.2460444326198, 43.8199355986428], [-79.246187428347, 43.820238955972], [-79.2463162811258, 43.8205122720849], [-79.2466557859936, 43.821260115482], [-79.2469544165666, 43.8219358675917], [-79.2470067217104, 43.8220703966102], [-79.2470536030903, 43.8221881175713], [-79.2472598377011, 43.8226656313697], [-79.2476076039739, 43.8234854986026], [-79.2478006443303, 43.823962982179], [-79.247817007284, 43.8239979694922], [-79.2483105043328, 43.8250532281199], [-79.2489840517145, 43.8265848931089], [-79.249304098384, 43.8273132787926], [-79.2495105866775, 43.8277831917546], [-79.2497584083043, 43.8283598035649], [-79.2501395122364, 43.8292157395794], [-79.2504837388024, 43.8299725818792], [-79.2506277128889, 43.8302969347678], [-79.2507168200146, 43.8305491592102], [-79.2507586305082, 43.8307742772171], [-79.2508719545426, 43.8313685950576], [-79.2509339185805, 43.8317917894622], [-79.2509669837291, 43.8324399385832], [-79.2510007330395, 43.8331151013191], [-79.2510205708586, 43.833451838508], [-79.251047922981, 43.833916308191], [-79.2511085123275, 43.8352396149333], [-79.2511615609783, 43.8361308628626], [-79.2511891488379, 43.8365989872391], [-79.2494713226145, 43.8370273034442], [-79.248490375191, 43.8372411833503], [-79.2457456705401, 43.837883213471], [-79.2452804270964, 43.8379917653912], [-79.2451945879168, 43.8380117904214], [-79.2418478977618, 43.8387925925787], [-79.2394540861481, 43.8393425435691], [-79.2392485563216, 43.8393897624241], [-79.2372185935179, 43.8398711609556], [-79.2368463923232, 43.8399589649388], [-79.2344977493406, 43.8405129034461], [-79.2321981876149, 43.8410606799154], [-79.2297359009406, 43.8416540027351], [-79.2287439850573, 43.8418767150627], [-79.2282717353563, 43.8419836328408], [-79.2278142704233, 43.8420905838784], [-79.2266931964065, 43.8423309728083], [-79.2258643812012, 43.8425163806389], [-79.22533945519, 43.8426338081631], [-79.223437153984, 43.8430613340151], [-79.2204058658353, 43.8437291090628], [-79.2191301865612, 43.8440162918881], [-79.2171409661877, 43.8444592149949], [-79.2148385877333, 43.8449665800726], [-79.2126333693537, 43.8454651420154], [-79.2119889591579, 43.8456085987101], [-79.2115937881533, 43.8456965594898], [-79.2104110449207, 43.8459546169615], [-79.2101229291695, 43.846019000099], [-79.2092959545785, 43.8462038242408], [-79.2073319385299, 43.8466308796845], [-79.2044977667187, 43.847253686673], [-79.2005748451097, 43.8481893595247], [-79.200120128214, 43.8483068820029], [-79.1993703848605, 43.8484927639694], [-79.19927539665, 43.8485156467358], [-79.1989288286159, 43.8485991190225], [-79.1983271297928, 43.8487291995461], [-79.1968179803326, 43.849075859461], [-79.1950315102283, 43.8494942540992], [-79.1932958270328, 43.8499192468344], [-79.1919199765151, 43.8502563795095], [-79.1913437328572, 43.8503957539081], [-79.1898941205463, 43.8507463534986], [-79.18973751318, 43.8507849209363], [-79.1863857305496, 43.8516104113561], [-79.186009152528, 43.8517030061161], [-79.1852588075986, 43.8518875155715], [-79.1824002239109, 43.8525903558975], [-79.1814444542456, 43.8528253230682], [-79.1800232720192, 43.8531688197047], [-79.1775748953939, 43.8537553494682], [-79.1769472036027, 43.8539057032944], [-79.176625259612, 43.8539807614876], [-79.1761464396383, 43.8540923865706], [-79.1711416145396, 43.855259029611], [-79.1702915177967, 43.8554571861712], [-79.1674569837802, 43.8492471066453], [-79.1674396092199, 43.8492089006759], [-79.1668522359289, 43.8479495823906], [-79.166590273935, 43.8473879454476], [-79.1662198348451, 43.8465863472689], [-79.1659064612318, 43.8459082109445], [-79.1652838341505, 43.844479453109], [-79.1649518606364, 43.8437175766915], [-79.1647771799524, 43.843328471133], [-79.1625004420541, 43.8382415754789], [-79.1624671233596, 43.838169549626], [-79.1620605981974, 43.83729061003], [-79.1619902774279, 43.8371385902031], [-79.1616949993593, 43.8364837084869], [-79.1615664290324, 43.8361985432618], [-79.1609515974942, 43.8348431681994], [-79.1607876182965, 43.8344793536848], [-79.160696832941, 43.8342841121442], [-79.1604967015845, 43.8338537529815], [-79.160430116588, 43.833702175254], [-79.1604029866094, 43.8336404373464], [-79.1599781346471, 43.8326734047739], [-79.1598601791406, 43.8324049299989], [-79.1595632398872, 43.8317288847909], [-79.1588972437805, 43.8302147193594], [-79.1580262133668, 43.8282678758182], [-79.1567810059352, 43.825455798501], [-79.1558902015872, 43.823460361884], [-79.1554974647575, 43.8225805471385], [-79.154797599715, 43.8210571262472]]]]}}, {"type": "Feature", "properties": {"name": "West Rouge", "code": "143", "centroid": [-79.13691, 43.79257]}, "geometry": {"type": "MultiPolygon", "coordinates": [[[[-79.1456867650085, 43.8100204482268], [-79.1452815962063, 43.809993835309], [-79.1448536283618, 43.809995116532], [-79.1444452419264, 43.8100102287578], [-79.1440530015257, 43.8100420328482], [-79.143638133229, 43.8100622616307], [-79.1434582294147, 43.8102543150931], [-79.1435261501142, 43.8104351880592], [-79.1434286610139, 43.810619676535], [-79.1431381754239, 43.8107228135861], [-79.1429994440177, 43.8104939503889], [-79.1429596018013, 43.8102507241969], [-79.142876804518, 43.810078256438], [-79.1431111171341, 43.8098918554724], [-79.1431510569595, 43.8096302461494], [-79.1429096347922, 43.8094830261528], [-79.142641483356, 43.8095392459911], [-79.1424645237881, 43.8094458281614], [-79.1421857608785, 43.8095222842154], [-79.1419726431514, 43.8096414124513], [-79.1418394920012, 43.8094387584931], [-79.1415798334881, 43.8091886949428], [-79.1413634779818, 43.8090575002335], [-79.1412431316351, 43.8089131048762], [-79.1409588507693, 43.8088402123249], [-79.140698179421, 43.8087808859461], [-79.1405956001737, 43.8086545479627], [-79.1406399326293, 43.8084476709867], [-79.1403888010174, 43.8083523694792], [-79.1400971729716, 43.8083424503863], [-79.1398408330779, 43.8084046505897], [-79.1395819059702, 43.8084443483002], [-79.139328027054, 43.8083535363501], [-79.1391383136462, 43.8082494247978], [-79.1391217029145, 43.8082358706927], [-79.1390973929928, 43.8082087906167], [-79.1389806582489, 43.8081139193365], [-79.1389460176127, 43.807992294999], [-79.1386898353143, 43.8079644820792], [-79.1384102134362, 43.8079590971894], [-79.1382573322026, 43.8078011030671], [-79.1383081212914, 43.8076212417168], [-79.1381632042662, 43.8074947765319], [-79.1378827449159, 43.8075028893579], [-79.1377119571217, 43.8076778606419], [-79.1376114361268, 43.8078620645965], [-79.1373168399238, 43.8078296262359], [-79.1370503040044, 43.8077117747384], [-79.136786882107, 43.8077919388158], [-79.136566742872, 43.8079757616319], [-79.1362604794488, 43.8080737994581], [-79.1358924805503, 43.8080366322371], [-79.1355874892799, 43.8079231463636], [-79.1353057888153, 43.8077467262658], [-79.1350298502106, 43.8075163172395], [-79.1347521955435, 43.807312914371], [-79.1344842345867, 43.8071140333756], [-79.1342204011108, 43.8069376677202], [-79.1340992289224, 43.806856737949], [-79.1340371751161, 43.8067930634637], [-79.1340076984186, 43.8067047942371], [-79.1340082198993, 43.8066173501599], [-79.1339879437932, 43.8065407758226], [-79.1339515959217, 43.8064562920404], [-79.1339271262072, 43.8064029631183], [-79.1339088761028, 43.8062063294891], [-79.1339485572849, 43.8059525263558], [-79.1340519477207, 43.8056904931721], [-79.1341930765107, 43.8054478160474], [-79.1343028666158, 43.8052182250895], [-79.134355043083, 43.8049551186008], [-79.1343558295883, 43.8049504675438], [-79.1343978493815, 43.8046999480836], [-79.1343957929418, 43.8046214158267], [-79.1343924245311, 43.8044930852331], [-79.1343907542408, 43.8044286769497], [-79.1343654827556, 43.8043560831627], [-79.1343019327201, 43.8041733733275], [-79.1342893787744, 43.804147112923], [-79.1341804804829, 43.8039192703452], [-79.1340757325429, 43.8037853315305], [-79.1338822963976, 43.8035091250171], [-79.1336949827722, 43.8032725966846], [-79.1336714609228, 43.8029627030242], [-79.1337368405187, 43.8028006765197], [-79.1337707984169, 43.8027165169259], [-79.1339877073988, 43.8024696811886], [-79.1341805867115, 43.8022215889704], [-79.1344075437419, 43.8019772148763], [-79.1346555333434, 43.8017419536762], [-79.1349500544865, 43.8015407297589], [-79.1352147933857, 43.8013155660677], [-79.1354052790439, 43.8010795255841], [-79.1354327510758, 43.8008310924263], [-79.1352561294056, 43.8006718482234], [-79.1349423998716, 43.8007160141517], [-79.1346052628871, 43.8007917253034], [-79.1342698544199, 43.8008711944558], [-79.1339164244449, 43.8009914609606], [-79.1335667422103, 43.8011408479911], [-79.1332416465492, 43.8012648216925], [-79.1328336847571, 43.8013801482419], [-79.1324930995521, 43.8014902173301], [-79.1321627662243, 43.8016346846504], [-79.1317852151327, 43.8017330932153], [-79.1316215162031, 43.801753331265], [-79.1314245351925, 43.8017776652724], [-79.1310270675971, 43.8017819814644], [-79.1306350651394, 43.8017101375102], [-79.1302314083948, 43.8016077407289], [-79.1298632981438, 43.801446680371], [-79.1295109865385, 43.801265336521], [-79.1291544098752, 43.8010706560907], [-79.1288113433423, 43.8008400049592], [-79.1284635370376, 43.8006346305157], [-79.1280822128013, 43.8004398032597], [-79.127683111259, 43.8002863669536], [-79.1272458068393, 43.8001873694244], [-79.1267941914838, 43.800151610338], [-79.1264003294182, 43.8001573533943], [-79.1259739967251, 43.8002065362333], [-79.1255725741139, 43.8002169322739], [-79.1251785804172, 43.8001263587463], [-79.1250136744524, 43.8000100904527], [-79.1248743553258, 43.799925895872], [-79.1246011210523, 43.7996408964778], [-79.1243879900559, 43.7993416471689], [-79.1242266730957, 43.7990102268028], [-79.1241770801641, 43.7986883817759], [-79.124201774365, 43.7983530632938], [-79.1242586249483, 43.798048202284], [-79.1243552741194, 43.7977321396357], [-79.1242252226761, 43.7974272942291], [-79.1238450235658, 43.7972784341596], [-79.1235722800996, 43.797204969135], [-79.1234741868708, 43.7971785517614], [-79.1231071681342, 43.7972345891612], [-79.1227345018367, 43.7973289605137], [-79.1223445925156, 43.7974262170393], [-79.121932277766, 43.7974029991345], [-79.1215104833191, 43.7972515453909], [-79.1211740217565, 43.7970220902171], [-79.1208809047013, 43.7967262235433], [-79.1205884578191, 43.7964545173389], [-79.1203061840931, 43.7961544636336], [-79.1201781642125, 43.7958583333808], [-79.1202725471391, 43.7956184340415], [-79.1206274459738, 43.7954970713493], [-79.1211120331946, 43.7953254072297], [-79.121231111, 43.7952022525052], [-79.1212103248151, 43.7949479648729], [-79.121003344313, 43.7947406038787], [-79.1206742928417, 43.7947252004511], [-79.1203292724575, 43.7947570979442], [-79.1199946615895, 43.7948150242537], [-79.1196745266738, 43.7948181089001], [-79.1193212413309, 43.7947972112552], [-79.118980139766, 43.7947206541798], [-79.1186400074847, 43.7945875632566], [-79.1186345810191, 43.7945850068325], [-79.118413062868, 43.7944806195011], [-79.1182358879719, 43.7944339150574], [-79.1181132600943, 43.794401587388], [-79.117738216665, 43.7943518715531], [-79.1174379753877, 43.7943437650653], [-79.1171359300426, 43.7943652204404], [-79.1167597496474, 43.7944916315953], [-79.1166657962723, 43.794539949586], [-79.1164427310033, 43.7946585831104], [-79.1161773751258, 43.7947621323129], [-79.1159393013701, 43.7948102356439], [-79.1156747682202, 43.7948026225594], [-79.115498955481, 43.7947277719409], [-79.1152736124458, 43.7946063445344], [-79.1159424395583, 43.7944870968242], [-79.1162137435027, 43.7943840631977], [-79.1170176569681, 43.7942542993593], [-79.1169698022336, 43.794209754442], [-79.1169525370164, 43.7941716578235], [-79.1170157634941, 43.7941227235684], [-79.1172671419926, 43.7939071966046], [-79.11757446655, 43.7935816915123], [-79.1179137642887, 43.7933062127169], [-79.1181655113371, 43.7931176253492], [-79.1185268264349, 43.792820039488], [-79.1188032897672, 43.7924918446906], [-79.1189900419898, 43.7923230481878], [-79.1193416282516, 43.7920024383905], [-79.1195693447884, 43.7918082231499], [-79.1197465763527, 43.7916352351766], [-79.1199398622345, 43.7914345768316], [-79.1200787689539, 43.7912677976753], [-79.1201747101435, 43.7911476454364], [-79.1202810873384, 43.7910139270796], [-79.120338427541, 43.7908614223962], [-79.1203895416276, 43.7907168720022], [-79.1204243068831, 43.79059927968], [-79.1204256951124, 43.7905900041245], [-79.1204298222085, 43.790570080326], [-79.120423719671, 43.7905565943668], [-79.1203771905432, 43.7904675806613], [-79.1203341789131, 43.7904117837937], [-79.1202763330687, 43.7903478726109], [-79.1201999242218, 43.7902838907117], [-79.1200857323869, 43.7902214753852], [-79.1200593344532, 43.7902126745374], [-79.1199229977441, 43.7903958443071], [-79.1199094222794, 43.7904047732885], [-79.1198868385537, 43.7904136723086], [-79.1198676582147, 43.7904168759268], [-79.1198473751251, 43.7904176275661], [-79.1198215100412, 43.7904110067097], [-79.1198024197236, 43.790401969078], [-79.1197957121784, 43.7903937827386], [-79.1197890252908, 43.7903823380579], [-79.1197879722015, 43.7903700930161], [-79.1197892012063, 43.7903545881555], [-79.1198017235858, 43.7903334141465], [-79.1200074177016, 43.7900484743149], [-79.1202050980928, 43.789784714136], [-79.1202197709954, 43.789779047175], [-79.1202378307476, 43.7897742105689], [-79.1202535981361, 43.7897742629592], [-79.1202716010689, 43.7897784002878], [-79.1202861985194, 43.7897866128135], [-79.1203019039151, 43.789796458223], [-79.1203130907616, 43.7898095560303], [-79.1203175266388, 43.7898193639985], [-79.1203208132653, 43.7898340647646], [-79.1203207616423, 43.7898422196187], [-79.1203161810915, 43.7898552650446], [-79.1203093546748, 43.7898658547012], [-79.1202945918943, 43.7898837539134], [-79.1202571029825, 43.7899350438248], [-79.1202764024595, 43.7899502838562], [-79.1203328147785, 43.7899383107392], [-79.1204035070893, 43.7899277801992], [-79.1204581181651, 43.7899118045351], [-79.12051523695, 43.7898922457198], [-79.1205699285483, 43.7898654959145], [-79.1206184426508, 43.7898351431266], [-79.1206682673512, 43.7897940203126], [-79.1207193504655, 43.7897484100877], [-79.1207679598202, 43.789701000406], [-79.1208053966115, 43.7896598274247], [-79.1208328897355, 43.7896231220087], [-79.1208593312373, 43.789573901523], [-79.1208930180784, 43.7895008610637], [-79.1209122185337, 43.7894590334791], [-79.1209907751831, 43.7892951583561], [-79.1210274564717, 43.7892024063009], [-79.1210402299295, 43.789149251958], [-79.1210244115439, 43.7890924023561], [-79.1210074009487, 43.789025629549], [-79.1209772848958, 43.7889603434705], [-79.1209702154355, 43.7889524080295], [-79.1209585447159, 43.7889392006662], [-79.120925402674, 43.7889398648446], [-79.1208694417337, 43.7889985376344], [-79.1208522570073, 43.7890124143819], [-79.1208329325529, 43.789024735833], [-79.1208104615159, 43.7890316371602], [-79.1207954993029, 43.7890300393233], [-79.120783760033, 43.7890276780807], [-79.1207688445634, 43.7890206527119], [-79.1207507501491, 43.7890074330139], [-79.1207465272476, 43.7889973467327], [-79.1207455321256, 43.7889857319684], [-79.1207466789787, 43.7889733502144], [-79.1207510217189, 43.788962518259], [-79.1207618125355, 43.7889478462132], [-79.1208005323, 43.7889100259067], [-79.1208844562424, 43.7888228043019], [-79.1209985924774, 43.7886892279732], [-79.1211751263664, 43.7884908071682], [-79.1211912107631, 43.7884838936019], [-79.1212147477851, 43.7884793270258], [-79.1212307832919, 43.7884801542674], [-79.121245713403, 43.7884848483313], [-79.1212617071601, 43.7884903200155], [-79.121272351079, 43.788498879361], [-79.1212797721499, 43.7885081931226], [-79.1212839827394, 43.7885182703431], [-79.1212838995944, 43.7885314387269], [-79.121280630459, 43.7885414911623], [-79.1212687787903, 43.7885569428415], [-79.1212429602164, 43.7885824115023], [-79.1212824106181, 43.7885980241836], [-79.1213752610054, 43.7886200155494], [-79.1214050239469, 43.7886251457786], [-79.1214389665254, 43.7886216397542], [-79.1214975553282, 43.7886031924516], [-79.1215491899463, 43.7885762520245], [-79.1215962062855, 43.788540817215], [-79.1216362328362, 43.7884985903933], [-79.1217186982526, 43.7884039644081], [-79.1218483592217, 43.7882434081955], [-79.1219449707059, 43.7881318797095], [-79.1219709693035, 43.7880895973633], [-79.1220041978565, 43.7880100652226], [-79.1220186114847, 43.7879508044126], [-79.1220306447768, 43.7878966213697], [-79.1220239576752, 43.7878457518415], [-79.1220124565436, 43.787813516744], [-79.1219892851668, 43.7877778586201], [-79.1219568115089, 43.7877336906528], [-79.1219273210552, 43.7877090470062], [-79.121922982479, 43.7877034969558], [-79.1219116593424, 43.7876785173515], [-79.1217993646187, 43.7877847192567], [-79.1217930739961, 43.7877892350125], [-79.1217805070505, 43.7877959982842], [-79.1217637844926, 43.7877997234205], [-79.1217491855369, 43.7877996751057], [-79.1217356321307, 43.7877973619632], [-79.1217220930304, 43.7877927805804], [-79.1217064933224, 43.7877859240894], [-79.1216929923189, 43.7877753030674], [-79.1216836660545, 43.7877646868615], [-79.1216785192391, 43.7877533283942], [-79.1216775375073, 43.7877435049057], [-79.1216817884831, 43.787731421451], [-79.1216881458691, 43.7877163205869], [-79.1217458659677, 43.7876620907643], [-79.1220565257061, 43.7873721207701], [-79.1221771684851, 43.7872659462013], [-79.1221939022552, 43.787258440564], [-79.1222127119002, 43.7872547312643], [-79.1222221048456, 43.7872547623122], [-79.1222439569731, 43.7872631425888], [-79.1222678897515, 43.7872745631208], [-79.1222803488862, 43.7872829213474], [-79.1222907189001, 43.7872935319537], [-79.1222948268922, 43.7873041308659], [-79.1222937260994, 43.7873132003733], [-79.1222915798995, 43.7873245167099], [-79.1222820964256, 43.7873388601831], [-79.1222684461312, 43.7873539189762], [-79.1222871611807, 43.7873612897503], [-79.1224126657565, 43.7874064400988], [-79.1224781893517, 43.7874032721252], [-79.1225976055628, 43.7873833239459], [-79.1226963367966, 43.7873057090869], [-79.1227904069074, 43.787226368542], [-79.1228188024389, 43.7871722394102], [-79.1229156660322, 43.7870200437782], [-79.1230054116972, 43.7868813802936], [-79.1230457147591, 43.7867967945267], [-79.123088383774, 43.7867054206883], [-79.123093364155, 43.7866562909033], [-79.1230984208034, 43.7865969990852], [-79.1230846368208, 43.7865562774887], [-79.1230731796848, 43.7865189659941], [-79.123029152986, 43.7864527344361], [-79.1230176702442, 43.7864610226139], [-79.1229306644514, 43.7865355170484], [-79.1229242534698, 43.7865354958971], [-79.1229029181125, 43.7865338773088], [-79.1228901182504, 43.7865322958812], [-79.1228709490893, 43.7865260398474], [-79.1228581881648, 43.7865182657622], [-79.1228454758574, 43.7865027598589], [-79.1228391842107, 43.7864857359479], [-79.1228392911176, 43.7864687331519], [-79.123253625482, 43.7860912238071], [-79.1232836224615, 43.7860727623372], [-79.123298607712, 43.7860666279473], [-79.1233178253806, 43.7860651430908], [-79.123339160583, 43.7860667616013], [-79.1233626036586, 43.7860730226402], [-79.1233795969253, 43.7860854552038], [-79.1233837835138, 43.7860993847592], [-79.1233815494472, 43.7861148413528], [-79.1233772005444, 43.7861287427815], [-79.1233642939991, 43.7861441642052], [-79.1233437058157, 43.7861640608813], [-79.1234927253611, 43.7861958398456], [-79.1236545549059, 43.7861285852713], [-79.1237510833323, 43.7860272352291], [-79.1238408592728, 43.7858851777338], [-79.1239589772435, 43.7856991618454], [-79.1239971831245, 43.7855722004635], [-79.1239864549832, 43.7854145642239], [-79.1239164640059, 43.7853855212888], [-79.1239077827899, 43.7853948809106], [-79.1238778490354, 43.7854291037495], [-79.1238563491839, 43.7854537771252], [-79.1238306335953, 43.7854691564471], [-79.1238177952134, 43.7854737497779], [-79.1237985971645, 43.7854721383914], [-79.1237858072139, 43.7854690089006], [-79.1237708997849, 43.785462767045], [-79.1237517501796, 43.7854534328326], [-79.1237475857408, 43.7854379461649], [-79.1237497975521, 43.785424037685], [-79.1237563247688, 43.7854055078246], [-79.1240619164339, 43.785002902314], [-79.1240898656037, 43.7849720663267], [-79.124107023516, 43.784958197995], [-79.1241219696577, 43.7849582471504], [-79.1241433141894, 43.7849583173455], [-79.1241603681704, 43.7849630180158], [-79.1241731262104, 43.7849692437521], [-79.1241901511566, 43.7849785799096], [-79.1241986090111, 43.7849909752864], [-79.1241985411768, 43.7850018034347], [-79.1241941731481, 43.7850188012265], [-79.1241059216165, 43.7851360298908], [-79.1241485069433, 43.785154730292], [-79.1242018297095, 43.7851610894162], [-79.1242381177797, 43.7851596605319], [-79.124278769623, 43.7851458784158], [-79.1243643292579, 43.7851152317358], [-79.1244520284238, 43.785086149219], [-79.1245420650293, 43.7850230410037], [-79.124631901534, 43.7849601120822], [-79.1247291164579, 43.7848338572919], [-79.1248218531546, 43.7846746435417], [-79.1248961020684, 43.7845353065631], [-79.1249383802151, 43.7843725966722], [-79.124925349992, 43.7842529287469], [-79.1248663802265, 43.7841463867254], [-79.124681847894, 43.7843185938047], [-79.1246726666125, 43.7843185636543], [-79.1246589133261, 43.7843185184884], [-79.1246313943294, 43.784318428111], [-79.1246176286191, 43.7843183828994], [-79.1245993616738, 43.7843050282163], [-79.1245902343879, 43.7842983553945], [-79.1245903383683, 43.7842817396297], [-79.1245904631896, 43.784261793511], [-79.1251118212195, 43.7837683250088], [-79.1251394022274, 43.7837584512097], [-79.1251396012333, 43.7837584158578], [-79.1251570802308, 43.7837626587161], [-79.1251782040098, 43.7837701539359], [-79.1251918176239, 43.7837786146488], [-79.1252020054134, 43.7837885493143], [-79.1252053663477, 43.783797462465], [-79.1252053106759, 43.7838063734129], [-79.1252025186701, 43.7838157704503], [-79.1251935552193, 43.7838286126889], [-79.1251722303116, 43.7838513156431], [-79.1251371681764, 43.7838893114831], [-79.1250928047088, 43.7839385372299], [-79.1251074145558, 43.783948621426], [-79.1251312439058, 43.783962552344], [-79.1251768803768, 43.7839839897191], [-79.1252157457212, 43.7839974748665], [-79.1252389628213, 43.7840000353125], [-79.12527790859, 43.7840006490701], [-79.1253134345937, 43.7839997754162], [-79.125360614006, 43.7839929991974], [-79.125428329867, 43.7839803495122], [-79.1254519427742, 43.7839752332383], [-79.1255046133093, 43.7839625342015], [-79.1255771524566, 43.7839434644159], [-79.125673205797, 43.7839151734206], [-79.1256772218321, 43.7839126932576], [-79.1257136473633, 43.7838871142913], [-79.1257787787708, 43.783838622389], [-79.1258894548923, 43.7837426094917], [-79.126106341924, 43.7835272918092], [-79.1262356649574, 43.7833814912437], [-79.1263835193488, 43.7832124831537], [-79.1265590650294, 43.7830136635525], [-79.126688596874, 43.7828379433423], [-79.1267718465394, 43.7827285452975], [-79.1268230635925, 43.7826057569157], [-79.1268589967243, 43.7825073297128], [-79.1268695485133, 43.7824847172836], [-79.1268804146262, 43.7824375327562], [-79.1268423517727, 43.7823250922124], [-79.1267599108302, 43.7822686648779], [-79.1266861750751, 43.7822288550268], [-79.1266757059069, 43.7822122317216], [-79.1266898814648, 43.7821982452397], [-79.1267497433592, 43.7822035443988], [-79.1268077855858, 43.7822177667202], [-79.1268904770031, 43.7822359129713], [-79.1269415862153, 43.7822322543209], [-79.1270280752911, 43.7822050921062], [-79.1271747836356, 43.7821277108688], [-79.1272385622882, 43.7820704915968], [-79.1272493091395, 43.7820424430755], [-79.1272758879424, 43.7820157243472], [-79.1273218517838, 43.7819903469866], [-79.1276905148002, 43.7816316467252], [-79.1279017418019, 43.7813751628766], [-79.1279865915057, 43.781259486327], [-79.1280164054363, 43.7812318508346], [-79.1280487212498, 43.7811733855499], [-79.1280943660757, 43.7810890853333], [-79.1281324227231, 43.7810183791426], [-79.1281741342736, 43.7809613035634], [-79.1282139445147, 43.7809083083041], [-79.1282706244654, 43.7808635409406], [-79.1282764249373, 43.7808376815096], [-79.1282764924719, 43.7808267813407], [-79.128269001694, 43.780822679458], [-79.128244632841, 43.7808116908069], [-79.1282296474049, 43.7808021098489], [-79.1282090640638, 43.780785696811], [-79.1281997902646, 43.7807666022143], [-79.1282054894645, 43.7807570885396], [-79.1282111633397, 43.7807516613029], [-79.1282243195008, 43.7807517040986], [-79.1282468800188, 43.7807517774824], [-79.1282656425692, 43.7807572842027], [-79.1282937588473, 43.7807709943822], [-79.1283274561656, 43.7807942639196], [-79.1283611535099, 43.7808175334472], [-79.1283855264473, 43.7808298722587], [-79.1284156284014, 43.7808258746077], [-79.1284363129876, 43.7808259508563], [-79.1284777289301, 43.7808165442763], [-79.1285304712133, 43.7808017378018], [-79.1285869271614, 43.7807951074114], [-79.1286434296735, 43.7807789449298], [-79.1287074903558, 43.7807559931061], [-79.1287395563822, 43.7807397511894], [-79.128764110815, 43.7807207575178], [-79.1287717953703, 43.7806935450075], [-79.1287832020383, 43.780673149453], [-79.128804021505, 43.7806514162939], [-79.1288606669759, 43.7806121122199], [-79.1289295242331, 43.780574873024], [-79.1290068249168, 43.7805383452812], [-79.1290822575975, 43.7805045387712], [-79.1291180836339, 43.7804869407756], [-79.1291521010747, 43.7804584455121], [-79.1291729455347, 43.7804326348463], [-79.1291880953996, 43.7804136105685], [-79.1292013733314, 43.78039594839], [-79.1292372329196, 43.7803729047713], [-79.129254313055, 43.78034709088], [-79.1292808312251, 43.7803158439031], [-79.1293016631568, 43.7802900331726], [-79.1293093598908, 43.7802628116623], [-79.1293114125101, 43.7802342126725], [-79.129307951287, 43.7801851631939], [-79.1293098141947, 43.7801289570682], [-79.1293758433224, 43.780066739243], [-79.1294261218317, 43.7800162258107], [-79.1294963889143, 43.7799657771548], [-79.1295966996998, 43.7799045614401], [-79.1297421701623, 43.7798109167876], [-79.1298326139323, 43.7797279491276], [-79.1298982088419, 43.7796231811602], [-79.1299738386706, 43.7795148361813], [-79.1300492996284, 43.7794318198369], [-79.1301596737684, 43.7793561623476], [-79.1302250570665, 43.7792875871218], [-79.1303005049116, 43.7792045795667], [-79.1303609929275, 43.779117896116], [-79.1304316149324, 43.779009525627], [-79.1305925442496, 43.7788399151515], [-79.1307336404174, 43.7786448931283], [-79.1308945332172, 43.7784789005608], [-79.1310523004834, 43.778326084358], [-79.1311533008343, 43.7782570744876], [-79.1313549574335, 43.7781122664985], [-79.1315069236066, 43.7780075871059], [-79.1316497567333, 43.7778849747848], [-79.1318143419222, 43.7777400464928], [-79.1319531541187, 43.7775983383911], [-79.1319827969032, 43.7775939602707], [-79.1320063322994, 43.7775705970515], [-79.1320198472864, 43.7775565807661], [-79.1320394251615, 43.7775303154282], [-79.1320180852275, 43.7775197963857], [-79.1320096254853, 43.7775197691481], [-79.1320021617535, 43.7775193850707], [-79.1319962352063, 43.7775114269722], [-79.1319942940281, 43.777503850753], [-79.131994367007, 43.777491951465], [-79.1319973851795, 43.7774879916749], [-79.1320098997242, 43.7774750523075], [-79.1320234315272, 43.7774603159834], [-79.1320479474089, 43.7774391161883], [-79.1320603312386, 43.777449516382], [-79.1320747117952, 43.7774645135897], [-79.1321111236423, 43.7774887088809], [-79.1321310962252, 43.7774831564486], [-79.132133341868, 43.7774775469576], [-79.1321770223559, 43.777402230882], [-79.1322786574526, 43.7772676936583], [-79.1323445163032, 43.777187642254], [-79.1324203772019, 43.7771011871545], [-79.1325173921781, 43.7769987509658], [-79.13258986697, 43.7769235273037], [-79.1326435418351, 43.7768550930476], [-79.1326444908964, 43.7768542859942], [-79.1326558489015, 43.776837445338], [-79.1326845601671, 43.7767781750087], [-79.1327115020043, 43.7767542825191], [-79.132746446884, 43.7767075888143], [-79.1327703396729, 43.7766642890275], [-79.132797428106, 43.7766164269164], [-79.1328054436095, 43.776593616742], [-79.1328087540679, 43.7765662368673], [-79.1327207837865, 43.7765225686492], [-79.1327160858104, 43.7765168468208], [-79.1327130058799, 43.7765065576058], [-79.1327099344639, 43.7764928479797], [-79.1327162884432, 43.7764837412287], [-79.1327257697567, 43.7764792081118], [-79.1327383923987, 43.7764769623803], [-79.1327541438929, 43.776477012994], [-79.1327887431586, 43.776490823919], [-79.1328751722873, 43.7765264941102], [-79.1329238912155, 43.7765471912243], [-79.1329412063791, 43.7765495331274], [-79.1329506667641, 43.776548420363], [-79.1329585704346, 43.7765438821603], [-79.1329775470266, 43.7765325296375], [-79.1330170848702, 43.7765086775229], [-79.1331484129618, 43.7764177734223], [-79.1331879661358, 43.7763893577122], [-79.1332379437311, 43.776338265529], [-79.1332398767224, 43.7763370385738], [-79.1337901643696, 43.7758453508084], [-79.1338742109302, 43.775758389882], [-79.1339813817332, 43.7756398278844], [-79.1340559984021, 43.7755265082428], [-79.1340547749168, 43.7754847299636], [-79.1339856723074, 43.7754455516887], [-79.1339286340317, 43.7754284198385], [-79.1338833954383, 43.7753972929571], [-79.1338114960869, 43.7753563953979], [-79.1337716227227, 43.7753214151647], [-79.1337690938683, 43.7752981570766], [-79.133761281915, 43.7752632795697], [-79.1337350466077, 43.7751838053052], [-79.1337300715124, 43.7751237606535], [-79.1337438388163, 43.7750560350689], [-79.1337547469384, 43.7750212085465], [-79.1337711146146, 43.7749670470313], [-79.1337954117785, 43.7749264576603], [-79.1338545701075, 43.7748627479846], [-79.1339083526788, 43.7748086973018], [-79.1339503143047, 43.7747741772487], [-79.1339681933218, 43.774753243812], [-79.1339887076348, 43.7747605284361], [-79.1340185439296, 43.7747689770528], [-79.1340685812704, 43.7747851593262], [-79.1340870620833, 43.7747673872036], [-79.1340281783741, 43.7747209417273], [-79.1340141051963, 43.7747085290745], [-79.1340401073658, 43.7746755240831], [-79.1340610989889, 43.7746330518287], [-79.1340708443928, 43.7744568043754], [-79.1340418432295, 43.7743908770573], [-79.1339971840787, 43.7742648618717], [-79.1339921261156, 43.7742183726993], [-79.1340030923319, 43.774171934841], [-79.1340112933645, 43.7741409791187], [-79.1340436138508, 43.774098489133], [-79.134062533638, 43.7740636972288], [-79.1340949255755, 43.7740115132101], [-79.1341405763917, 43.7739748716184], [-79.1342071246644, 43.7741027030366], [-79.1345370835827, 43.7747364139088], [-79.1347790221451, 43.7752011518685], [-79.1348416321906, 43.7753315266341], [-79.1349358164022, 43.7754849731667], [-79.135032442324, 43.7756945496168], [-79.1351444193446, 43.7759374252493], [-79.1351495689727, 43.7759506193786], [-79.1353421532018, 43.7764434351088], [-79.1353759421219, 43.7765314121727], [-79.1354982091891, 43.7768497589172], [-79.1357535359082, 43.7774466202543], [-79.1360055358346, 43.7780357023715], [-79.1362998013433, 43.7787235529848], [-79.1366757917755, 43.7796024239373], [-79.137424289018, 43.7813993146717], [-79.137628011871, 43.7818825121982], [-79.1385286555556, 43.7840184372595], [-79.1391557908426, 43.7855236725278], [-79.1394060517153, 43.7861362068127], [-79.140203809803, 43.7880270605876], [-79.140521705, 43.788733542883], [-79.1409163814872, 43.7896603071782], [-79.1411384575835, 43.7902253487177], [-79.1416330829028, 43.7914552221261], [-79.141864118085, 43.7919933407913], [-79.1422435628748, 43.7928996196953], [-79.1426728716326, 43.7938707352062], [-79.1427334124253, 43.7940083086663], [-79.1427498489635, 43.7940568401124], [-79.1427608754589, 43.7940811236133], [-79.1428258442755, 43.7942493416925], [-79.1431125251809, 43.7949913989366], [-79.1434975925383, 43.7959260173056], [-79.1435318882883, 43.7960266308233], [-79.1435697360761, 43.7961045995792], [-79.1436083932298, 43.7961823098129], [-79.1436478339364, 43.7962599234632], [-79.1436880093487, 43.7963372963592], [-79.143729068961, 43.796414365958], [-79.1437707254164, 43.7964913923958], [-79.1438131419189, 43.7965680971457], [-79.1438452466767, 43.7966213938304], [-79.1438781347359, 43.7966746299385], [-79.1439117458899, 43.7967274812413], [-79.143946116244, 43.7967801458754], [-79.1439812338542, 43.7968325427927], [-79.1440170861886, 43.7968846899558], [-79.1440536864767, 43.7969364523885], [-79.1440908965314, 43.796988081691], [-79.1441289784343, 43.7970393896553], [-79.1441677084015, 43.797090393586], [-79.1442071611004, 43.7971410757126], [-79.1442474106647, 43.7971915082743], [-79.1442883575228, 43.7972417179635], [-79.1443299033306, 43.7972915244511], [-79.1443390483131, 43.7973022012366], [-79.1443734314392, 43.7973423542181], [-79.1444151756367, 43.7973901630423], [-79.1444589265636, 43.7974390672292], [-79.1445033386307, 43.7974875594039], [-79.144548448425, 43.7975357566939], [-79.1445679864971, 43.7975562229988], [-79.144594218294, 43.7975837219892], [-79.1446493039922, 43.7976429226266], [-79.1446877296205, 43.7976783174861], [-79.1447120446627, 43.7977021470337], [-79.1447355566264, 43.7977251909822], [-79.14478398243, 43.7977716882721], [-79.1448330694856, 43.7978177555421], [-79.1448514110895, 43.7978346446346], [-79.1448532279596, 43.7978363154877], [-79.1448828293141, 43.7978635458465], [-79.1449333002095, 43.7979088882818], [-79.1449550085209, 43.7979280560991], [-79.1447880130699, 43.7980646422654], [-79.1448186494829, 43.7980493185601], [-79.1448428276876, 43.7980375392214], [-79.1448795935146, 43.7980196242219], [-79.1449947423083, 43.7979629508549], [-79.1450882187093, 43.7980426580567], [-79.1451946864538, 43.7981299484513], [-79.1453589114562, 43.7982578420108], [-79.1454165893438, 43.7982992190968], [-79.1455282452769, 43.7983961474702], [-79.1456423834057, 43.7984915802422], [-79.1457591543989, 43.7985852568399], [-79.1458802632871, 43.7986788567464], [-79.1460617080446, 43.7988121943081], [-79.1462234176471, 43.7989247319134], [-79.1491468624018, 43.7970696658136], [-79.1491712484624, 43.7970540067113], [-79.1494460677146, 43.7968775638743], [-79.1494807692665, 43.7968552845155], [-79.1503721361534, 43.7962830140707], [-79.1508941680857, 43.7959478508044], [-79.1510848956784, 43.7958253878695], [-79.1514531642315, 43.7955889718905], [-79.1514843123285, 43.79558772571], [-79.1515766471156, 43.7955845958117], [-79.1516688670243, 43.7955819875538], [-79.1517612074248, 43.7955800276696], [-79.1518535442141, 43.7955786887774], [-79.1519460264582, 43.7955779803322], [-79.1520383564512, 43.7955778114162], [-79.152130683468, 43.7955781554806], [-79.1522231681129, 43.7955791750344], [-79.1523154628704, 43.795580797011], [-79.1524077916254, 43.7955829860873], [-79.1525001043621, 43.7955857961179], [-79.1525940565452, 43.7955887550754], [-79.1526848620168, 43.795592199455], [-79.1527755526397, 43.7955961654788], [-79.1528661153646, 43.7956007611209], [-79.1529568110947, 43.7956059961749], [-79.1530472303898, 43.7956117613841], [-79.1531376840139, 43.79561803969], [-79.1532281088489, 43.7956250019224], [-79.153318282161, 43.7956324853856], [-79.1534084525307, 43.7956404818328], [-79.153498619128, 43.7956491352795], [-79.1535885460121, 43.7956584180072], [-79.1536783461141, 43.795668141335], [-79.1537681303373, 43.7956784676195], [-79.1538578112846, 43.795689468605], [-79.1539472158214, 43.7957009997495], [-79.1540364931697, 43.7957130435032], [-79.1541256429684, 43.795725662873], [-79.154214689813, 43.7957389029394], [-79.1543035844679, 43.7957526825435], [-79.1543922394842, 43.7957670824314], [-79.1544807802689, 43.7957819049579], [-79.1545690438293, 43.7957974016623], [-79.1546571670656, 43.7958135369543], [-79.1547450767696, 43.7958300765839], [-79.1548328337276, 43.7958472547643], [-79.1549203389459, 43.795864999188], [-79.155007605112, 43.7958832648883], [-79.1550947440134, 43.7959020612041], [-79.155181493974, 43.7959215133621], [-79.1552681293078, 43.7959414601703], [-79.1553544756337, 43.795961973112], [-79.155440470822, 43.7959830520007], [-79.1555263266404, 43.796004607464], [-79.1556118188986, 43.7960267288382], [-79.1556971961785, 43.7960494078715], [-79.1557821604035, 43.7960726166634], [-79.1558668975584, 43.7960964277835], [-79.1559512343469, 43.7961207236962], [-79.1560363392154, 43.796145444911], [-79.1583935824414, 43.7969398341267], [-79.1586651214964, 43.7970313317286], [-79.1606045756825, 43.7976942344967], [-79.1613056681849, 43.7979338629042], [-79.1621914991879, 43.798236617979], [-79.1652328497924, 43.7992894537735], [-79.1652949614345, 43.7993139297091], [-79.1653575976778, 43.7993379390886], [-79.1654204733008, 43.7993613730629], [-79.165483749302, 43.7993843311151], [-79.1655474763929, 43.7994066333705], [-79.1656114803413, 43.7994283243243], [-79.1656760087344, 43.7994495757215], [-79.1657407519972, 43.7994701886311], [-79.1658058959328, 43.7994902716096], [-79.1658712919158, 43.7995097342106], [-79.1659370267338, 43.7995286126917], [-79.166003174898, 43.7995469162714], [-79.1660695499995, 43.7995646444042], [-79.1661362262991, 43.7995818513133], [-79.1662031174063, 43.7995984287326], [-79.1662703848723, 43.7996143771334], [-79.1662906901922, 43.7996190179932], [-79.1663164939314, 43.799624899055], [-79.1663379038728, 43.7996297951628], [-79.1664056627801, 43.7996445387687], [-79.1664727026982, 43.7996589651971], [-79.1665547526359, 43.7996782689802], [-79.1666369047466, 43.799697086942], [-79.1667193341095, 43.7997152215681], [-79.1668039277021, 43.7997330294029], [-79.1668850363087, 43.799749566861], [-79.1669683211175, 43.7997658585714], [-79.1670517468195, 43.7997814035388], [-79.1671354240073, 43.7997964271128], [-79.1672193539277, 43.7998107042686], [-79.167303386203, 43.7998244595958], [-79.1673877084871, 43.7998374686123], [-79.1674721335205, 43.7998498837918], [-79.1675567111594, 43.7998616782756], [-79.1676403787053, 43.7998762423947], [-79.167724061862, 43.7998902394274], [-79.1678079958964, 43.7999038230766], [-79.1678921700749, 43.7999166872724], [-79.1679763842134, 43.7999290744631], [-79.1680608124403, 43.7999409581509], [-79.168145381137, 43.7999521671003], [-79.1682300900019, 43.7999627553168], [-79.168314900705, 43.7999729117124], [-79.1683998515716, 43.7999824473746], [-79.1684849422509, 43.7999914253098], [-79.1685701478362, 43.7999998544467], [-79.1686553692556, 43.80000767149], [-79.1687408049445, 43.8000149490236], [-79.1688262940425, 43.8000215605654], [-79.1689118604073, 43.8000276862067], [-79.1689887959692, 43.8000326796497], [-79.1695203812701, 43.8000752361122], [-79.1702090407812, 43.8000992060942], [-79.170787681116, 43.8001117566896], [-79.1713371380295, 43.8001000974398], [-79.1717454902952, 43.8000867432048], [-79.1725469718201, 43.8000347926127], [-79.1734056170689, 43.7999374090998], [-79.1750194010908, 43.7997110765569], [-79.177327943173, 43.7993723976099], [-79.1785105576528, 43.799208777575], [-79.1821025616852, 43.7987116660648], [-79.1874109519389, 43.7979318870872], [-79.1874816878528, 43.7980961349818], [-79.1883156184824, 43.800032212975], [-79.188398920978, 43.800225640135], [-79.1885888468076, 43.8006665375037], [-79.1887857843249, 43.8011242497014], [-79.1896322425013, 43.8030044632757], [-79.1901539855139, 43.8041633411147], [-79.1885053540286, 43.8045279412667], [-79.1879828075391, 43.8046345382143], [-79.1873613469893, 43.8047948779022], [-79.1866090093578, 43.8049770071376], [-79.1852080684558, 43.8052570880795], [-79.1835532504602, 43.8056144437882], [-79.1827383080927, 43.8057904154177], [-79.1803937398163, 43.8062880260528], [-79.1802024492144, 43.806332271468], [-79.1785200380699, 43.8066949676782], [-79.1755487612487, 43.8073366131923], [-79.1738951526607, 43.8076995480321], [-79.1709944118865, 43.8083365866674], [-79.1708114233792, 43.808376222677], [-79.1683258219066, 43.8089271857777], [-79.1674318920506, 43.8091316314136], [-79.1672493766931, 43.8091456279465], [-79.1671078902576, 43.8091484743201], [-79.1669571670648, 43.8091471620958], [-79.1668450234069, 43.8091371050542], [-79.166733124518, 43.8091344475236], [-79.166642955012, 43.8091245623719], [-79.1665357180593, 43.8091172736764], [-79.1664378872341, 43.8090971047505], [-79.1663403907139, 43.8090816442942], [-79.1662341807912, 43.8090573462279], [-79.1661970267893, 43.8090466884241], [-79.1660772173145, 43.8092681616307], [-79.1660096494786, 43.8093621787429], [-79.1659392706109, 43.8094230635372], [-79.1658655458431, 43.8094687446434], [-79.1657384965102, 43.8095215246434], [-79.1656059470607, 43.8095531178147], [-79.1643900580799, 43.8098428367247], [-79.16431538164, 43.8098606196159], [-79.1642368147925, 43.8098783910289], [-79.1641551530079, 43.8098961532931], [-79.1640680975981, 43.8099048985429], [-79.1639732862904, 43.8099136209229], [-79.1638784625262, 43.8099223431877], [-79.16379145753, 43.8099220872726], [-79.1636748824751, 43.8099307453792], [-79.1635373897067, 43.8099303406849], [-79.1631489620359, 43.8099292054998], [-79.1630611358201, 43.8099379477106], [-79.1629958820614, 43.8099377553138], [-79.1629259166998, 43.809946550086], [-79.1628714373026, 43.8099643915994], [-79.1628021536588, 43.8099911905112], [-79.1627553918516, 43.8100180558411], [-79.1627077455979, 43.8100629297469], [-79.1626375649624, 43.8101077281152], [-79.1624645122651, 43.8102152303797], [-79.1624099310896, 43.8102510735751], [-79.1623585586017, 43.8102689240203], [-79.1622597038741, 43.8103046453386], [-79.1621267066251, 43.810331255537], [-79.1619446225104, 43.8103847237003], [-79.1617097131671, 43.8104380352234], [-79.1613853591237, 43.8105090924934], [-79.1608229985544, 43.8106334403536], [-79.1598827940446, 43.8108418480344], [-79.1598211523017, 43.8108555082668], [-79.1579908490931, 43.8112641323176], [-79.1566544617631, 43.8115571796246], [-79.1565719875494, 43.8115749340232], [-79.1565128045308, 43.8116017594646], [-79.1564891652066, 43.8116230570251], [-79.1564729600886, 43.8116376441044], [-79.156437853119, 43.8116645508733], [-79.1557446664255, 43.8117617110917], [-79.1513530182124, 43.8127553781283], [-79.1511931184194, 43.8127915606947], [-79.1517428539905, 43.8139846672972], [-79.1516053098728, 43.8140000630138], [-79.1512320930711, 43.8138819014438], [-79.1510048584759, 43.8136677827901], [-79.1507587637465, 43.8134417426006], [-79.1504128580098, 43.8132218503966], [-79.1501847835724, 43.8130567114894], [-79.1500745716083, 43.8129769034108], [-79.1497681654652, 43.8127159051462], [-79.1494726812546, 43.8124794315347], [-79.1490747918823, 43.8124143837054], [-79.1486410399763, 43.8124091895562], [-79.1482264905451, 43.812319622569], [-79.1479429086026, 43.8121299063233], [-79.1477254789519, 43.8119467840718], [-79.1473710040258, 43.8117670100971], [-79.1470546155621, 43.811545137489], [-79.1466722155068, 43.8113421332666], [-79.1463485718075, 43.8110993807102], [-79.1461283374886, 43.8108369650208], [-79.1461326839283, 43.8105850106756], [-79.146404423322, 43.8104812859477], [-79.1463336211917, 43.8102585326525], [-79.146095795582, 43.8100667120699], [-79.1456867650085, 43.8100204482268]]]]}}, {"type": "Feature", "properties": {"name": "Woburn North", "code": "142", "centroid": [-79.23022, 43.77975]}, "geometry": {"type": "MultiPolygon", "coordinates": [[[[-79.2244774604678, 43.7884078454381], [-79.2243027261326, 43.7883999711308], [-79.2241175202947, 43.7884293179915], [-79.2239425678812, 43.7884661242584], [-79.2237059255496, 43.7885027811419], [-79.2235361556514, 43.7885284289019], [-79.2234178123763, 43.7885542008717], [-79.223294432824, 43.788553911232], [-79.2232072249334, 43.7885127358842], [-79.2231356379402, 43.7884306431317], [-79.2230229247811, 43.7883484506746], [-79.2229050508632, 43.7882699630636], [-79.2227458568536, 43.7882360657553], [-79.2226122763032, 43.7882171272768], [-79.2223965199143, 43.7881868096603], [-79.2222783884964, 43.7881641818434], [-79.2220732404231, 43.7880594229713], [-79.2220169539418, 43.7880034250153], [-79.2219711969081, 43.7878953270486], [-79.2219304506654, 43.7878132995514], [-79.2219204861356, 43.7877462438224], [-79.2219773246227, 43.7876830770858], [-79.2221062995882, 43.7875828390222], [-79.2221116159362, 43.7875456142333], [-79.2221324769312, 43.7874786334643], [-79.2222560218105, 43.787445422517], [-79.2223383298223, 43.7874307256197], [-79.2224227277647, 43.7873966722866], [-79.2226758615993, 43.7872509282456], [-79.2227790073873, 43.7871767030425], [-79.2228872920071, 43.7871061986748], [-79.2229337380986, 43.7870653470882], [-79.2229441288686, 43.787043031446], [-79.2229699433544, 43.7870170267169], [-79.2229856890571, 43.7869463069145], [-79.2230065316572, 43.7868830524063], [-79.2229964629063, 43.7868383373392], [-79.222991731851, 43.7867489535437], [-79.2229767085526, 43.7866632622719], [-79.2229615648654, 43.7866036470114], [-79.2229104571274, 43.786540200088], [-79.2228901573709, 43.7864805723163], [-79.2228597890812, 43.7863762294581], [-79.2228603568523, 43.7862533382466], [-79.2228248230437, 43.7861564267938], [-79.2227792084711, 43.7860148002065], [-79.2227592015959, 43.7858918680823], [-79.2226682889291, 43.7856693553003], [-79.2223042198954, 43.7856763022959], [-79.2221049290873, 43.78567144335], [-79.2220023558123, 43.785649321126], [-79.2219178082983, 43.7856491154463], [-79.2217878782727, 43.7856641101861], [-79.2216669976453, 43.7856835013715], [-79.2215824297403, 43.7856876789506], [-79.2214918315267, 43.7856874582161], [-79.221431467373, 43.7856807402701], [-79.2213530246762, 43.7856608545518], [-79.2212354781658, 43.7856124387999], [-79.2210547217008, 43.7855201051153], [-79.220970430033, 43.7854729493975], [-79.2207599591931, 43.7853637465639], [-79.2206039346537, 43.7852914821268], [-79.2205049175972, 43.7852476744956], [-79.2204269879356, 43.7851952052558], [-79.220364274525, 43.7851035552101], [-79.2203136160351, 43.7850032395242], [-79.2202661517717, 43.7848680702018], [-79.2202425557235, 43.784769989989], [-79.2201890943671, 43.7846260838408], [-79.2201564074789, 43.7845432382894], [-79.2201477635685, 43.7844626208766], [-79.2201451430866, 43.784379839934], [-79.220190575432, 43.7843058897508], [-79.2202996491667, 43.7841855863956], [-79.2202523497755, 43.7839965545984], [-79.2202382534365, 43.7838409532981], [-79.2202090350279, 43.7837550558508], [-79.2200910734832, 43.7836474733594], [-79.2199730999793, 43.7835398817139], [-79.2198402047741, 43.7834590857856], [-79.219677616268, 43.783394310927], [-79.2196481482215, 43.7833620505486], [-79.2195745157017, 43.7832760439788], [-79.2195380695649, 43.7831525578319], [-79.2195089528179, 43.7830452017112], [-79.2194503309886, 43.7829109407407], [-79.2193769000521, 43.7827820170621], [-79.2193107360764, 43.7826799255986], [-79.2192591553784, 43.7826261610735], [-79.2191111778881, 43.782604329759], [-79.218962999421, 43.7826254242311], [-79.2188146952166, 43.7826733236184], [-79.2186512546092, 43.7827909354431], [-79.2185247982236, 43.7829193674878], [-79.2182796794069, 43.7830850507427], [-79.218012622777, 43.7831916768279], [-79.2178641649578, 43.7832717806994], [-79.2177380215771, 43.7833304717539], [-79.2176782798424, 43.783437608859], [-79.2176702817234, 43.7835663414945], [-79.2176030211404, 43.7837002833963], [-79.2175652654409, 43.7838557659023], [-79.2175647098386, 43.783973778546], [-79.2175271936292, 43.7840809794817], [-79.2174971453625, 43.784172104815], [-79.2174524897371, 43.7842202675686], [-79.2173487855302, 43.7842307495155], [-79.217163882387, 43.7841873656307], [-79.2169716635782, 43.7841225136021], [-79.2169275138023, 43.7840633927562], [-79.2168907305507, 43.7840150285065], [-79.2168169622402, 43.7839558252449], [-79.2167504720624, 43.783923472387], [-79.2165210785884, 43.7838960802408], [-79.216059960995, 43.78383510499], [-79.2157244283462, 43.7835588268666], [-79.215607806471, 43.7833984333543], [-79.2154497043589, 43.7832479367279], [-79.2153120523407, 43.7831525238291], [-79.2150915465404, 43.7830569132564], [-79.2149674605949, 43.783011571131], [-79.2148639787803, 43.7829912944622], [-79.214739620096, 43.7830059890573], [-79.2146772384385, 43.7830558707175], [-79.2146971637304, 43.7832210194864], [-79.2147238064461, 43.7834262131107], [-79.2147163278268, 43.7835462607292], [-79.2146884364389, 43.783606228749], [-79.2146121549723, 43.7836710715776], [-79.2145013120621, 43.7837458373002], [-79.2143491665801, 43.7837954855112], [-79.214190303837, 43.7838050886281], [-79.2139624365433, 43.783804509575], [-79.2138382067664, 43.7837891756883], [-79.2137071647982, 43.7837538240576], [-79.2136175930516, 43.7837135715589], [-79.213556165212, 43.7835633415213], [-79.2134883557566, 43.7833030114328], [-79.2133652151, 43.7830625700914], [-79.2133383141853, 43.7829124175037], [-79.2132649553188, 43.7826177969659], [-79.2128815387723, 43.7824084848562], [-79.2126814142727, 43.7823829767535], [-79.2124952000905, 43.7823324801023], [-79.2123711779417, 43.7822771440396], [-79.212261067078, 43.7822018243124], [-79.212137273034, 43.7820964601885], [-79.2116213680712, 43.7816849413084], [-79.2113600429242, 43.7814641675517], [-79.2111702820345, 43.7811808990588], [-79.2113907605777, 43.7811296544027], [-79.2119195991125, 43.7810015610571], [-79.2126295464218, 43.7808316243686], [-79.2130572634606, 43.7807298968556], [-79.2147619109426, 43.7803244404407], [-79.2171425869619, 43.7797525911282], [-79.2222172150956, 43.7785568936147], [-79.2223791272313, 43.7785186000574], [-79.2233546871851, 43.7782878986622], [-79.2265759198201, 43.777589545599], [-79.228736698705, 43.777106921751], [-79.2317568337603, 43.7764362536762], [-79.2316171793281, 43.7760668603503], [-79.2314480064281, 43.7755263844573], [-79.2311880422942, 43.7748056535613], [-79.2306814763582, 43.7734992476497], [-79.2298000514869, 43.7712480554537], [-79.2296663568849, 43.7709065861195], [-79.2295460817938, 43.7706251051358], [-79.2293673612163, 43.7701875854193], [-79.2290308250556, 43.7693637212508], [-79.2283540579001, 43.7675888932703], [-79.2279977267492, 43.7667239332944], [-79.2273883328044, 43.7651742704871], [-79.2270805301803, 43.7643994257934], [-79.2262528581716, 43.7622011499749], [-79.2257306467303, 43.7609487699109], [-79.2254827712399, 43.7603181010675], [-79.2254080092505, 43.7600298836211], [-79.2253243455431, 43.7598226553724], [-79.2258309409591, 43.7597068473046], [-79.2269792349557, 43.759466546042], [-79.2292245024234, 43.7589948064877], [-79.2302624594666, 43.7587722311282], [-79.2309235939946, 43.758638771697], [-79.2330779145789, 43.7581847715957], [-79.2352672256062, 43.7577217927048], [-79.2382466530834, 43.7570895434464], [-79.2401881819714, 43.7566618892242], [-79.2413198392026, 43.7564168873153], [-79.2422081592429, 43.7562245496478], [-79.2431214575669, 43.7560268064877], [-79.2432308774785, 43.7560031091868], [-79.2432328661623, 43.7560026995996], [-79.2454227767629, 43.7555485285071], [-79.2454366117929, 43.7556185705848], [-79.24545528568, 43.7557306409949], [-79.2454726502577, 43.7558000518419], [-79.2454722635462, 43.7558971468232], [-79.2454718349617, 43.7559953308536], [-79.2454813856339, 43.7561767531073], [-79.2455132827067, 43.7564623328714], [-79.2455143812809, 43.7564668359122], [-79.2455557209569, 43.7566019457908], [-79.2455924296487, 43.7567280441544], [-79.2456368361459, 43.7568721620127], [-79.2457028731893, 43.7570433225426], [-79.2457512052702, 43.7571784478941], [-79.245820347595, 43.7573496152546], [-79.2459079781613, 43.7575568284223], [-79.2459118021982, 43.7575658471125], [-79.2459511514404, 43.7576698712965], [-79.2462219208282, 43.7583856261373], [-79.2466700381705, 43.759619746658], [-79.2468513071832, 43.7600792086824], [-79.2468833281571, 43.7601577159156], [-79.2472408503818, 43.7610341962127], [-79.2476087221297, 43.7619801332238], [-79.2482072081534, 43.7634756490909], [-79.2486256385713, 43.7645927071611], [-79.2489583102213, 43.7654215375428], [-79.2497371192295, 43.7674305432899], [-79.2502110994834, 43.7686377551217], [-79.2504001981713, 43.7690882357451], [-79.2507626036444, 43.7700521516887], [-79.2508105259993, 43.7701834932131], [-79.251065026753, 43.7708809181929], [-79.2513322064066, 43.7716015931157], [-79.2514255281135, 43.7719348392429], [-79.2514984298459, 43.77214202457], [-79.2515095262857, 43.7723930911826], [-79.2515305519071, 43.7725081537735], [-79.2515526393736, 43.7726217874813], [-79.2515774448402, 43.7727420159424], [-79.2516057019251, 43.7728626659505], [-79.2516377758368, 43.7729765373657], [-79.2516859688125, 43.7731335593639], [-79.2517501911385, 43.7733134341036], [-79.2518721140703, 43.7736494692383], [-79.252190818482, 43.7744632176507], [-79.2522399126702, 43.7745740923757], [-79.2523969082374, 43.774952427345], [-79.2525874866379, 43.7754384256406], [-79.2529237091824, 43.7763075217974], [-79.2531310096744, 43.7768285067164], [-79.2535594294179, 43.7779294536532], [-79.2535616528707, 43.7779325368427], [-79.2535853177931, 43.7779931926489], [-79.2538487143626, 43.7786517176751], [-79.2540314353592, 43.7791085145883], [-79.2542182371588, 43.7795887859558], [-79.254225318459, 43.779606965511], [-79.2544574529699, 43.7800788728366], [-79.2544974270143, 43.7801527591576], [-79.2545364930825, 43.7802269315506], [-79.2545748131893, 43.7803012643482], [-79.2546124240499, 43.7803758926473], [-79.2546491399756, 43.7804506540292], [-79.2546852339812, 43.7805256210899], [-79.254720457709, 43.7806007662937], [-79.2547549598681, 43.7806761799718], [-79.2547886666518, 43.7807516819437], [-79.2547991338904, 43.7807774026879], [-79.2548024951525, 43.7807848268478], [-79.2548216894262, 43.7808273804627], [-79.2548327635609, 43.780853561564], [-79.2548537919242, 43.7809033290295], [-79.254885161229, 43.780979348023], [-79.2549027480408, 43.7810231133309], [-79.254915784363, 43.7810555724334], [-79.254945698741, 43.7811319663368], [-79.2549747055855, 43.7812085293076], [-79.2549798538438, 43.781222537134], [-79.2544759451015, 43.7813190102213], [-79.2518467466774, 43.781829367883], [-79.2509136397271, 43.7820094313659], [-79.2507144273161, 43.7820478729995], [-79.2506518268779, 43.7820591859059], [-79.2496610335099, 43.7822382311741], [-79.2478246126028, 43.7825700359167], [-79.2464384344804, 43.7828498031306], [-79.2452037595299, 43.783119351023], [-79.2451708926286, 43.7831265146697], [-79.243730720745, 43.7834408730397], [-79.2421438539467, 43.7838075480844], [-79.2404588438344, 43.7841995865015], [-79.2389887712312, 43.7845784363654], [-79.2374846567298, 43.7849897822501], [-79.2352915140308, 43.7855980797733], [-79.2346231156842, 43.7857834565037], [-79.2326464788605, 43.7863966882459], [-79.2318755307811, 43.7866358608017], [-79.2306781089899, 43.7870386548526], [-79.2305270424132, 43.787089875311], [-79.2303762216849, 43.7871416272165], [-79.2302258951327, 43.7871939471607], [-79.2300758144631, 43.7872467895535], [-79.2299260790296, 43.7873001636318], [-79.2297767380817, 43.7873541685259], [-79.2296279042495, 43.7874086244808], [-79.2294793160438, 43.7874636568958], [-79.2293310856898, 43.7875191760261], [-79.2291833241944, 43.7875753621588], [-79.2290358587056, 43.7876319718552], [-79.2288888500919, 43.7876891495163], [-79.2287422364302, 43.7877468499911], [-79.2285960920627, 43.7878051184634], [-79.2284502313076, 43.7878638014744], [-79.2283048145027, 43.7879231604394], [-79.2281598179777, 43.7879829342707], [-79.228015290369, 43.7880433571154], [-79.227871120789, 43.7881042216848], [-79.2277291991202, 43.7881652444461], [-79.227618028048, 43.788212802607], [-79.2275072392719, 43.7882609556459], [-79.2273968210193, 43.7883095595177], [-79.2272868850715, 43.7883586234912], [-79.2271773312503, 43.7884083183504], [-79.2270682352902, 43.7884583832442], [-79.2269596959342, 43.7885089624279], [-79.226851352653, 43.7885601000473], [-79.2267436531519, 43.7886117071619], [-79.2266362989441, 43.7886638460675], [-79.2265294520856, 43.788716400138], [-79.2264230004633, 43.7887694321145], [-79.2263169934472, 43.7888230141254], [-79.2262115189555, 43.7888769393563], [-79.2261065258902, 43.7889315137249], [-79.2260020281135, 43.7889864222261], [-79.2258978878801, 43.7890418985602], [-79.2257943791973, 43.7890977993676], [-79.2256912404799, 43.7891542680402], [-79.2255886094313, 43.7892110798812], [-79.2255210288932, 43.7892490644217], [-79.2253318474203, 43.7890798026039], [-79.2251961369606, 43.7889583570742], [-79.2248157514837, 43.7886283872413], [-79.224708230872, 43.7885350295369], [-79.224621175926, 43.7884603353967], [-79.2245545133917, 43.7884229280473], [-79.2244774604678, 43.7884078454381]]]]}}, {"type": "Feature", "properties": {"name": "Golfdale-Cedarbrae-Woburn", "code": "141", "centroid": [-79.21877, 43.75434]}, "geometry": {"type": "MultiPolygon", "coordinates": [[[[-79.2194785911464, 43.7717858786051], [-79.2186842194236, 43.7698112486013], [-79.2176146299838, 43.7700465028485], [-79.2163037166838, 43.7703437334399], [-79.2143062165951, 43.7708018768971], [-79.2129786826258, 43.7711027812432], [-79.2127767579362, 43.7711368564599], [-79.2126004063829, 43.7711532813342], [-79.2123807639555, 43.7711649344004], [-79.2122184576678, 43.7711794407761], [-79.2120373465948, 43.7711729448317], [-79.21185498895, 43.7711751405834], [-79.2107195039653, 43.7711651613777], [-79.2104493858711, 43.7711627851674], [-79.2103077770773, 43.7711559184891], [-79.2101310625314, 43.7711676220224], [-79.2099145193187, 43.7712061376858], [-79.2097768192969, 43.7712360500297], [-79.2096695091805, 43.7712593605435], [-79.2087481356965, 43.7714508384407], [-79.2077711386261, 43.7691180056203], [-79.2076050258811, 43.768708765704], [-79.2067876593494, 43.7668003498632], [-79.2066093277068, 43.7663601579617], [-79.2064185943149, 43.7659268467951], [-79.2058741333177, 43.7645861352449], [-79.2056285601349, 43.7640497710437], [-79.2048598249881, 43.7642316285791], [-79.2035548772603, 43.7645284586314], [-79.2020591387852, 43.7648687023123], [-79.2019384530503, 43.7646733951958], [-79.2018807801727, 43.7646046288223], [-79.2017443093617, 43.7644718744928], [-79.2016016459235, 43.7642707759052], [-79.2014640596497, 43.764085379444], [-79.2013528158897, 43.7638302925288], [-79.2013347912169, 43.7636612033338], [-79.2013707787088, 43.7635099875842], [-79.2014439236979, 43.7633143220597], [-79.2014950628931, 43.763233039982], [-79.2016086151542, 43.763116033144], [-79.2018462476649, 43.7629950833778], [-79.2021670334261, 43.7629058719519], [-79.2024285957762, 43.7628252185902], [-79.2026425751209, 43.7626723234039], [-79.2026565285821, 43.7626008723464], [-79.2026837035573, 43.7623975974139], [-79.2025225210325, 43.7622247154303], [-79.2023624249813, 43.7620934034896], [-79.2021857016817, 43.7619517056431], [-79.2019822243604, 43.7617631136273], [-79.2018077183819, 43.7615379350254], [-79.2017656610543, 43.761351428852], [-79.2017553433067, 43.7611733585786], [-79.2017413341345, 43.7610983781915], [-79.2017358224585, 43.7609853719851], [-79.2017864098872, 43.7608296665377], [-79.2018219456046, 43.7608088495057], [-79.2019199458642, 43.7607514345605], [-79.2020920317687, 43.7606705395488], [-79.2022926917482, 43.7605675487969], [-79.2024083594162, 43.7603706971336], [-79.2024485235872, 43.7601175174372], [-79.2024558103109, 43.7598224776418], [-79.2025156687508, 43.7595997371596], [-79.2026250390759, 43.7593574038745], [-79.202690842199, 43.7591176935148], [-79.2027143969012, 43.7590658449552], [-79.202819275146, 43.7588349762872], [-79.2028273713253, 43.7586419579342], [-79.2028080121824, 43.7584659434362], [-79.202881209746, 43.7583628541429], [-79.2029957244042, 43.7582095465453], [-79.2031491693127, 43.7580390486675], [-79.2033686168325, 43.7578488382728], [-79.2036164668109, 43.7576053150684], [-79.2037781267066, 43.7574076990516], [-79.2038399782861, 43.7574012704667], [-79.203413718198, 43.7571581052492], [-79.2029349722314, 43.756201277859], [-79.2027643182427, 43.7558602382071], [-79.2039778340342, 43.7554672812437], [-79.2034113855, 43.7538689744889], [-79.2036179783084, 43.7538269167462], [-79.2038486953961, 43.7537805015544], [-79.204079520651, 43.7537347432635], [-79.2043107030102, 43.7536895255013], [-79.2045418949172, 43.7536448203638], [-79.2046558925356, 43.7536191915558], [-79.2047696444032, 43.7535930129266], [-79.2048831632885, 43.7535662125001], [-79.2049964111395, 43.7535389522003], [-79.2051093146415, 43.7535109888066], [-79.2052219719834, 43.7534825566044], [-79.2053343591667, 43.7534534845098], [-79.2054465004937, 43.7534238806005], [-79.2055582842032, 43.7533937445894], [-79.2056699461834, 43.7533630860861], [-79.2057811021469, 43.7533317690838], [-79.2058920370788, 43.7532999203341], [-79.2060027137677, 43.7532675307406], [-79.2061130081231, 43.7532345819827], [-79.2062230817034, 43.7532010474731], [-79.2063293650693, 43.7531680611929], [-79.2063327478458, 43.7531670077436], [-79.2064420815376, 43.7531323639748], [-79.2065510328421, 43.7530971700467], [-79.2066597377783, 43.7530615433249], [-79.2067680607183, 43.7530252854358], [-79.2068760385605, 43.7529884684847], [-79.206983770511, 43.7529511197306], [-79.2070909835134, 43.7529132114707], [-79.2071978264882, 43.7528747620905], [-79.2073044483119, 43.7528357989756], [-79.2074105510496, 43.7527963033617], [-79.2075162962585, 43.7527562486601], [-79.2076216711244, 43.7527157158497], [-79.2077266761276, 43.7526746059196], [-79.2078313109153, 43.7526329908795], [-79.2079354641224, 43.752590789435], [-79.2080392221003, 43.7525481188236], [-79.2081426225371, 43.7525048891305], [-79.2082455282267, 43.7524612260234], [-79.2083480390757, 43.7524170127428], [-79.2085462771617, 43.7523343563753], [-79.2087412364669, 43.7522517003086], [-79.2089359620983, 43.7521684672366], [-79.2091302299283, 43.7520847826067], [-79.2093239533816, 43.7520005741914], [-79.2095173192813, 43.7519157254528], [-79.2097102020573, 43.751830524112], [-79.2099027147683, 43.7517447004226], [-79.2100948567581, 43.7516583894026], [-79.2102863921392, 43.7515715814548], [-79.2104775194984, 43.7514842950876], [-79.210584536166, 43.7514345914752], [-79.2106928163949, 43.7513854760382], [-79.2108014416584, 43.7513368744394], [-79.2109107098847, 43.7512888054337], [-79.2110204595216, 43.7512412956145], [-79.2111305661828, 43.7511943896719], [-79.2112411667195, 43.7511480339436], [-79.2112803465389, 43.7511318767584], [-79.2113521742566, 43.7511022192075], [-79.2114636383351, 43.751056972591], [-79.2115756083663, 43.7510123482249], [-79.211687935736, 43.7509682647218], [-79.2118006450213, 43.75092477615], [-79.2119138480222, 43.7508818737889], [-79.2120049161673, 43.7508456394388], [-79.2120962171073, 43.750810035686], [-79.2121880372145, 43.7507749012297], [-79.2122802143348, 43.7507403886807], [-79.2123727618359, 43.7507063000455], [-79.2124658026833, 43.750672887666], [-79.2125591016874, 43.7506399979292], [-79.2126527457697, 43.7506076310531], [-79.2127467719248, 43.7505758411369], [-79.2128411679962, 43.750544574142], [-79.2129359215685, 43.7505138300364], [-79.2130309327055, 43.7504837345848], [-79.2131263141948, 43.7504540720412], [-79.2132220650065, 43.7504250584307], [-79.2133181852292, 43.7503966757503], [-79.2134145390512, 43.7503687616369], [-79.2135112871658, 43.750341469513], [-79.2136082561666, 43.7503147089313], [-79.2137054952518, 43.7502885790275], [-79.2138030918579, 43.7502629720056], [-79.2139009339768, 43.7502379415915], [-79.2139990215681, 43.7502134967856], [-79.2141116947159, 43.7501847768045], [-79.2166636891976, 43.749534106991], [-79.2167530699416, 43.7495149849466], [-79.2168421928035, 43.7494952411106], [-79.2169309328912, 43.7494750281947], [-79.2170195762141, 43.7494542568958], [-79.2171079491464, 43.7494328817785], [-79.2171959645136, 43.7494109566349], [-79.2172838581907, 43.7493884910504], [-79.2173713943409, 43.7493654664398], [-79.2174586597528, 43.7493419100219], [-79.2175457040915, 43.7493178219202], [-79.2176323410607, 43.7492932106761], [-79.2177187570798, 43.7492680407462], [-79.2178048031874, 43.7492423027618], [-79.2178906031689, 43.7492160780403], [-79.2179761574451, 43.7491892765712], [-79.2180613293028, 43.7491619250213], [-79.2181461433623, 43.7491340684583], [-79.2182305995377, 43.7491057248851], [-79.2183147852512, 43.7490767865036], [-79.2183986129504, 43.7490473881167], [-79.2184819340972, 43.749017430346], [-79.2185651583577, 43.7489869322038], [-79.218647851018, 43.7489559196239], [-79.2187302229502, 43.7489244381322], [-79.2188121876994, 43.7488923885036], [-79.2188938070948, 43.7488598248982], [-79.2189748945474, 43.7488268188676], [-79.2190557733954, 43.7487932631933], [-79.2191361208453, 43.7487591480812], [-79.2192161473481, 43.7487246090676], [-79.2192957540741, 43.7486895378959], [-79.2193749036036, 43.74865397048], [-79.2194535458905, 43.7486179877087], [-79.2195380253197, 43.7485790578111], [-79.2196211281992, 43.7485397374224], [-79.219703897359, 43.7485000651077], [-79.2197862840978, 43.7484598337208], [-79.2198681765385, 43.7484190699918], [-79.2199495613819, 43.7483779629144], [-79.2200304768007, 43.7483363145569], [-79.220110984457, 43.7482942150831], [-79.2201910223089, 43.7482516553409], [-79.2202705535669, 43.748208536228], [-79.2203496268486, 43.7481650828944], [-79.2204281562012, 43.7481210881031], [-79.2205063524119, 43.7480766153792], [-79.2205838920215, 43.7480317989507], [-79.2206609745737, 43.7479864502812], [-79.2209001118443, 43.7478384786285], [-79.2209752747064, 43.7477919729038], [-79.2210542540293, 43.7477364392361], [-79.2211324773062, 43.7476805796254], [-79.2212103422822, 43.7476243050312], [-79.221287451714, 43.7475675964834], [-79.2213641901357, 43.7475105359316], [-79.2214402098456, 43.7474531315303], [-79.2215157225074, 43.7473952577799], [-79.2215907404539, 43.7473369327138], [-79.2216650145647, 43.7472783267491], [-79.2217387938354, 43.7472192964743], [-79.2218120533081, 43.7471598688332], [-79.2218846064878, 43.7471000973801], [-79.2219566645362, 43.7470399646278], [-79.2220280788743, 43.7469793802036], [-79.2220988984179, 43.7469185062495], [-79.2221690616693, 43.7468572166001], [-79.2222386430434, 43.7467955294399], [-79.2223077289136, 43.7467335619955], [-79.2223432531913, 43.7467011269469], [-79.2223760343306, 43.7466711785576], [-79.2224437324988, 43.7466085145662], [-79.2225109607047, 43.7465454173352], [-79.2225774328349, 43.7464820031867], [-79.222643273011, 43.7464182814243], [-79.2227086306856, 43.7463541533984], [-79.2227732693283, 43.7462897535543], [-79.2228371271504, 43.7462250187349], [-79.222929679494, 43.7461332328099], [-79.223021868457, 43.7460421030158], [-79.2231146519514, 43.7459512266197], [-79.2232080663533, 43.7458607927338], [-79.2233020751183, 43.7457706482475], [-79.2233967275778, 43.7456808652884], [-79.2234921358479, 43.7455913631152], [-79.2235880137369, 43.7455022760521], [-79.2236308565961, 43.745462945368], [-79.2236846468955, 43.745413586786], [-79.2237819114108, 43.7453252410084], [-79.2238796587453, 43.7452371393455], [-79.223978148392, 43.7451495524591], [-79.2240772322275, 43.7450622909642], [-79.2241768357139, 43.7449753636807], [-79.2242771943396, 43.7448888611873], [-79.2243780354497, 43.7448026748102], [-79.2244796319036, 43.7447168682142], [-79.2245816978881, 43.744631494716], [-79.2246843955517, 43.744546392683], [-79.2247877115289, 43.7444617691092], [-79.2248916340632, 43.7443774799454], [-79.2249961874086, 43.7442936512651], [-79.225101248231, 43.7442101027458], [-79.2252069151147, 43.744126996645], [-79.2252401339874, 43.7441011620248], [-79.2253131878948, 43.7440443689653], [-79.2254199803608, 43.7439620664776], [-79.2255514426454, 43.7438580492033], [-79.2256817709917, 43.7437548301619], [-79.2258126065754, 43.7436519092266], [-79.2259441847177, 43.7435494129769], [-79.2260762694394, 43.7434473588471], [-79.2262088361146, 43.7433457017704], [-79.2263421456752, 43.7432443973639], [-79.2264759494814, 43.7431435170396], [-79.226610384268, 43.743043025118], [-79.226745300721, 43.7429429932498], [-79.2268808111123, 43.7428433046856], [-79.2270169646941, 43.7427440495531], [-79.2271536251008, 43.7426451825186], [-79.2272909037854, 43.7425467668546], [-79.2274286642603, 43.7424487842309], [-79.2275670309247, 43.7423511809352], [-79.2277060532357, 43.7422540020891], [-79.2278455575416, 43.7421572112718], [-79.2279856549285, 43.7420609527655], [-79.2281261474452, 43.7419650730765], [-79.2288923012865, 43.7414757867511], [-79.2289084848142, 43.7415101467597], [-79.2290390161143, 43.7416815963285], [-79.2291773301804, 43.7420105763926], [-79.2293204419097, 43.7423828094515], [-79.2295712201623, 43.7429626219764], [-79.2297940424874, 43.7435425388311], [-79.2300299611787, 43.7440824937576], [-79.2306053533985, 43.7454355086985], [-79.2310735224972, 43.7465185741068], [-79.2314947433344, 43.7475639830979], [-79.2319498594621, 43.7486354923176], [-79.2322908992701, 43.7494601445202], [-79.2323769221328, 43.7496472918948], [-79.2327584461328, 43.750585227415], [-79.2331685023617, 43.7515600340173], [-79.2332535880206, 43.7517330195942], [-79.2335584279283, 43.7524626384768], [-79.2336839416114, 43.7527714289612], [-79.2337041482156, 43.7528211446352], [-79.2338057397196, 43.7530671048986], [-79.2338358684458, 43.7531420019931], [-79.2339546563748, 43.753111197428], [-79.234198488971, 43.7530330762839], [-79.2345181956174, 43.7530189853535], [-79.234857658005, 43.7530809904525], [-79.2352173879061, 43.7531427534582], [-79.2355040917943, 43.7532068757006], [-79.2357989937424, 43.7533214138602], [-79.2360724604686, 43.7533151867474], [-79.2364090100352, 43.7532805256865], [-79.2364097299027, 43.7532806083574], [-79.2364936699125, 43.7532900281314], [-79.23661500749, 43.7533033685369], [-79.2366849352252, 43.7533111176625], [-79.23695024285, 43.7533560324406], [-79.2372580296969, 43.7533929881911], [-79.2375836362703, 43.7533930431256], [-79.2375875106206, 43.7533930430196], [-79.2378324070925, 43.753357699245], [-79.23801532125, 43.7534999684728], [-79.2381311502932, 43.7537059922], [-79.2381906249096, 43.7539382962322], [-79.238237176654, 43.7541327026102], [-79.2382953255536, 43.7541621886579], [-79.2385416054397, 43.7543288243039], [-79.238839121318, 43.7544731005189], [-79.2391424714679, 43.7546153550023], [-79.2394242132118, 43.7547095110528], [-79.2396811646433, 43.7547932945826], [-79.2398689371107, 43.7549569947115], [-79.2401107769459, 43.7551126083922], [-79.2401978358641, 43.7551223025709], [-79.2404224836475, 43.7551473412307], [-79.2406636356011, 43.7552327068776], [-79.2409372747901, 43.7552200686732], [-79.2411976063626, 43.7552927669809], [-79.2415391453017, 43.7554048935519], [-79.2418554339082, 43.755550041451], [-79.2421689345271, 43.7556767657461], [-79.2425024972451, 43.7557385547833], [-79.2427905072289, 43.7556474181304], [-79.2430045154257, 43.7556405815573], [-79.2431465993407, 43.7557783761282], [-79.2431723611671, 43.7558291647284], [-79.2432308774785, 43.7560031091868], [-79.2431214575669, 43.7560268064877], [-79.2422081592429, 43.7562245496478], [-79.2413198392026, 43.7564168873153], [-79.2401881819714, 43.7566618892242], [-79.2382466530834, 43.7570895434464], [-79.2352672256062, 43.7577217927048], [-79.2330779145789, 43.7581847715957], [-79.2309235939946, 43.758638771697], [-79.2302624594666, 43.7587722311282], [-79.2292245024234, 43.7589948064877], [-79.2269792349557, 43.759466546042], [-79.2258309409591, 43.7597068473046], [-79.2253243455431, 43.7598226553724], [-79.2254080092505, 43.7600298836211], [-79.2254827712399, 43.7603181010675], [-79.2257306467303, 43.7609487699109], [-79.2262528581716, 43.7622011499749], [-79.2270805301803, 43.7643994257934], [-79.2273883328044, 43.7651742704871], [-79.2279977267492, 43.7667239332944], [-79.2283540579001, 43.7675888932703], [-79.2290308250556, 43.7693637212508], [-79.2293673612163, 43.7701875854193], [-79.2295460817938, 43.7706251051358], [-79.2296663568849, 43.7709065861195], [-79.2298000514869, 43.7712480554537], [-79.2306814763582, 43.7734992476497], [-79.2311880422942, 43.7748056535613], [-79.2314480064281, 43.7755263844573], [-79.2316171793281, 43.7760668603503], [-79.2317568337603, 43.7764362536762], [-79.228736698705, 43.777106921751], [-79.2265759198201, 43.777589545599], [-79.2233546871851, 43.7782878986622], [-79.2223791272313, 43.7785186000574], [-79.2222172150956, 43.7785568936147], [-79.2214704721378, 43.7766988849992], [-79.2214293877347, 43.776605838924], [-79.2210527979893, 43.7756809875958], [-79.2206551360822, 43.7747141289727], [-79.2200726425321, 43.7732636699038], [-79.2194785911464, 43.7717858786051]]]]}}, {"type": "Feature", "properties": {"name": "Guildwood", "code": "140", "centroid": [-79.191, 43.74844]}, "geometry": {"type": "MultiPolygon", "coordinates": [[[[-79.1747973972403, 43.7577107819087], [-79.1746812831888, 43.7576694150723], [-79.1745037981788, 43.7577193344022], [-79.1742915798491, 43.7577093506091], [-79.1741873724593, 43.7575770242194], [-79.1740134634354, 43.7574669029065], [-79.1738315962149, 43.7573656517882], [-79.1736448603711, 43.7573103105269], [-79.1734703342689, 43.7571815361638], [-79.1732683047334, 43.7570613600559], [-79.1730490553721, 43.7569587226494], [-79.1728495406924, 43.7568787072831], [-79.1726590518448, 43.7568789629941], [-79.1724717911362, 43.7569408137544], [-79.1722499724952, 43.7569474688556], [-79.172155436602, 43.7568348629261], [-79.171982291608, 43.756772365979], [-79.1719713356676, 43.7567637924102], [-79.1718581542627, 43.7566750488704], [-79.171721740928, 43.7565880927381], [-79.1716114788717, 43.7564288960452], [-79.1715081627868, 43.7562872175127], [-79.1713603922561, 43.7561745299123], [-79.1711747993451, 43.756092985435], [-79.1710844737547, 43.7559400923992], [-79.1709254517252, 43.7558164714121], [-79.1708002435023, 43.7557067644213], [-79.1707647042721, 43.75562715456], [-79.1709449876909, 43.7555713532955], [-79.1711600028451, 43.7554954530104], [-79.1713324969754, 43.7553924264898], [-79.1715285236323, 43.7553119793113], [-79.1717349199893, 43.7552540555489], [-79.1719215830633, 43.7551825729888], [-79.1721369805555, 43.7551066719573], [-79.172340729718, 43.7550352467223], [-79.1725429874127, 43.7549503060649], [-79.1727467601398, 43.7548743705755], [-79.1729363782378, 43.754829898382], [-79.1731321928683, 43.7547899531907], [-79.1733187669805, 43.7547319698722], [-79.1735321998199, 43.7546650617789], [-79.1737282211722, 43.7545846108008], [-79.1739288374413, 43.7545131647828], [-79.1741213195695, 43.7544416952202], [-79.1742999043998, 43.7543566929473], [-79.1745024812405, 43.754285251506], [-79.1746829047672, 43.7542182472483], [-79.1748862505887, 43.7541468073135], [-79.1750729189103, 43.7540753196059], [-79.1752569279011, 43.7539903222501], [-79.1754479275371, 43.7539053444472], [-79.1756354129566, 43.7538248569464], [-79.1758190721517, 43.7537353570931], [-79.1758366603121, 43.7537253256428], [-79.1758931881291, 43.7536651779675], [-79.1759578440604, 43.7536106430478], [-79.1760603324049, 43.7535385369811], [-79.1761516014933, 43.7534905222275], [-79.1762762536454, 43.7534233034011], [-79.176418810105, 43.7533287715035], [-79.1767663213987, 43.7530980641107], [-79.1769644394271, 43.7529908169368], [-79.1773049461898, 43.7528196219846], [-79.1773563143241, 43.7527602241094], [-79.1773386870008, 43.7527360421503], [-79.1772988523836, 43.7527150199187], [-79.1772900690403, 43.7526972897731], [-79.1772901295473, 43.7526860294514], [-79.1773056983582, 43.7526796375547], [-79.177330119671, 43.7526781042882], [-79.1773478420463, 43.7526845901716], [-79.1774275755476, 43.7527169854895], [-79.1774453238572, 43.7527186467914], [-79.1775274702218, 43.7527156561577], [-79.1776207485625, 43.7527046497971], [-79.1777452026597, 43.7526760439185], [-79.1778786004218, 43.7526329711892], [-79.1779520023997, 43.7526026099808], [-79.1780699642927, 43.7525434084014], [-79.1782213425403, 43.7524585573675], [-79.1783017091121, 43.7523751174996], [-79.1782862439112, 43.7523622022637], [-79.1782663591403, 43.7523444499453], [-79.1782465519718, 43.7523122149211], [-79.1782621598596, 43.752296173724], [-79.1782799550102, 43.7522913901736], [-79.178295484296, 43.7522946563112], [-79.1783175965636, 43.7523092014677], [-79.1783684979407, 43.7523366903417], [-79.1784128038936, 43.752352909144], [-79.1784490179602, 43.7523636774448], [-79.1784706398097, 43.7523701021152], [-79.1785032057047, 43.7523780697661], [-79.1785575144096, 43.7523861075592], [-79.178597705058, 43.7523893709996], [-79.1786379249858, 43.7523894840905], [-79.1786705541472, 43.7523856333043], [-79.1786718157318, 43.7523517563582], [-79.1786784444659, 43.7523312882768], [-79.1786937651099, 43.7523132119434], [-79.1787177779526, 43.7522951510403], [-79.1787526433147, 43.752279487949], [-79.1788310534297, 43.7522505624385], [-79.1789399827137, 43.7522059525145], [-79.1790053587104, 43.7521761891642], [-79.1790816839862, 43.7521307044302], [-79.179149325432, 43.7520836200593], [-79.1792322789916, 43.7520176671124], [-79.1792066190525, 43.751941958061], [-79.1791840740542, 43.7518875275686], [-79.1792029614178, 43.7518781563306], [-79.1792227309109, 43.7518733421695], [-79.1792638579362, 43.7518686239444], [-79.1793294221674, 43.7518639742677], [-79.1793905624805, 43.7518552886103], [-79.1794795279555, 43.7518354114572], [-79.1795663218528, 43.7518082641828], [-79.1796275952215, 43.7517746184588], [-79.1796900208951, 43.7517321187555], [-79.1797547121238, 43.7516815692962], [-79.1797804342591, 43.7516502361945], [-79.1798084353053, 43.7516060287611], [-79.1798039193667, 43.7515866455386], [-79.1798036458998, 43.7515866987797], [-79.1797805502081, 43.7515842397585], [-79.1797739697284, 43.7515794416877], [-79.1797641114999, 43.751572231114], [-79.179754304643, 43.7515530580952], [-79.1797511164695, 43.7515315183039], [-79.1797512313242, 43.751509978766], [-79.1800299129247, 43.7513262257591], [-79.180086390641, 43.7513092365747], [-79.1801278562147, 43.7512991542732], [-79.1801473823783, 43.751300343068], [-79.1801583008113, 43.7513043341479], [-79.1801652987302, 43.7513100244833], [-79.1801699562307, 43.7513168334186], [-79.1801706872722, 43.7513264577421], [-79.1801690894908, 43.7513326910995], [-79.1801635894063, 43.7513372033101], [-79.1801510705968, 43.7513422629548], [-79.1801087834502, 43.7513597149441], [-79.1801344650147, 43.751377906224], [-79.1801570660238, 43.7513893019764], [-79.1801867163073, 43.7513967479218], [-79.180216381695, 43.7514013585253], [-79.1802554492359, 43.7514008917462], [-79.1803046980884, 43.7513959348318], [-79.1803657079419, 43.7513836478088], [-79.1804063972734, 43.751372429085], [-79.180444757798, 43.7513578103852], [-79.1804878481501, 43.7513364089921], [-79.1805317478527, 43.7513099151682], [-79.1805858556726, 43.7512715412736], [-79.1806156866465, 43.7512450081], [-79.1806502986231, 43.751202061095], [-79.180686501838, 43.7511517555465], [-79.1807141398785, 43.751098581682], [-79.180735380035, 43.7510225989116], [-79.1807342026583, 43.7510221725667], [-79.1807144227761, 43.751017337679], [-79.1806715601666, 43.7510076406635], [-79.180638606373, 43.7509979803199], [-79.1806188519708, 43.7509883568507], [-79.1806024896534, 43.7509619826302], [-79.1805993266716, 43.7509356542944], [-79.1806093372755, 43.7509165457256], [-79.1806391026075, 43.7509046573067], [-79.1806720944921, 43.7509071438034], [-79.1807201894572, 43.7509159463144], [-79.1807733699945, 43.7509047623513], [-79.1808408124614, 43.7508618979738], [-79.1810078007222, 43.7507541787654], [-79.1811908427701, 43.7506373048678], [-79.1813037213056, 43.75057064176], [-79.1814126840774, 43.7505024104182], [-79.1815145765833, 43.750442080324], [-79.1816721580456, 43.7503422639789], [-79.1817733665061, 43.7502679798916], [-79.1819017015867, 43.7501898646927], [-79.1820250938601, 43.7501188735472], [-79.1822066952017, 43.7500271343454], [-79.1823830145064, 43.7499268020341], [-79.1825193712189, 43.7498507066931], [-79.1827129162956, 43.7497424916602], [-79.1829139446378, 43.7496255298908], [-79.1831111065331, 43.7495140297742], [-79.1832781316365, 43.7494284502717], [-79.1834742795082, 43.7493324017726], [-79.1836722546599, 43.7492429288673], [-79.1838709051316, 43.7491547896628], [-79.1840826197378, 43.7490520772753], [-79.1842781291299, 43.7489541803791], [-79.1844783420438, 43.7488637221203], [-79.1846734483581, 43.7487666785456], [-79.1848571168636, 43.7486698821373], [-79.1850491100778, 43.7485648272674], [-79.1852367108375, 43.7484709034624], [-79.1854136341472, 43.7483790562411], [-79.1855847860777, 43.7482985073772], [-79.1856830891123, 43.7482368584934], [-79.1857267132945, 43.7482123151614], [-79.1857465927806, 43.7481980129055], [-79.1857731280145, 43.7481717663486], [-79.1858030661062, 43.7481287689043], [-79.1858397474529, 43.7480570851575], [-79.1859095694108, 43.7479591639605], [-79.1859793034202, 43.7478803970334], [-79.1860588956632, 43.7478088310977], [-79.1861351099731, 43.7477516037447], [-79.1862311032811, 43.7476992282792], [-79.1863502034252, 43.7476469071421], [-79.1864824270703, 43.747608978795], [-79.1867034622978, 43.7475646868842], [-79.1869307318117, 43.7474796091747], [-79.18708591336, 43.7474058462162], [-79.1871753924134, 43.7473547392917], [-79.1873228128436, 43.7472619262269], [-79.1874886756534, 43.7471539603661], [-79.1876598270158, 43.7470364944435], [-79.1878229996252, 43.7469418245188], [-79.1879939941621, 43.7468566989842], [-79.1880360723065, 43.7468377942982], [-79.1880570755485, 43.7468340441135], [-79.1880964350718, 43.7468341515269], [-79.1881278832011, 43.7468418433564], [-79.1881645314673, 43.7468571643822], [-79.1882011329715, 43.7468838897925], [-79.1882245709876, 43.7469181943025], [-79.1882270354248, 43.7469505333445], [-79.1882085309441, 43.7469752181727], [-79.1881821991658, 43.7469960651344], [-79.1881559313688, 43.7469998009786], [-79.1881008575155, 43.7469939439427], [-79.188069290819, 43.7470090698307], [-79.187887806675, 43.7470960750872], [-79.1878351771594, 43.7471263734266], [-79.1877824338193, 43.747173782716], [-79.1877139317759, 43.7472287549416], [-79.187679628819, 43.7472686085485], [-79.1876558250151, 43.747304683328], [-79.1876912906691, 43.7473683827329], [-79.1878163758939, 43.7473132410394], [-79.18791220944, 43.7472672995805], [-79.1880544678684, 43.74720467951], [-79.1881648126813, 43.7471545828817], [-79.1882549126454, 43.7470960328092], [-79.1883595894374, 43.7470207171655], [-79.1885141164338, 43.7469528912703], [-79.1886284640912, 43.7468825523944], [-79.1886883316032, 43.7468450994439], [-79.1887717072411, 43.7467757382032], [-79.1888654626995, 43.7467063961553], [-79.1889727816547, 43.7466169012407], [-79.1890725147642, 43.7465392311716], [-79.189161270665, 43.7464089461316], [-79.1892656285574, 43.7463372202614], [-79.1893451074227, 43.7462744188806], [-79.1895196483967, 43.7461749887773], [-79.1895270583036, 43.7461562774002], [-79.1895360135041, 43.7461244554658], [-79.1895420589684, 43.7460862617759], [-79.1895333575454, 43.7460713861541], [-79.1895159149401, 43.7460469275084], [-79.189504216109, 43.7460426471604], [-79.1894706150003, 43.7460287570309], [-79.1894662759999, 43.746020257107], [-79.1894663473322, 43.7460064584549], [-79.1894751639372, 43.7459990474136], [-79.1894928149539, 43.7459831812375], [-79.1895441493843, 43.7459652732687], [-79.1896438660114, 43.745933697814], [-79.1896908174837, 43.745915777878], [-79.1897800797921, 43.7458721213086], [-79.1898451948007, 43.7457823129799], [-79.1899121776058, 43.7457275063634], [-79.190021787483, 43.7456481700217], [-79.1901415567045, 43.7455633973844], [-79.1903184736267, 43.7454913451534], [-79.1904529171833, 43.7454139569285], [-79.1905801209441, 43.7452837028696], [-79.1906839684368, 43.7451753574039], [-79.1907868750962, 43.7450688095375], [-79.1909174985838, 43.7449710226945], [-79.1910615549454, 43.7448613274086], [-79.1912142506208, 43.7447447153491], [-79.1913420789697, 43.7446107086104], [-79.1914590563129, 43.744495827002], [-79.1916171751615, 43.744391479678], [-79.1917518996594, 43.7443214446532], [-79.191891464434, 43.7441839404674], [-79.192035219195, 43.7440718127994], [-79.1921859386529, 43.7439596947036], [-79.1923358984117, 43.7438430737579], [-79.1924893711613, 43.7437264710657], [-79.1926107063989, 43.7435962709271], [-79.1927839870171, 43.7434979305467], [-79.1929096328614, 43.7433913428397], [-79.1930275140263, 43.7433487957399], [-79.1931211108763, 43.7432744630614], [-79.1931788022864, 43.7432193955268], [-79.1932155092227, 43.7431817159834], [-79.1933442984526, 43.7430573858454], [-79.1934900238072, 43.7429473138867], [-79.1935832045893, 43.7428885968064], [-79.1937145828421, 43.7428089731907], [-79.1938461005422, 43.7427043534377], [-79.1940743255657, 43.7425650047114], [-79.1943582709131, 43.7423108500852], [-79.1946769959095, 43.7419968035855], [-79.1949609868364, 43.7417326382104], [-79.1950303344427, 43.7416528475022], [-79.1950651795245, 43.7415779693811], [-79.1951345650966, 43.741488187364], [-79.1952177814828, 43.7413934375107], [-79.1952952489711, 43.7413330298948], [-79.1953049198084, 43.7413282670308], [-79.1953180871457, 43.7413195169485], [-79.1953403646214, 43.7413063985564], [-79.1953626284875, 43.7412984108144], [-79.1954061332316, 43.7412809563924], [-79.1954971788833, 43.7412482455458], [-79.1955346509814, 43.7412256443123], [-79.1955588741336, 43.7412279051301], [-79.195589077963, 43.741245555941], [-79.1956233352353, 43.7412595630462], [-79.1956804058339, 43.7412722987042], [-79.1957120519566, 43.7412723829571], [-79.195751647957, 43.7412667545911], [-79.1958031636565, 43.7412511125828], [-79.195842819855, 43.7412311364137], [-79.1958865432627, 43.7411925205413], [-79.1959501816904, 43.7411267199624], [-79.1960357163583, 43.7410322817152], [-79.1961272338465, 43.7409306853422], [-79.1962624106539, 43.7408005270589], [-79.1963671173606, 43.7406979303982], [-79.1964037578126, 43.7406628779908], [-79.19650224092, 43.740519120128], [-79.1965731872887, 43.7403752800778], [-79.1966503304121, 43.7402359660341], [-79.1967668452896, 43.7401327522474], [-79.1968959686269, 43.7399935759222], [-79.1970037957244, 43.73984533278], [-79.1970930000596, 43.7396970491823], [-79.1971980846226, 43.739553299188], [-79.1973159455502, 43.7394140925367], [-79.1974318466189, 43.7392793721786], [-79.1975442710124, 43.739144651501], [-79.1977058306395, 43.7390325547082], [-79.1978883557274, 43.738916021495], [-79.1980515523117, 43.7387966195482], [-79.1980538451026, 43.7387949333765], [-79.1982290419663, 43.7386738796468], [-79.1984014967918, 43.7385573100173], [-79.1985677538008, 43.7384362321734], [-79.1987079589239, 43.7383285782391], [-79.1988582215063, 43.7382254602387], [-79.1989905989391, 43.7381312871552], [-79.1990552858153, 43.7380729495805], [-79.1992036003953, 43.7379743266007], [-79.199360101115, 43.7378622141316], [-79.1994571377754, 43.7377769577586], [-79.1998907564083, 43.7374855485285], [-79.1999836913734, 43.737440786414], [-79.2001192936084, 43.7373241174285], [-79.2002983777252, 43.737198570083], [-79.2004753774986, 43.7371000116464], [-79.2006591255462, 43.7369699753428], [-79.2008223397069, 43.7368398849955], [-79.2010125761933, 43.7367278585377], [-79.2011881235302, 43.7366113017519], [-79.2013447984039, 43.7364676827234], [-79.2015238202851, 43.7363511344949], [-79.2016893399105, 43.7362210489148], [-79.2018657310718, 43.7360864818379], [-79.2020412178352, 43.7359789247902], [-79.202208694202, 43.7358443429396], [-79.2023764556137, 43.7357322646344], [-79.2025704277056, 43.735651758562], [-79.2027783204445, 43.7355802895797], [-79.202983007815, 43.7355268143313], [-79.2032017075428, 43.7354688744913], [-79.2034013887398, 43.7354108848823], [-79.2036181706885, 43.7353439290448], [-79.2038271836669, 43.7352814622768], [-79.2040256967385, 43.7352234685481], [-79.2042296564367, 43.7351609879572], [-79.2044149949417, 43.7350984588479], [-79.2045957124117, 43.7350314168835], [-79.2047086740382, 43.7350047861175], [-79.2054066371835, 43.7366762415917], [-79.2055691967845, 43.7370727230948], [-79.2058835024444, 43.7376946163628], [-79.2076060872107, 43.7360607690462], [-79.2082746411308, 43.7375747091827], [-79.2083243691477, 43.737718864581], [-79.208352559375, 43.7378269511283], [-79.2083669582074, 43.7378989976088], [-79.2083859563486, 43.7379800660396], [-79.2083948740398, 43.7380610997477], [-79.2083992236887, 43.7381241193657], [-79.2084004260419, 43.7381961321706], [-79.2083962905801, 43.738250137924], [-79.2084091690155, 43.738313179298], [-79.2083979692671, 43.7383851604608], [-79.2083867133922, 43.7384661426951], [-79.208372222741, 43.7385741293248], [-79.2083576447018, 43.7387001091591], [-79.2083454317819, 43.7388171028089], [-79.2083410778084, 43.7389161050757], [-79.2083360290821, 43.7389971031361], [-79.2083301232002, 43.7390961104406], [-79.2083396796064, 43.7392041494138], [-79.2083485537165, 43.7392941842124], [-79.2083426478233, 43.7393931915122], [-79.2083593248779, 43.7394742450024], [-79.2083891115081, 43.739573334366], [-79.208406645758, 43.739636387604], [-79.2084472518263, 43.7397445057657], [-79.208596742402, 43.7401229469916], [-79.2087841622694, 43.740519478067], [-79.2088588236064, 43.7406456852549], [-79.2087672285665, 43.7408164749587], [-79.2085749066471, 43.7411130247852], [-79.2085004558136, 43.7412658555471], [-79.2084677434632, 43.7414547975705], [-79.2084211387529, 43.7416257017161], [-79.208366563894, 43.7420036133616], [-79.2083576850429, 43.7420756003955], [-79.2083302269068, 43.7421385388076], [-79.2082934885125, 43.7421924523174], [-79.2082536149249, 43.7422553590231], [-79.2081981907714, 43.7423272272258], [-79.2081249758266, 43.7423810475503], [-79.2080307533691, 43.7424528165878], [-79.2078915000837, 43.7425244704724], [-79.2089934436064, 43.7451537349008], [-79.2093492660779, 43.7460026438512], [-79.2098093693981, 43.7470396624884], [-79.2100949100202, 43.7476856113025], [-79.2103134754895, 43.7481833468455], [-79.2108455296271, 43.7493908369564], [-79.2110972724587, 43.7499765424876], [-79.2111670342845, 43.7501567337676], [-79.2112061002146, 43.7502648468608], [-79.2112281237537, 43.7503639156845], [-79.2112409459766, 43.7504449588609], [-79.2112544823999, 43.7505350050367], [-79.2112686781048, 43.7509760995719], [-79.2112795773682, 43.7511291474528], [-79.2112803465389, 43.7511318767584], [-79.2112411667195, 43.7511480339436], [-79.2111305661828, 43.7511943896719], [-79.2110204595216, 43.7512412956145], [-79.2109107098847, 43.7512888054337], [-79.2108014416584, 43.7513368744394], [-79.2106928163949, 43.7513854760382], [-79.210584536166, 43.7514345914752], [-79.2104775194984, 43.7514842950876], [-79.2102863921392, 43.7515715814548], [-79.2100948567581, 43.7516583894026], [-79.2099027147683, 43.7517447004226], [-79.2097102020573, 43.751830524112], [-79.2095173192813, 43.7519157254528], [-79.2093239533816, 43.7520005741914], [-79.2091302299283, 43.7520847826067], [-79.2089359620983, 43.7521684672366], [-79.2087412364669, 43.7522517003086], [-79.2085462771617, 43.7523343563753], [-79.2083480390757, 43.7524170127428], [-79.2082455282267, 43.7524612260234], [-79.2081426225371, 43.7525048891305], [-79.2080392221003, 43.7525481188236], [-79.2079354641224, 43.752590789435], [-79.2078313109153, 43.7526329908795], [-79.2077266761276, 43.7526746059196], [-79.2076216711244, 43.7527157158497], [-79.2075162962585, 43.7527562486601], [-79.2074105510496, 43.7527963033617], [-79.2073044483119, 43.7528357989756], [-79.2071978264882, 43.7528747620905], [-79.2070909835134, 43.7529132114707], [-79.206983770511, 43.7529511197306], [-79.2068760385605, 43.7529884684847], [-79.2067680607183, 43.7530252854358], [-79.2066597377783, 43.7530615433249], [-79.2065510328421, 43.7530971700467], [-79.2064420815376, 43.7531323639748], [-79.2063327478458, 43.7531670077436], [-79.2063293650693, 43.7531680611929], [-79.2062230817034, 43.7532010474731], [-79.2061130081231, 43.7532345819827], [-79.2060027137677, 43.7532675307406], [-79.2058920370788, 43.7532999203341], [-79.2057811021469, 43.7533317690838], [-79.2056699461834, 43.7533630860861], [-79.2055582842032, 43.7533937445894], [-79.2054465004937, 43.7534238806005], [-79.2053343591667, 43.7534534845098], [-79.2052219719834, 43.7534825566044], [-79.2051093146415, 43.7535109888066], [-79.2049964111395, 43.7535389522003], [-79.2048831632885, 43.7535662125001], [-79.2047696444032, 43.7535930129266], [-79.2046558925356, 43.7536191915558], [-79.2045418949172, 43.7536448203638], [-79.2043107030102, 43.7536895255013], [-79.204079520651, 43.7537347432635], [-79.2038486953961, 43.7537805015544], [-79.2036179783084, 43.7538269167462], [-79.2034113855, 43.7538689744889], [-79.2033875315668, 43.7538738362402], [-79.2031571685885, 43.7539213225617], [-79.2029271874823, 43.7539693584836], [-79.2026973396647, 43.7540179883677], [-79.202467749396, 43.7540671945358], [-79.2019898366705, 43.7541765831072], [-79.2017192026488, 43.7542385344496], [-79.2014441240166, 43.7542951718389], [-79.2011686626934, 43.754351249491], [-79.2008930799086, 43.7544066780749], [-79.2006171146269, 43.7544615109132], [-79.2003410532297, 43.7545155957336], [-79.2000646213652, 43.7545691658466], [-79.199788056149, 43.7546219878412], [-79.1995277519174, 43.7546710804163], [-79.1995112576176, 43.7546741874705], [-79.199458456609, 43.7546840039606], [-79.1992340644815, 43.7547257373047], [-79.1991383572891, 43.7547433257766], [-79.1989567495818, 43.7547767100692], [-79.1986792017068, 43.7548269974555], [-79.1981629830113, 43.7549280959343], [-79.1976437818717, 43.7550292652004], [-79.1971244210112, 43.7551297475921], [-79.196604799966, 43.7552297678702], [-79.1960848938653, 43.7553293349664], [-79.1959495543543, 43.7553550694674], [-79.1955656236622, 43.7554280552773], [-79.1947390280832, 43.7555922195985], [-79.1934738168829, 43.7558435041406], [-79.1921649872727, 43.7561034243517], [-79.1904763135922, 43.7564387216297], [-79.1893899893572, 43.756647302527], [-79.1872207493497, 43.7570637765573], [-79.186870419277, 43.7571310193113], [-79.185874273017, 43.7573169507669], [-79.1855752857638, 43.75738992038], [-79.1840354018261, 43.7576827399825], [-79.1819251095407, 43.7580999874449], [-79.1809414976566, 43.7582863068017], [-79.1791156188441, 43.7586335286166], [-79.1787022708285, 43.7587121358925], [-79.1772096230141, 43.7590049962211], [-79.1766072446119, 43.7586840214476], [-79.1756706011945, 43.7581849521484], [-79.1748044199, 43.7577234125501], [-79.1747973972403, 43.7577107819087]]]]}}, {"type": "Feature", "properties": {"name": "Scarborough Village", "code": "139", "centroid": [-79.21397, 43.73591]}, "geometry": {"type": "MultiPolygon", "coordinates": [[[[-79.2082746411308, 43.7375747091827], [-79.2076060872107, 43.7360607690462], [-79.2058835024444, 43.7376946163628], [-79.2055691967845, 43.7370727230948], [-79.2054066371835, 43.7366762415917], [-79.2047086740382, 43.7350047861175], [-79.2048770652703, 43.7349500885422], [-79.2049955942027, 43.7349146236655], [-79.2051299327449, 43.7348777772589], [-79.2052386258048, 43.7348380111742], [-79.2052999515295, 43.7348024074503], [-79.2054720543371, 43.7347069970352], [-79.205614528733, 43.7346158126382], [-79.2056798106272, 43.7345580938926], [-79.2056910531172, 43.734551407929], [-79.2057006226131, 43.7345314588555], [-79.2057198226778, 43.7344790851681], [-79.205725102929, 43.7344553805403], [-79.205723456894, 43.7344391470975], [-79.2057201038508, 43.7344216670909], [-79.2057141472209, 43.734406043634], [-79.2057039535066, 43.7343785546566], [-79.2056954211225, 43.7343641757366], [-79.2056920373397, 43.7343504401587], [-79.2056903884336, 43.7343373301321], [-79.2056939248432, 43.7343173655237], [-79.205704338431, 43.7342974186225], [-79.2057138956718, 43.7342799628542], [-79.2057243063653, 43.734263139368], [-79.2057415944327, 43.7342488269252], [-79.2057597267832, 43.7342370189932], [-79.2057812855057, 43.734227713217], [-79.2058062769342, 43.7342221517798], [-79.2058338350677, 43.7342197293686], [-79.2058553512028, 43.7342216569954], [-79.2058699561764, 43.7342254390884], [-79.205887118957, 43.7342367167789], [-79.2059111192308, 43.7342561221617], [-79.2059394026219, 43.7342805342376], [-79.2059676982352, 43.734302452999], [-79.2059977529274, 43.7343175173459], [-79.2060200829356, 43.7343281782217], [-79.2060784800113, 43.734335313353], [-79.2060790381872, 43.7343354048005], [-79.2062007162264, 43.7343105232048], [-79.2064270867393, 43.7341851687319], [-79.2066014792411, 43.7340344949731], [-79.2067721068758, 43.7338258434035], [-79.2068120056195, 43.7337645754081], [-79.2068342121742, 43.7337241898673], [-79.206862347389, 43.7336721179354], [-79.20685660034, 43.7336465667231], [-79.2068420157802, 43.7336284368568], [-79.2068289531548, 43.7335986002993], [-79.2068115096465, 43.7335634417806], [-79.206795486278, 43.7335399884938], [-79.2067897237235, 43.7335176236712], [-79.206783955947, 43.7334963299806], [-79.2067870101728, 43.7334707923404], [-79.2067915415595, 43.7334452674906], [-79.2068034094105, 43.7334197434573], [-79.2068196591282, 43.7333942486646], [-79.2068446933325, 43.7333772825575], [-79.206866777172, 43.7333645664577], [-79.2069094396207, 43.7333423258202], [-79.2069535532587, 43.7333254176124], [-79.2070299180893, 43.7333160270686], [-79.2070578091683, 43.7333139652641], [-79.2070945085964, 43.7333129971712], [-79.2071297017363, 43.7333205403656], [-79.2071428734075, 43.7333280181272], [-79.2071750468054, 43.733351512742], [-79.2072160006977, 43.7333792784174], [-79.2072547440749, 43.7334148784832], [-79.2072779079813, 43.7334352625732], [-79.2072977733322, 43.7334396430355], [-79.2073335614751, 43.7334397346767], [-79.2073753415968, 43.733435512058], [-79.2074310988329, 43.7334212258274], [-79.2074868576049, 43.7334040681829], [-79.207542658484, 43.7333782514407], [-79.2075945150713, 43.7333466547957], [-79.2076803488219, 43.7332791041233], [-79.2077442257297, 43.7332287976005], [-79.2078001298667, 43.7331842404453], [-79.2078460993842, 43.7331353282805], [-79.2078961446267, 43.7330676859618], [-79.2079402119035, 43.7330014685417], [-79.2079663352937, 43.7329467448303], [-79.2079724743157, 43.7329121508034], [-79.20795882787, 43.7328899729224], [-79.2078997365292, 43.7328496944637], [-79.2078709912205, 43.7328257947561], [-79.2078511713882, 43.7328069765436], [-79.2078283915396, 43.7327816518764], [-79.207810614021, 43.7327512903045], [-79.2078007181512, 43.7327389963364], [-79.2077868746063, 43.7327216335863], [-79.2077770103461, 43.7327028408118], [-79.2077721062954, 43.7326876702097], [-79.2077751487002, 43.732674680218], [-79.2077762119709, 43.7326602449701], [-79.2077852762069, 43.7326393312923], [-79.2077943088387, 43.7326249164179], [-79.2078153181929, 43.7326033131762], [-79.2078293180124, 43.7325910802919], [-79.2078552770399, 43.7325752594805], [-79.2078912020415, 43.7325573038387], [-79.2079250723524, 43.7325508915081], [-79.2079549563519, 43.7325473583758], [-79.2079818400694, 43.7325481561615], [-79.2080017300497, 43.7325525275637], [-79.2080375182135, 43.7325627273612], [-79.2080653389514, 43.7325750670925], [-79.2080832233177, 43.7325808915565], [-79.2081001489864, 43.7325770822577], [-79.2081311745752, 43.7325787547034], [-79.2082148034722, 43.7325558980785], [-79.2083283315435, 43.7325186887275], [-79.2084398663145, 43.7324829233763], [-79.2085116497258, 43.7324427269596], [-79.2086214148374, 43.7323622568279], [-79.2087192434786, 43.732283205369], [-79.2087911941626, 43.7322083994853], [-79.2088571878087, 43.7321307069906], [-79.208905189109, 43.732074589583], [-79.2089292638181, 43.7320299508002], [-79.2089559439728, 43.7319702055861], [-79.2089861047031, 43.7319197044858], [-79.2089861638041, 43.7319074989724], [-79.208980580029, 43.7318993476465], [-79.2089600909734, 43.7318802938874], [-79.2089395821402, 43.7318653266312], [-79.2089190989395, 43.7318476320649], [-79.2088911320253, 43.7318244996962], [-79.2088669256124, 43.7318040862684], [-79.2088483569735, 43.7317755500868], [-79.2088372216538, 43.731755169947], [-79.2088317291689, 43.7317307446271], [-79.2088393260222, 43.7317077028345], [-79.2088469038721, 43.7316860201782], [-79.2088601180384, 43.7316616335073], [-79.2088751729916, 43.7316467478181], [-79.2088976948155, 43.7316305219587], [-79.2089239653931, 43.7316143056412], [-79.2089520978824, 43.73159810306], [-79.2090008106578, 43.7315846532374], [-79.2090307839765, 43.7315779426172], [-79.2090625929826, 43.7315766644018], [-79.2090869102943, 43.7315767262957], [-79.2091149632132, 43.731579516062], [-79.2091411221066, 43.7315863605554], [-79.2091747332375, 43.7316000199312], [-79.2092138961092, 43.7316258900845], [-79.2092530852718, 43.7316463325508], [-79.2092904321257, 43.7316627107645], [-79.2093147560465, 43.7316614134414], [-79.2093404748392, 43.7316540348304], [-79.2094787031263, 43.7315988126737], [-79.2096179350882, 43.7315362028912], [-79.2097920809994, 43.7314359124377], [-79.2099490427964, 43.7312977909564], [-79.2100888685423, 43.731109263921], [-79.2101591819988, 43.7309331531811], [-79.2101421074627, 43.730870146288], [-79.2100730696425, 43.7307818221589], [-79.2099983008893, 43.7307467527197], [-79.2099404123437, 43.7307248948673], [-79.2098862928533, 43.7306962686266], [-79.2098489915688, 43.7306731127952], [-79.2098135457344, 43.7306513118465], [-79.209783776026, 43.7306159694478], [-79.2097652270053, 43.7305833559022], [-79.2097635091583, 43.7305535124654], [-79.2097617068759, 43.7305385838509], [-79.209774992481, 43.7304992732123], [-79.2097919678286, 43.7304721776072], [-79.2098126793978, 43.7304451004863], [-79.2098539846367, 43.7304153572677], [-79.209898973716, 43.7303964788667], [-79.2099382801227, 43.7303925100657], [-79.2099831571787, 43.7303994108685], [-79.210032173367, 43.7304103006976], [-79.2100465135803, 43.7304147926847], [-79.2100683859866, 43.730419807845], [-79.2100861640584, 43.7304218422105], [-79.2100971294139, 43.7304208798873], [-79.2101108323803, 43.7304159459628], [-79.210124547714, 43.7304110210693], [-79.2101410369857, 43.7303971649878], [-79.210174001096, 43.730372441189], [-79.2101891440699, 43.7303546121445], [-79.2101919447357, 43.7303427106188], [-79.2101920308884, 43.7303248433965], [-79.2101866476989, 43.7303059811726], [-79.2101771750407, 43.7302831300356], [-79.2101759819407, 43.7302473921284], [-79.2101788467553, 43.7302196125962], [-79.2101858010766, 43.7301958129753], [-79.2101927008367, 43.7301859021132], [-79.2102352714713, 43.7301562339736], [-79.2102709403755, 43.7301394560876], [-79.2103065825301, 43.7301256485284], [-79.2103408429535, 43.7301177962708], [-79.2103613881236, 43.7301148689269], [-79.2103887584015, 43.7301149382799], [-79.210406545979, 43.7301149833479], [-79.2104284087227, 43.7301219876869], [-79.2104571042298, 43.7301329788727], [-79.210492624866, 43.7301469667457], [-79.210514458975, 43.7301599208086], [-79.210537706277, 43.7301629590908], [-79.2105664782852, 43.7301580722733], [-79.210615816503, 43.7301433091629], [-79.2107369618914, 43.7301031462814], [-79.2108056569955, 43.7300847325684], [-79.2108783340583, 43.7300591098999], [-79.2109441276428, 43.7300374483213], [-79.2110415557029, 43.7299860726107], [-79.2111101639347, 43.729949530017], [-79.2111472646704, 43.729918857576], [-79.2112036041361, 43.7298703662914], [-79.2112531098331, 43.729825827258], [-79.2113149803483, 43.729765441262], [-79.2113618446222, 43.729697078253], [-79.2114032257954, 43.7296073054544], [-79.2114277456314, 43.7295727756314], [-79.211412880097, 43.7295510361323], [-79.2114035985016, 43.7295374388416], [-79.2113980667399, 43.7295184322772], [-79.2113813523782, 43.7294939697339], [-79.2113739782605, 43.7294708899597], [-79.2113741085361, 43.7294437605783], [-79.2113723775503, 43.7294139081251], [-79.2113780597454, 43.7293989984322], [-79.2113969279071, 43.7293678388063], [-79.2114194807808, 43.7293448255931], [-79.2114495438918, 43.7293191219644], [-79.211481455191, 43.7292988597366], [-79.2115077175286, 43.7292840019834], [-79.2115433259895, 43.7292718771815], [-79.2115808093343, 43.7292570477288], [-79.2116294870226, 43.729250392621], [-79.2116650433646, 43.7292491231346], [-79.2117117947048, 43.7292533096161], [-79.2117491673597, 43.7292615499849], [-79.2117734512385, 43.72926838915], [-79.2117849625644, 43.7292725947482], [-79.2118184089304, 43.7292453963474], [-79.2118849624249, 43.7292151399637], [-79.2119585408203, 43.7291798425522], [-79.2119936162501, 43.7291545834698], [-79.2120567541878, 43.7291065769518], [-79.2121164283106, 43.7290535029823], [-79.2121725777517, 43.7290054787977], [-79.2122217511859, 43.728957446023], [-79.2122533748083, 43.7289245811294], [-79.2122990475468, 43.7288739921592], [-79.2123201582123, 43.7288461684781], [-79.2123764407349, 43.7287702587095], [-79.2124151249498, 43.7287196611068], [-79.2124397237407, 43.7286943755253], [-79.2124888846076, 43.7286488719476], [-79.2125240198463, 43.7286084007676], [-79.2125416299861, 43.7285805682402], [-79.2125593007594, 43.7285400531258], [-79.2125699348087, 43.7285096557015], [-79.2125982637088, 43.7284336935238], [-79.2126301413938, 43.7283475868698], [-79.2126760798827, 43.7282412447749], [-79.212700775018, 43.7281931412514], [-79.2127324706756, 43.7281450643177], [-79.2127612905359, 43.7280935596794], [-79.2127853187815, 43.7280473177158], [-79.2128389747085, 43.7279519224391], [-79.2128747264609, 43.7278913889456], [-79.2129104342472, 43.7278400455893], [-79.2129690662965, 43.7277630342645], [-79.2130149374985, 43.7277043623879], [-79.2130862648568, 43.7276200468698], [-79.2131448577642, 43.7275485441088], [-79.2131957964506, 43.7274917301278], [-79.2132517868361, 43.7274349287969], [-79.2132848743401, 43.7274019412639], [-79.2132823860739, 43.727392744762], [-79.2132705411724, 43.7273674485844], [-79.213234067431, 43.7273765293407], [-79.2131909669907, 43.7273956928425], [-79.2131567215842, 43.7274112060468], [-79.2131427899476, 43.7274148345864], [-79.213130137463, 43.7274157209582], [-79.2131200178142, 43.727413859308], [-79.2131099236814, 43.7274092523445], [-79.2131010963784, 43.727401885181], [-79.2130935431157, 43.7273954483418], [-79.2130897887851, 43.727386257659], [-79.2130898413294, 43.7273752492813], [-79.2130924435035, 43.7273605747997], [-79.2130962686389, 43.7273523302692], [-79.2131127842136, 43.7273404450875], [-79.2131406956935, 43.7273230797484], [-79.2132230706325, 43.7272957516766], [-79.2133680777213, 43.7272607585512], [-79.2134334775581, 43.7271594336139], [-79.213468839297, 43.7270997720678], [-79.2135032546771, 43.7270485422952], [-79.2135596276342, 43.726992056811], [-79.2136062147743, 43.7269443949936], [-79.213650343758, 43.7269020377274], [-79.2137017665908, 43.7268632361988], [-79.2137580881877, 43.7268226736714], [-79.2138143382864, 43.726794505638], [-79.2138754197598, 43.7267787353707], [-79.2139693758531, 43.7267641184887], [-79.2140040445673, 43.7268134329951], [-79.2140102504488, 43.7268369687506], [-79.2140339198067, 43.726918039087], [-79.2140618037901, 43.7270081211959], [-79.2140935638826, 43.7271027136095], [-79.2141423998756, 43.7271928481019], [-79.2142106667776, 43.7272740209213], [-79.2142945561019, 43.7273327386643], [-79.2144052829984, 43.7273780215534], [-79.2145319315578, 43.7274188434832], [-79.2146613413503, 43.7274506619299], [-79.2147911236062, 43.7274824901606], [-79.2149372247264, 43.7275098493252], [-79.2150716956153, 43.7275371883131], [-79.2152131974423, 43.7275555344254], [-79.215360520685, 43.7275739038607], [-79.2154989498018, 43.7275832407332], [-79.2156568219387, 43.7275836335744], [-79.2158072573328, 43.7275975095587], [-79.2159634291478, 43.7276293930669], [-79.2161080008392, 43.7276522553181], [-79.2162440754944, 43.7276660860572], [-79.2163852144005, 43.7276799382016], [-79.2165402712393, 43.7276983163038], [-79.2166851768758, 43.7277346805038], [-79.2168119001902, 43.7277574886216], [-79.2169289331443, 43.7277847822189], [-79.2170681237517, 43.7277986286947], [-79.2172123750565, 43.7278079779035], [-79.2173499719136, 43.727830821327], [-79.2174945869723, 43.7278446716959], [-79.2176365595853, 43.7278450225047], [-79.2177620379889, 43.7278528754442], [-79.2179142664241, 43.727879021764], [-79.2180439192947, 43.7278834282222], [-79.2182016265344, 43.7279165186241], [-79.2183324282308, 43.7279751060128], [-79.2184533077402, 43.7280479717715], [-79.2185530894175, 43.7281095429133], [-79.2187587066653, 43.7281460089517], [-79.2189896879474, 43.728176119101], [-79.219122422286, 43.7282171939348], [-79.2192911970079, 43.7282675203857], [-79.2194615985856, 43.7283283730213], [-79.219606353824, 43.7283737343786], [-79.2196279150599, 43.7283789449751], [-79.2197625273687, 43.7284114364946], [-79.2198598041724, 43.7284515864177], [-79.2199084138164, 43.7284698520299], [-79.2200704995781, 43.7284988370162], [-79.2201713082697, 43.7285429558659], [-79.2202977393166, 43.728602547439], [-79.2204430745886, 43.7287022856001], [-79.2205688308538, 43.7287923443933], [-79.2206951366827, 43.7288870940316], [-79.2208117449435, 43.7289612430258], [-79.2209472279315, 43.7290258516699], [-79.2210833861748, 43.7290600286352], [-79.2212536232736, 43.7291063682045], [-79.221467133635, 43.7291844073016], [-79.2216375276974, 43.7292452386638], [-79.2217994208018, 43.7293057520405], [-79.2219297591415, 43.729355900018], [-79.222070168457, 43.7294132463166], [-79.2222099834738, 43.7294622648589], [-79.2223157854341, 43.7295063579407], [-79.2224438025385, 43.7295728279248], [-79.2225500758955, 43.7296143745852], [-79.2226849470115, 43.7296670440453], [-79.2227943267977, 43.7297187334009], [-79.2228945243632, 43.7297508947234], [-79.2230341843153, 43.7297853928935], [-79.2231476715325, 43.7297997367546], [-79.2232881088255, 43.729811040325], [-79.2234065738843, 43.7298253509737], [-79.2235546572689, 43.7298529289418], [-79.2237117790805, 43.7298855422515], [-79.2238449583119, 43.7299204648252], [-79.2239741680099, 43.7299575559554], [-79.2240559964509, 43.7300003113522], [-79.2241544022606, 43.7300498846245], [-79.2242822532399, 43.7301018511606], [-79.2243616489896, 43.730150055215], [-79.2244237280079, 43.7302146627129], [-79.2245273022357, 43.7302823315947], [-79.2245964248278, 43.7303512495593], [-79.2246579218861, 43.7304075113854], [-79.2247015445578, 43.7304718402363], [-79.2247219516387, 43.7305612715979], [-79.2247327707291, 43.7306409855402], [-79.2247383064545, 43.7307413805835], [-79.2247432515079, 43.7308298115687], [-79.2247590154539, 43.7309058649111], [-79.2248191789785, 43.7309770024657], [-79.2248505000727, 43.7310116605894], [-79.2249279056555, 43.7310502641423], [-79.2253871917857, 43.7312977411529], [-79.2245691138865, 43.7320609221439], [-79.2250781454225, 43.7332394810443], [-79.2254175436287, 43.7340252486996], [-79.2258259530154, 43.7349893600084], [-79.225942488875, 43.735295681053], [-79.2262573647888, 43.7360165243373], [-79.226657325802, 43.7369716108918], [-79.2270841922048, 43.7379807584433], [-79.2279279313892, 43.7399809770142], [-79.2282163053892, 43.7406593195119], [-79.2282457874233, 43.7407288159739], [-79.2286728302396, 43.7410178693341], [-79.2288923012865, 43.7414757867511], [-79.2281261474452, 43.7419650730765], [-79.2279856549285, 43.7420609527655], [-79.2278455575416, 43.7421572112718], [-79.2277060532357, 43.7422540020891], [-79.2275670309247, 43.7423511809352], [-79.2274286642603, 43.7424487842309], [-79.2272909037854, 43.7425467668546], [-79.2271536251008, 43.7426451825186], [-79.2270169646941, 43.7427440495531], [-79.2268808111123, 43.7428433046856], [-79.226745300721, 43.7429429932498], [-79.226610384268, 43.743043025118], [-79.2264759494814, 43.7431435170396], [-79.2263421456752, 43.7432443973639], [-79.2262088361146, 43.7433457017704], [-79.2260762694394, 43.7434473588471], [-79.2259441847177, 43.7435494129769], [-79.2258126065754, 43.7436519092266], [-79.2256817709917, 43.7437548301619], [-79.2255514426454, 43.7438580492033], [-79.2254199803608, 43.7439620664776], [-79.2253131878948, 43.7440443689653], [-79.2252401339874, 43.7441011620248], [-79.2252069151147, 43.744126996645], [-79.225101248231, 43.7442101027458], [-79.2249961874086, 43.7442936512651], [-79.2248916340632, 43.7443774799454], [-79.2247877115289, 43.7444617691092], [-79.2246843955517, 43.744546392683], [-79.2245816978881, 43.744631494716], [-79.2244796319036, 43.7447168682142], [-79.2243780354497, 43.7448026748102], [-79.2242771943396, 43.7448888611873], [-79.2241768357139, 43.7449753636807], [-79.2240772322275, 43.7450622909642], [-79.223978148392, 43.7451495524591], [-79.2238796587453, 43.7452371393455], [-79.2237819114108, 43.7453252410084], [-79.2236846468955, 43.745413586786], [-79.2236308565961, 43.745462945368], [-79.2235880137369, 43.7455022760521], [-79.2234921358479, 43.7455913631152], [-79.2233967275778, 43.7456808652884], [-79.2233020751183, 43.7457706482475], [-79.2232080663533, 43.7458607927338], [-79.2231146519514, 43.7459512266197], [-79.223021868457, 43.7460421030158], [-79.222929679494, 43.7461332328099], [-79.2228371271504, 43.7462250187349], [-79.2227732693283, 43.7462897535543], [-79.2227086306856, 43.7463541533984], [-79.222643273011, 43.7464182814243], [-79.2225774328349, 43.7464820031867], [-79.2225109607047, 43.7465454173352], [-79.2224437324988, 43.7466085145662], [-79.2223760343306, 43.7466711785576], [-79.2223432531913, 43.7467011269469], [-79.2223077289136, 43.7467335619955], [-79.2222386430434, 43.7467955294399], [-79.2221690616693, 43.7468572166001], [-79.2220988984179, 43.7469185062495], [-79.2220280788743, 43.7469793802036], [-79.2219566645362, 43.7470399646278], [-79.2218846064878, 43.7471000973801], [-79.2218120533081, 43.7471598688332], [-79.2217387938354, 43.7472192964743], [-79.2216650145647, 43.7472783267491], [-79.2215907404539, 43.7473369327138], [-79.2215157225074, 43.7473952577799], [-79.2214402098456, 43.7474531315303], [-79.2213641901357, 43.7475105359316], [-79.221287451714, 43.7475675964834], [-79.2212103422822, 43.7476243050312], [-79.2211324773062, 43.7476805796254], [-79.2210542540293, 43.7477364392361], [-79.2209752747064, 43.7477919729038], [-79.2209001118443, 43.7478384786285], [-79.2206609745737, 43.7479864502812], [-79.2205838920215, 43.7480317989507], [-79.2205063524119, 43.7480766153792], [-79.2204281562012, 43.7481210881031], [-79.2203496268486, 43.7481650828944], [-79.2202705535669, 43.748208536228], [-79.2201910223089, 43.7482516553409], [-79.220110984457, 43.7482942150831], [-79.2200304768007, 43.7483363145569], [-79.2199495613819, 43.7483779629144], [-79.2198681765385, 43.7484190699918], [-79.2197862840978, 43.7484598337208], [-79.219703897359, 43.7485000651077], [-79.2196211281992, 43.7485397374224], [-79.2195380253197, 43.7485790578111], [-79.2194535458905, 43.7486179877087], [-79.2193749036036, 43.74865397048], [-79.2192957540741, 43.7486895378959], [-79.2192161473481, 43.7487246090676], [-79.2191361208453, 43.7487591480812], [-79.2190557733954, 43.7487932631933], [-79.2189748945474, 43.7488268188676], [-79.2188938070948, 43.7488598248982], [-79.2188121876994, 43.7488923885036], [-79.2187302229502, 43.7489244381322], [-79.218647851018, 43.7489559196239], [-79.2185651583577, 43.7489869322038], [-79.2184819340972, 43.749017430346], [-79.2183986129504, 43.7490473881167], [-79.2183147852512, 43.7490767865036], [-79.2182305995377, 43.7491057248851], [-79.2181461433623, 43.7491340684583], [-79.2180613293028, 43.7491619250213], [-79.2179761574451, 43.7491892765712], [-79.2178906031689, 43.7492160780403], [-79.2178048031874, 43.7492423027618], [-79.2177187570798, 43.7492680407462], [-79.2176323410607, 43.7492932106761], [-79.2175457040915, 43.7493178219202], [-79.2174586597528, 43.7493419100219], [-79.2173713943409, 43.7493654664398], [-79.2172838581907, 43.7493884910504], [-79.2171959645136, 43.7494109566349], [-79.2171079491464, 43.7494328817785], [-79.2170195762141, 43.7494542568958], [-79.2169309328912, 43.7494750281947], [-79.2168421928035, 43.7494952411106], [-79.2167530699416, 43.7495149849466], [-79.2166636891976, 43.749534106991], [-79.2141116947159, 43.7501847768045], [-79.2139990215681, 43.7502134967856], [-79.2139009339768, 43.7502379415915], [-79.2138030918579, 43.7502629720056], [-79.2137054952518, 43.7502885790275], [-79.2136082561666, 43.7503147089313], [-79.2135112871658, 43.750341469513], [-79.2134145390512, 43.7503687616369], [-79.2133181852292, 43.7503966757503], [-79.2132220650065, 43.7504250584307], [-79.2131263141948, 43.7504540720412], [-79.2130309327055, 43.7504837345848], [-79.2129359215685, 43.7505138300364], [-79.2128411679962, 43.750544574142], [-79.2127467719248, 43.7505758411369], [-79.2126527457697, 43.7506076310531], [-79.2125591016874, 43.7506399979292], [-79.2124658026833, 43.750672887666], [-79.2123727618359, 43.7507063000455], [-79.2122802143348, 43.7507403886807], [-79.2121880372145, 43.7507749012297], [-79.2120962171073, 43.750810035686], [-79.2120049161673, 43.7508456394388], [-79.2119138480222, 43.7508818737889], [-79.2118006450213, 43.75092477615], [-79.211687935736, 43.7509682647218], [-79.2115756083663, 43.7510123482249], [-79.2114636383351, 43.751056972591], [-79.2113521742566, 43.7511022192075], [-79.2112803465389, 43.7511318767584], [-79.2112795773682, 43.7511291474528], [-79.2112686781048, 43.7509760995719], [-79.2112544823999, 43.7505350050367], [-79.2112409459766, 43.7504449588609], [-79.2112281237537, 43.7503639156845], [-79.2112061002146, 43.7502648468608], [-79.2111670342845, 43.7501567337676], [-79.2110972724587, 43.7499765424876], [-79.2108455296271, 43.7493908369564], [-79.2103134754895, 43.7481833468455], [-79.2100949100202, 43.7476856113025], [-79.2098093693981, 43.7470396624884], [-79.2093492660779, 43.7460026438512], [-79.2089934436064, 43.7451537349008], [-79.2078915000837, 43.7425244704724], [-79.2080307533691, 43.7424528165878], [-79.2081249758266, 43.7423810475503], [-79.2081981907714, 43.7423272272258], [-79.2082536149249, 43.7422553590231], [-79.2082934885125, 43.7421924523174], [-79.2083302269068, 43.7421385388076], [-79.2083576850429, 43.7420756003955], [-79.208366563894, 43.7420036133616], [-79.2084211387529, 43.7416257017161], [-79.2084677434632, 43.7414547975705], [-79.2085004558136, 43.7412658555471], [-79.2085749066471, 43.7411130247852], [-79.2087672285665, 43.7408164749587], [-79.2088588236064, 43.7406456852549], [-79.2087841622694, 43.740519478067], [-79.208596742402, 43.7401229469916], [-79.2084472518263, 43.7397445057657], [-79.208406645758, 43.739636387604], [-79.2083891115081, 43.739573334366], [-79.2083593248779, 43.7394742450024], [-79.2083426478233, 43.7393931915122], [-79.2083485537165, 43.7392941842124], [-79.2083396796064, 43.7392041494138], [-79.2083301232002, 43.7390961104406], [-79.2083360290821, 43.7389971031361], [-79.2083410778084, 43.7389161050757], [-79.2083454317819, 43.7388171028089], [-79.2083576447018, 43.7387001091591], [-79.208372222741, 43.7385741293248], [-79.2083867133922, 43.7384661426951], [-79.2083979692671, 43.7383851604608], [-79.2084091690155, 43.738313179298], [-79.2083962905801, 43.738250137924], [-79.2084004260419, 43.7381961321706], [-79.2083992236887, 43.7381241193657], [-79.2083948740398, 43.7380610997477], [-79.2083859563486, 43.7379800660396], [-79.2083669582074, 43.7378989976088], [-79.208352559375, 43.7378269511283], [-79.2083243691477, 43.737718864581], [-79.2082746411308, 43.7375747091827]]]]}}, {"type": "Feature", "properties": {"name": "Eglinton East", "code": "138", "centroid": [-79.24555, 43.7432]}, "geometry": {"type": "MultiPolygon", "coordinates": [[[[-79.2364097299027, 43.7532806083574], [-79.2364090100352, 43.7532805256865], [-79.2360724604686, 43.7533151867474], [-79.2357989937424, 43.7533214138602], [-79.2355040917943, 43.7532068757006], [-79.2352173879061, 43.7531427534582], [-79.234857658005, 43.7530809904525], [-79.2345181956174, 43.7530189853535], [-79.234198488971, 43.7530330762839], [-79.2339546563748, 43.753111197428], [-79.2338358684458, 43.7531420019931], [-79.2338057397196, 43.7530671048986], [-79.2337041482156, 43.7528211446352], [-79.2336839416114, 43.7527714289612], [-79.2335584279283, 43.7524626384768], [-79.2332535880206, 43.7517330195942], [-79.2331685023617, 43.7515600340173], [-79.2327584461328, 43.750585227415], [-79.2323769221328, 43.7496472918948], [-79.2322908992701, 43.7494601445202], [-79.2319498594621, 43.7486354923176], [-79.2314947433344, 43.7475639830979], [-79.2310735224972, 43.7465185741068], [-79.2306053533985, 43.7454355086985], [-79.2300299611787, 43.7440824937576], [-79.2297940424874, 43.7435425388311], [-79.2295712201623, 43.7429626219764], [-79.2293204419097, 43.7423828094515], [-79.2291773301804, 43.7420105763926], [-79.2290390161143, 43.7416815963285], [-79.2289084848142, 43.7415101467597], [-79.2288923012865, 43.7414757867511], [-79.2295090054395, 43.7410819415825], [-79.2301182044525, 43.7406904786607], [-79.2324757847113, 43.7392231431793], [-79.2342251977197, 43.7381261684801], [-79.2359746455311, 43.7370264934979], [-79.2371340817977, 43.736307294952], [-79.2399308010189, 43.7345722800675], [-79.2399786733148, 43.7345425949305], [-79.2419878160744, 43.7332723403562], [-79.2420949796498, 43.7332065762163], [-79.2422015240543, 43.7331404055234], [-79.2423074371829, 43.7330737562422], [-79.2424128802559, 43.7330066647426], [-79.2425178037344, 43.7329391039106], [-79.2426220956655, 43.732871127503], [-79.2427259178474, 43.732802636872], [-79.2428291208561, 43.7327337396976], [-79.2429317048456, 43.7326643999768], [-79.2430337813052, 43.7325946719692], [-79.2431352638412, 43.7325244384661], [-79.2432362143277, 43.7324537446142], [-79.24333645867, 43.7323826620338], [-79.2434361832605, 43.732311146139], [-79.2435354253772, 43.7322391880135], [-79.2436339244943, 43.7321667510693], [-79.2437319158501, 43.7320939798554], [-79.2438291765817, 43.7320207388552], [-79.2439259424643, 43.7319470466012], [-79.2440220889437, 43.7318730018292], [-79.2441176165185, 43.7317984875259], [-79.2442124874129, 43.7317236296255], [-79.2443069131497, 43.7316483115868], [-79.2444005705649, 43.7315726317019], [-79.2444936337883, 43.7314965093506], [-79.2445860530909, 43.7314199624259], [-79.2446777411992, 43.7313430807466], [-79.2447675820058, 43.7312656097877], [-79.2448566425054, 43.7311876779526], [-79.2449452322615, 43.7311094659585], [-79.2450329424078, 43.7310307928697], [-79.245120157139, 43.7309518035648], [-79.2452066657778, 43.730872416564], [-79.2452924930368, 43.7307926589279], [-79.245377763314, 43.7307124679263], [-79.2454622523757, 43.730632032087], [-79.2454914181363, 43.7306038961779], [-79.2460183442409, 43.7318221424783], [-79.2463624938484, 43.7326510286378], [-79.2468940882807, 43.733939400375], [-79.2471453224289, 43.7345520487091], [-79.2473848423124, 43.7351736807617], [-79.2479174025068, 43.7364080419861], [-79.2480052240948, 43.7365612653992], [-79.2480568373473, 43.736651391388], [-79.2480845930644, 43.7366964586689], [-79.2502249138769, 43.736224055122], [-79.2520512638511, 43.7358499532401], [-79.2531905056955, 43.735582373212], [-79.2543668813049, 43.7353418652907], [-79.2556093124178, 43.7350744828342], [-79.2568385614807, 43.7348070498139], [-79.2574271873677, 43.7346732821696], [-79.2581043075558, 43.7345306885802], [-79.2591712432005, 43.734307901948], [-79.2601878059723, 43.73406699722], [-79.2609426056484, 43.7338975460729], [-79.2617829246994, 43.7336922632966], [-79.262374717439, 43.7335494665151], [-79.2629706541566, 43.7334128050943], [-79.2636048243967, 43.7348629376681], [-79.2637028327366, 43.7350870547754], [-79.2638146213179, 43.7353490954166], [-79.265908426829, 43.7402563671287], [-79.2659494729129, 43.740354690454], [-79.2666152087198, 43.7419492216777], [-79.2666374794221, 43.7420010241247], [-79.2666553379466, 43.7420444554326], [-79.2665359369025, 43.7420736545781], [-79.2662546149343, 43.7421375553011], [-79.2661033725951, 43.7421719095768], [-79.2659482530144, 43.7422071468327], [-79.2645270341078, 43.742519333199], [-79.2628681283637, 43.7428850252723], [-79.2617326610396, 43.7431347338476], [-79.2614665331596, 43.7425401078066], [-79.2608980733601, 43.7426559448195], [-79.2606697722684, 43.7427004820702], [-79.260533153752, 43.742709197136], [-79.2604416379204, 43.742700004154], [-79.2602686393708, 43.742690640226], [-79.2597862881913, 43.7426176268312], [-79.2592961785779, 43.7425445860608], [-79.2591069874291, 43.7425081916382], [-79.2588193761308, 43.7424445766329], [-79.2585829541672, 43.7423810690341], [-79.2582203106249, 43.7422542945311], [-79.2579390294437, 43.7421546768469], [-79.2578405737124, 43.7421364658717], [-79.2577103213432, 43.7421091952028], [-79.257572200612, 43.7421088933323], [-79.2574092854929, 43.7420995464622], [-79.2571251512814, 43.7421349479086], [-79.2563034075664, 43.7423312255026], [-79.2562389723938, 43.7423400893149], [-79.2561528102192, 43.7423489157417], [-79.2560767659428, 43.7423487444816], [-79.2559929985648, 43.7423395644729], [-79.2559387543397, 43.7423214462346], [-79.2558604615401, 43.7423032766061], [-79.2557977487778, 43.7422671377874], [-79.255743614463, 43.7422220160541], [-79.2556934270645, 43.742158891305], [-79.2556557041035, 43.7420868009685], [-79.2555210405919, 43.7418074664131], [-79.2552030089308, 43.7417797820826], [-79.2550439934848, 43.7417704401927], [-79.2548446403428, 43.7417520103573], [-79.25461048588, 43.7417065018251], [-79.254523640641, 43.7416973141308], [-79.2544188806615, 43.7416970890939], [-79.2542799050492, 43.7417148018371], [-79.2532413339224, 43.7418115867498], [-79.2527266843131, 43.7418644908028], [-79.2524425485071, 43.7418998806063], [-79.2522189370005, 43.7419354009253], [-79.2515800082231, 43.7420150249671], [-79.2513805435768, 43.7420236014872], [-79.2511212369071, 43.7420590420094], [-79.2506389122633, 43.7421660053124], [-79.2508472872047, 43.742634540747], [-79.2509979089753, 43.7429949354316], [-79.2507618593799, 43.7430646033928], [-79.2506882583966, 43.7430857847474], [-79.2505497725009, 43.7431370145271], [-79.2503076291679, 43.7431968929341], [-79.2501261750295, 43.7432324652319], [-79.2499418153418, 43.7432650694864], [-79.2497324471189, 43.7433788906167], [-79.2496138709278, 43.7434965287747], [-79.2494814115292, 43.7436592864481], [-79.2493746633008, 43.7437747269768], [-79.249324128106, 43.7438111250629], [-79.2492721959968, 43.7438877014616], [-79.2492504211388, 43.7439198240167], [-79.2491208263154, 43.7440324148036], [-79.2490337019838, 43.7441132074175], [-79.2490078545462, 43.7441453209829], [-79.2488852996967, 43.7442635887175], [-79.2487323566882, 43.7444010791091], [-79.2485816190844, 43.7445246762778], [-79.2483944073176, 43.7446323508337], [-79.2482148438305, 43.7447191231213], [-79.2480461383405, 43.7447302369028], [-79.2479133726909, 43.7446625161139], [-79.2477686333883, 43.7445782335278], [-79.2476484633275, 43.7445713523888], [-79.2475717363133, 43.7445882132498], [-79.2474994204488, 43.7446249134661], [-79.247343107176, 43.7447509360058], [-79.2472462500662, 43.7448925538974], [-79.247193247374, 43.7449895957153], [-79.247061342311, 43.7451186152397], [-79.2468692758859, 43.7452693923252], [-79.246695153955, 43.7453573534239], [-79.2464790224582, 43.7454318452904], [-79.2462675125129, 43.7455173194778], [-79.2460509297359, 43.7456219365697], [-79.2458787635923, 43.7456638235875], [-79.2456320359984, 43.7457090999126], [-79.2453276255478, 43.7457624022873], [-79.2450772911804, 43.7457796576232], [-79.2449567748106, 43.7457836643426], [-79.2448443593128, 43.745783449451], [-79.2446018432329, 43.7457752927903], [-79.2444558231165, 43.7457473867214], [-79.2442744937701, 43.7456664383732], [-79.2442144850403, 43.7455092780463], [-79.244181995615, 43.7453976263737], [-79.2440688644913, 43.7453411515739], [-79.2437537477362, 43.7453692134061], [-79.2436235902613, 43.7453777517162], [-79.2434933100442, 43.7453743179972], [-79.243393207154, 43.745349105954], [-79.2432806643703, 43.7453207604668], [-79.2430336648655, 43.7452640288959], [-79.2427298239513, 43.7453147962973], [-79.2424613831349, 43.7453360826956], [-79.2421950653234, 43.7452416357312], [-79.2421169074876, 43.7452326022288], [-79.241987079891, 43.7451990407736], [-79.2418098518539, 43.7451472076712], [-79.2416621418843, 43.7451260271166], [-79.2415116488558, 43.7451543557189], [-79.2414629923237, 43.745205795585], [-79.2413980083719, 43.7452630402736], [-79.2413623182019, 43.7452875688189], [-79.2413459272112, 43.7452995033333], [-79.2411664173994, 43.7454487960406], [-79.2409796637048, 43.7455731837099], [-79.2407175535661, 43.745695104845], [-79.2404619105341, 43.7457855718442], [-79.2404045740243, 43.7458139394548], [-79.2402250041001, 43.7459475234282], [-79.2401514960134, 43.7461091620141], [-79.2401183410375, 43.7463854866524], [-79.2400902777611, 43.7466270781951], [-79.2401074550174, 43.7469558592512], [-79.2400720844445, 43.7472074614908], [-79.2399416035414, 43.7474646081177], [-79.2399545470981, 43.7475149632961], [-79.2398268670382, 43.7476497987997], [-79.2397849142144, 43.7477437208641], [-79.2396877838993, 43.7478944408667], [-79.2396069181954, 43.748225779963], [-79.2395612240716, 43.7485036959854], [-79.2394083025861, 43.7487118062699], [-79.2391955434734, 43.7488683739599], [-79.2390530677784, 43.7489180504447], [-79.2388926922096, 43.7488864860251], [-79.2386755149589, 43.7488651339068], [-79.2385233625895, 43.7489698119498], [-79.2385338012579, 43.7491932006325], [-79.2385517311107, 43.7492588513996], [-79.2385854298864, 43.7495215024985], [-79.2385566485223, 43.7497380235459], [-79.2384760290793, 43.749902426049], [-79.2383468727487, 43.7500692197226], [-79.2383362061612, 43.7502973036956], [-79.2383272482261, 43.7504865964037], [-79.2383104435827, 43.7505987038645], [-79.2382888926145, 43.7506259821596], [-79.2382278197396, 43.7508208622676], [-79.2381419698235, 43.7509768184016], [-79.2380523635405, 43.7510771834615], [-79.238029550384, 43.7511831022772], [-79.2380433147739, 43.7513013015462], [-79.2381840436272, 43.751434499669], [-79.2382620429201, 43.7515756550615], [-79.238209378253, 43.7516930090707], [-79.2381949991884, 43.7517214199176], [-79.2380832823493, 43.7519371566846], [-79.2379935906122, 43.7520567570419], [-79.2379057040191, 43.7521183127516], [-79.2377486028012, 43.7521256304173], [-79.237622212975, 43.752092494986], [-79.2375874322884, 43.7521974680996], [-79.2377032888565, 43.7523109870803], [-79.2378943695623, 43.7523993671068], [-79.2381245948978, 43.752498268892], [-79.2382368509713, 43.7526461996481], [-79.2381995559915, 43.7528153727047], [-79.2380808675713, 43.7529834411335], [-79.2379528556329, 43.7531451602187], [-79.2378202929931, 43.7532454715706], [-79.2377246352069, 43.7533003664203], [-79.2375836362703, 43.7533930431256], [-79.2372580296969, 43.7533929881911], [-79.23695024285, 43.7533560324406], [-79.2366849352252, 43.7533111176625], [-79.23661500749, 43.7533033685369], [-79.2364936699125, 43.7532900281314], [-79.2364097299027, 43.7532806083574]]]]}}, {"type": "Feature", "properties": {"name": "West Hill", "code": "136", "centroid": [-79.16921, 43.76848]}, "geometry": {"type": "MultiPolygon", "coordinates": [[[[-79.1803656103352, 43.7809813371294], [-79.1799564382213, 43.7808726913749], [-79.1795697232648, 43.7808884399855], [-79.1791539813348, 43.780879667687], [-79.1787464069033, 43.7807771248631], [-79.1783246342304, 43.7807046404666], [-79.1779427854507, 43.7806726191699], [-79.1775730426387, 43.7806257698525], [-79.1771554485814, 43.780615274841], [-79.176779395945, 43.7807297957338], [-79.1764000631316, 43.7808095706666], [-79.1760239177153, 43.7806439910592], [-79.1756367423286, 43.7804462538055], [-79.175347241463, 43.7802715386287], [-79.1752650070365, 43.7802103582253], [-79.1752366098347, 43.7801892328501], [-79.1750135702816, 43.7799696999018], [-79.1747826315774, 43.7797088377546], [-79.1746390101993, 43.7795753019774], [-79.1744362486351, 43.7794360978677], [-79.1740632690418, 43.7794472853912], [-79.173711004576, 43.7795739075872], [-79.173292297894, 43.7796528577191], [-79.1728942034636, 43.7795990533357], [-79.1725546915213, 43.7794575731881], [-79.1721588093351, 43.7794244212196], [-79.1718015983474, 43.7795734272047], [-79.1715514055933, 43.7798234085259], [-79.1712279026982, 43.7800277046206], [-79.170833858504, 43.7800733764206], [-79.170656237404, 43.7800629904679], [-79.17062347528, 43.7800610688231], [-79.1703151134251, 43.7799259726058], [-79.169954188842, 43.7796827189784], [-79.1697976356048, 43.7794155807032], [-79.169873984305, 43.7791273143697], [-79.1699188553604, 43.7788271925614], [-79.1699191599019, 43.7785166537023], [-79.1696252937961, 43.7784129484664], [-79.1692733330823, 43.7785289455264], [-79.1688776407494, 43.7786294138409], [-79.1684508984307, 43.7787192773703], [-79.1680988705403, 43.7788960913918], [-79.1679604320684, 43.7791984070043], [-79.1679749480284, 43.7794937049201], [-79.167975315848, 43.7795013209619], [-79.16801531105, 43.7797743430167], [-79.16793369427, 43.7799015802017], [-79.1678479678571, 43.7800238187453], [-79.1674730545409, 43.7801118039512], [-79.1674679419069, 43.7801130042314], [-79.1670236648096, 43.7800023377855], [-79.1665668299137, 43.779869229114], [-79.1660670993157, 43.779745102456], [-79.1656855417747, 43.7795672134225], [-79.165664832569, 43.7792282865308], [-79.1657647117155, 43.7788229057789], [-79.1658778701772, 43.7784620474253], [-79.1658818572447, 43.7780806802574], [-79.1656065948349, 43.7778503548435], [-79.165232007746, 43.7779707828444], [-79.1648635739922, 43.7781436053644], [-79.1645694309313, 43.7784246675722], [-79.1642839063132, 43.7787235586016], [-79.1639624295805, 43.7789642137688], [-79.1635877817651, 43.7790448960944], [-79.1635273445179, 43.77906242345], [-79.1634170665246, 43.7790665273099], [-79.1633293423985, 43.7790407866775], [-79.1632561443363, 43.7789856640143], [-79.1632013892362, 43.7789027370901], [-79.1631634675405, 43.7788043147617], [-79.1631465305628, 43.7786966650805], [-79.1631567517141, 43.7785378698837], [-79.1631571286322, 43.7783954907739], [-79.1631461583155, 43.778220827089], [-79.1631343311971, 43.7780726602655], [-79.1631191469006, 43.7778343189939], [-79.1631229472113, 43.7776840469448], [-79.1631038847288, 43.7775302150547], [-79.1630500000099, 43.7773921135317], [-79.1629461720903, 43.7772812822213], [-79.1628411115062, 43.777204183503], [-79.1627283997689, 43.7771490159239], [-79.1626115772266, 43.7771246200451], [-79.1624823293044, 43.7771183876876], [-79.162373858715, 43.7771065728393], [-79.1621332598983, 43.7771058888517], [-79.1619032054214, 43.7771232918647], [-79.1617556194472, 43.7771328824727], [-79.1615227894018, 43.7771269635171], [-79.1612794307606, 43.7770826049609], [-79.1610795303605, 43.7770398509533], [-79.1609002902547, 43.7770034947078], [-79.1607860750164, 43.7769773404721], [-79.1606692014664, 43.776944589385], [-79.1605579441606, 43.7769094515499], [-79.160477746838, 43.7768737397928], [-79.1603263739566, 43.7767908754511], [-79.1601100637834, 43.776673757444], [-79.1595615000314, 43.7764406240861], [-79.1593240037952, 43.7763337387987], [-79.1591476101488, 43.7762429673011], [-79.1589661991511, 43.7761520545428], [-79.1588603799084, 43.776089468752], [-79.1587422167594, 43.7760043701213], [-79.1586250018884, 43.7759011278697], [-79.1584722191195, 43.7757503791315], [-79.1582892080363, 43.7755940401072], [-79.1581060798574, 43.775449698977], [-79.15793773901, 43.7752807026332], [-79.1578149937496, 43.7751391700678], [-79.1576273701364, 43.7749754262083], [-79.1575257425977, 43.7748624362443], [-79.1560779347412, 43.7736069998041], [-79.1560155564666, 43.7735888187666], [-79.1559772277332, 43.7735662005057], [-79.1559323661539, 43.7735390619859], [-79.1558705031202, 43.7734938699408], [-79.155789392336, 43.7734216164178], [-79.1557255917453, 43.7733764184581], [-79.1556266695753, 43.7732996105857], [-79.1555276969823, 43.7732273030546], [-79.155423283942, 43.773154979035], [-79.1553012011952, 43.7730555981503], [-79.1551925932621, 43.7729697595261], [-79.1550971380713, 43.7728929616496], [-79.1550504048075, 43.772852315392], [-79.1549866571762, 43.7727981070138], [-79.1549232946769, 43.7727439087636], [-79.1548433019043, 43.7726806590965], [-79.1547215678352, 43.7725857792182], [-79.1546864222476, 43.772554168976], [-79.1546133331686, 43.7725044417451], [-79.1545426053608, 43.7724502210237], [-79.1544358326854, 43.7723868811207], [-79.1543425466812, 43.7723370926487], [-79.1542632598353, 43.7722873464482], [-79.1542012821132, 43.7722646560468], [-79.1540704248185, 43.7722012609318], [-79.1539852348768, 43.7721649984127], [-79.1538670796433, 43.7721241354202], [-79.1537698535651, 43.7720878362886], [-79.1536919643861, 43.7720650974086], [-79.1536047208008, 43.7720468307059], [-79.1535074430412, 43.7720195323557], [-79.1534062378561, 43.7720012321758], [-79.1533376129949, 43.7719875223092], [-79.153225103325, 43.7719736792605], [-79.1531448012475, 43.7719644344289], [-79.1530579158502, 43.7719551695573], [-79.1529514839544, 43.7719600581035], [-79.1528337768968, 43.7719836347193], [-79.152730472648, 43.772034042433], [-79.1525967520582, 43.7720901183479], [-79.1525013723086, 43.7721405499402], [-79.1524428920793, 43.7722025881495], [-79.1524093381136, 43.7722953330882], [-79.1523655154662, 43.7723401786084], [-79.1522809027719, 43.7723523608249], [-79.1521871383945, 43.7723511394038], [-79.1521787098854, 43.7723479903514], [-79.1521199085169, 43.7723260465832], [-79.1520528354089, 43.7722760659896], [-79.1520016898062, 43.7722127491261], [-79.1519498661694, 43.7721228587459], [-79.1518660938864, 43.7720415931566], [-79.1518020693273, 43.77196938883], [-79.1517631421994, 43.771919763842], [-79.1517254474007, 43.7718611414336], [-79.1516796701417, 43.7717890016388], [-79.1516268998222, 43.7717168315087], [-79.1515790806045, 43.771662678771], [-79.1515012657317, 43.7715589281632], [-79.1514520770467, 43.7714732671268], [-79.1514314496847, 43.7714146966642], [-79.1514246656081, 43.7713786713241], [-79.1514114165403, 43.7713201233591], [-79.151398324342, 43.7712345723822], [-79.151399498989, 43.7711670672435], [-79.15136529668, 43.7711039547795], [-79.1513359602038, 43.7710093620787], [-79.1513199910601, 43.7709508058015], [-79.1512870212663, 43.7708786959085], [-79.1512477625139, 43.7708200685606], [-79.1512088104304, 43.7707749438797], [-79.1511509324707, 43.7707162686769], [-79.1510514935083, 43.7706574665629], [-79.1509562478087, 43.770616670494], [-79.1508685959375, 43.7706029010339], [-79.1507646213578, 43.7705935912153], [-79.1506704525354, 43.7705662999441], [-79.1505676980401, 43.7705479925116], [-79.1504757472898, 43.7705387101889], [-79.1503925824205, 43.7705564671598], [-79.1502755920916, 43.7705831127365], [-79.1501795160528, 43.7706188233713], [-79.1500802697179, 43.7706635253828], [-79.1499708446469, 43.7707262074637], [-79.1499122730385, 43.7707845356339], [-79.1498264836986, 43.7708517815505], [-79.1497139527232, 43.7709144538673], [-79.149649804004, 43.770932259574], [-79.1495768433203, 43.7709275443208], [-79.1495047703124, 43.7709048294168], [-79.1493979793275, 43.7708460033203], [-79.1493120116164, 43.7708097349248], [-79.1492190632672, 43.7707734540414], [-79.1491081218599, 43.7707596207522], [-79.1489963979721, 43.7707457849522], [-79.1488492291067, 43.7707543520591], [-79.1487773697571, 43.7707631324232], [-79.1486814644798, 43.7707673472513], [-79.1486231937824, 43.7707761782878], [-79.148514933966, 43.7707668532486], [-79.1484509432208, 43.7707576552784], [-79.1483843376758, 43.7707304559025], [-79.1482949595258, 43.7706806745041], [-79.1482190522473, 43.7706489458261], [-79.1481300065878, 43.7706081754863], [-79.1480413709991, 43.7705673973385], [-79.1479344516145, 43.7705265718039], [-79.1478565930998, 43.7704993284547], [-79.1478256988036, 43.7704722297728], [-79.1477700819491, 43.7704225609869], [-79.1477004511214, 43.7703818411405], [-79.1476571623093, 43.7703502036251], [-79.1475852104881, 43.7703049759709], [-79.1474861980335, 43.7702461720669], [-79.147442511959, 43.7702145332442], [-79.1473928393561, 43.7701468712786], [-79.147369337556, 43.7701152946959], [-79.1473411638787, 43.7700882042752], [-79.1472863303566, 43.7700385286665], [-79.1472334470207, 43.7699888590504], [-79.1471487692943, 43.7699300900929], [-79.1470973064791, 43.7699029277102], [-79.1470279153794, 43.7698892116852], [-79.1469370278258, 43.7698979411289], [-79.1468444817539, 43.7699246587039], [-79.1467786481487, 43.7699649695088], [-79.1467387851059, 43.7700098611307], [-79.146690321717, 43.7700682278997], [-79.1466485209138, 43.770113104498], [-79.1466000979312, 43.7701624701882], [-79.1465650109408, 43.770189374187], [-79.1464864768506, 43.7702116342173], [-79.1464172460088, 43.7702339319758], [-79.1463523940807, 43.7702382319121], [-79.146242169708, 43.7702378998049], [-79.1461720489581, 43.7702151798385], [-79.1460980139414, 43.7701969482909], [-79.1460162689136, 43.7701696916524], [-79.1459454719993, 43.770128967124], [-79.1459049451816, 43.7700883363354], [-79.1458524746089, 43.7700341577765], [-79.1458043566271, 43.7699664909348], [-79.1457605256552, 43.7698943457781], [-79.1457209942148, 43.7698177043475], [-79.1456667599391, 43.7697320161567], [-79.145615948745, 43.7696598493015], [-79.1455753959433, 43.7696237098936], [-79.1454860607829, 43.7695694258409], [-79.1454241956112, 43.7695287196883], [-79.1453453049396, 43.7694789685089], [-79.1453197870376, 43.7694608869935], [-79.1452754248005, 43.7694157434922], [-79.1452592899728, 43.7693841893359], [-79.1452416149757, 43.7693526303966], [-79.1452282517919, 43.7693165842557], [-79.1452223605909, 43.7692625589755], [-79.1452206499376, 43.76922204842], [-79.1452330315353, 43.7691635792756], [-79.1452448826422, 43.7691276113973], [-79.1452679994027, 43.769091678483], [-79.1453085531783, 43.7690603002607], [-79.1453589014932, 43.7690109500834], [-79.1454163223833, 43.7689481200764], [-79.145458495964, 43.7689032360748], [-79.1454968189945, 43.7688583491153], [-79.1455348791305, 43.7687864578282], [-79.1455549311343, 43.7687415141823], [-79.1455684532765, 43.7686875491168], [-79.1455707363869, 43.7686290486139], [-79.1455683493112, 43.768570533628], [-79.1455583180376, 43.7684939926023], [-79.1455365157395, 43.768439917987], [-79.145502704444, 43.7683813055369], [-79.145470857417, 43.7683181985856], [-79.1454332383517, 43.7682460725516], [-79.1453802797336, 43.7681423948256], [-79.1453414933505, 43.7680702651373], [-79.1453316780655, 43.7680560308375], [-79.1453010871773, 43.7680116231584], [-79.1452699698577, 43.7679575195795], [-79.1452504516365, 43.7679079525775], [-79.1452341308037, 43.7678448937447], [-79.1452329898724, 43.7678403896193], [-79.1452299784997, 43.7677593697606], [-79.1452424130285, 43.7676918905951], [-79.1452649205003, 43.7676244516924], [-79.1452780717854, 43.7675659849155], [-79.1452795318676, 43.767516483021], [-79.1452592561311, 43.7674669136658], [-79.1452488530523, 43.7674533796242], [-79.1452422659554, 43.7674456721808], [-79.1451700699896, 43.7673060649738], [-79.1450519867183, 43.7672073515505], [-79.1450749029341, 43.7670392808788], [-79.1451122206386, 43.7663722660671], [-79.1454108384084, 43.7662011265204], [-79.1454108905149, 43.7661923055349], [-79.1454109739384, 43.7661781829573], [-79.145434230555, 43.7661562112399], [-79.1454672767355, 43.7661254397361], [-79.1455063879346, 43.7660982154928], [-79.1455406251799, 43.7660718582353], [-79.1455626750538, 43.766048100517], [-79.1455871467368, 43.7660243683065], [-79.1456383983317, 43.766002474351], [-79.1456761828567, 43.7659937703452], [-79.1457310495313, 43.7659780533571], [-79.1457895239995, 43.7659676492132], [-79.1458440097787, 43.7659554324458], [-79.1460581194618, 43.7658952387731], [-79.1461581333026, 43.7658754218284], [-79.1462193329244, 43.7658514791386], [-79.1462806386191, 43.7658074191268], [-79.1463474373241, 43.765775446649], [-79.1464086955008, 43.7657394244667], [-79.1464979967524, 43.7656552247084], [-79.1466039643413, 43.7655670528884], [-79.1467321859832, 43.7654709117084], [-79.146815969495, 43.7653786565964], [-79.146921912463, 43.7652945079249], [-79.1469999432854, 43.7652384286167], [-79.1471227425856, 43.7651221436245], [-79.1472231927072, 43.7650299216614], [-79.1473070818221, 43.7649215724113], [-79.1473855607295, 43.7647890652611], [-79.1474359973332, 43.7647047448462], [-79.147491738066, 43.7646646905333], [-79.1475474663045, 43.7646246361544], [-79.1476031833227, 43.7645885962367], [-79.1476479857327, 43.7645203524512], [-79.1477090931909, 43.764420771814], [-79.1477544151486, 43.7643824764902], [-79.1478910288416, 43.7642523714205], [-79.1480347010686, 43.7641087771589], [-79.1481861085207, 43.7639697161114], [-79.1483282407904, 43.7638216251472], [-79.1484808669922, 43.7636735662772], [-79.1486228785425, 43.7635479775042], [-79.1487423990339, 43.7634178188459], [-79.1488627804116, 43.7632741609415], [-79.1489975445528, 43.7631260464895], [-79.1491331445811, 43.7629644236757], [-79.1491438479379, 43.7629542221959], [-79.1493322383264, 43.7627424446069], [-79.1494169049154, 43.7626209814344], [-79.1494897386385, 43.7624734055008], [-79.1496588163722, 43.7622739537464], [-79.1498157178526, 43.7621092449775], [-79.1499363355292, 43.7619965866866], [-79.1501174074741, 43.7617971709715], [-79.1503227502727, 43.7615543535299], [-79.150567304387, 43.7613192345872], [-79.1506399952965, 43.7611911720043], [-79.1507190397424, 43.7610788898525], [-79.1508151601939, 43.760966659814], [-79.1509152322716, 43.7608454315812], [-79.1510202950404, 43.7607287280873], [-79.1511304119557, 43.7606120399213], [-79.1512254157337, 43.7604908139412], [-79.1513180706884, 43.7603740723026], [-79.151418447307, 43.7602663553165], [-79.1515157201078, 43.7601541281865], [-79.151628091423, 43.760050948173], [-79.1517535728807, 43.7599613187649], [-79.1518782057609, 43.7598851794029], [-79.1520063156149, 43.7598090504901], [-79.1521254946827, 43.7597374038426], [-79.1522299459784, 43.7596612026666], [-79.1523206697442, 43.7595921605818], [-79.1525299180299, 43.759457059094], [-79.1527708178871, 43.7592839153744], [-79.1529632781671, 43.7591888533464], [-79.1532276665619, 43.7591027223883], [-79.1534435664754, 43.759103377222], [-79.153659516603, 43.759095327657], [-79.1538275431449, 43.7590784464053], [-79.1541273059312, 43.759096744199], [-79.1544631961416, 43.7590890650063], [-79.154822929327, 43.7591075422611], [-79.1553146120552, 43.7591264073824], [-79.1557224813433, 43.7591189505367], [-79.1561186030186, 43.7590679811814], [-79.156442546097, 43.7590515650836], [-79.1568745692524, 43.7590180913007], [-79.1571027137223, 43.75897530027], [-79.1571870117613, 43.7589146961457], [-79.1572709746798, 43.7589149479486], [-79.1574749395534, 43.7589068642354], [-79.1576789415795, 43.758890076126], [-79.1579310778761, 43.7588473642957], [-79.1582553162336, 43.7587787730878], [-79.1586273912502, 43.7587364182738], [-79.1589754605121, 43.7586939816235], [-79.1592277800522, 43.7586164869063], [-79.1594920091993, 43.758556408397], [-79.1597920911206, 43.7585138442875], [-79.1600683647709, 43.758445123154], [-79.1603313211403, 43.7583111932074], [-79.1604448997859, 43.7582591437991], [-79.1606065702953, 43.758219118655], [-79.1607619041731, 43.7582015774339], [-79.1609374943734, 43.7581705943187], [-79.1610886830589, 43.7581305373968], [-79.1612542776118, 43.758086022379], [-79.1614116243884, 43.7580549844641], [-79.1615825315656, 43.7580284780748], [-79.161751514186, 43.7579974741433], [-79.1619155684926, 43.7579484530158], [-79.1620812255018, 43.7578904352065], [-79.1622398781604, 43.7578323964579], [-79.162407395912, 43.7577878854498], [-79.1625632396437, 43.7577478313223], [-79.1627211086568, 43.7576942901827], [-79.162864520578, 43.7576587085512], [-79.1630362841287, 43.7576187007346], [-79.1631828131226, 43.7575786273003], [-79.1633491621416, 43.7575341114655], [-79.163513472811, 43.7575075827559], [-79.1636912810041, 43.757494604305], [-79.1638640848536, 43.7574771102676], [-79.1640349389623, 43.7574596012366], [-79.1642105505003, 43.7574241125581], [-79.164390433764, 43.7573886361526], [-79.1645703420077, 43.7573486499433], [-79.1647483126943, 43.7573086667684], [-79.1649220363361, 43.7572641702725], [-79.1651035088365, 43.757219687216], [-79.1652786963244, 43.7571931968374], [-79.1654631725941, 43.757166733378], [-79.165632623388, 43.7571222232944], [-79.1658125550145, 43.7570777436041], [-79.1659874194977, 43.7570377494152], [-79.1661684929133, 43.7569977730934], [-79.1663428845206, 43.7569712787577], [-79.167280471169, 43.7568344755552], [-79.167385443764, 43.7567987763401], [-79.1675584937302, 43.7567362714989], [-79.1677424467536, 43.7566647879027], [-79.1679101688022, 43.7565797640727], [-79.1680915008421, 43.7564902699238], [-79.1682650833314, 43.7564007619948], [-79.1684602853231, 43.7563293188884], [-79.1686760141585, 43.7562669271388], [-79.1688846642025, 43.7562180252562], [-79.169108948275, 43.7561511568783], [-79.1693211366874, 43.7560977638477], [-79.1695213163203, 43.756039835107], [-79.1697157210267, 43.7559728791385], [-79.1699146335108, 43.7559284478273], [-79.1701249573734, 43.7558615461353], [-79.1703186032038, 43.7557900863547], [-79.1705227787619, 43.7557096644122], [-79.1707432340479, 43.7556337805951], [-79.1707647042721, 43.75562715456], [-79.1708002435023, 43.7557067644213], [-79.1709254517252, 43.7558164714121], [-79.1710844737547, 43.7559400923992], [-79.1711747993451, 43.756092985435], [-79.1713603922561, 43.7561745299123], [-79.1715081627868, 43.7562872175127], [-79.1716114788717, 43.7564288960452], [-79.171721740928, 43.7565880927381], [-79.1718581542627, 43.7566750488704], [-79.1719713356676, 43.7567637924102], [-79.171982291608, 43.756772365979], [-79.172155436602, 43.7568348629261], [-79.1722499724952, 43.7569474688556], [-79.1724717911362, 43.7569408137544], [-79.1726590518448, 43.7568789629941], [-79.1728495406924, 43.7568787072831], [-79.1730490553721, 43.7569587226494], [-79.1732683047334, 43.7570613600559], [-79.1734703342689, 43.7571815361638], [-79.1736448603711, 43.7573103105269], [-79.1738315962149, 43.7573656517882], [-79.1740134634354, 43.7574669029065], [-79.1741873724593, 43.7575770242194], [-79.1742915798491, 43.7577093506091], [-79.1745037981788, 43.7577193344022], [-79.1746812831888, 43.7576694150723], [-79.1747973972403, 43.7577107819087], [-79.1748044199, 43.7577234125501], [-79.1756706011945, 43.7581849521484], [-79.1766072446119, 43.7586840214476], [-79.1772096230141, 43.7590049962211], [-79.1787022708285, 43.7587121358925], [-79.1791156188441, 43.7586335286166], [-79.1809414976566, 43.7582863068017], [-79.1819251095407, 43.7580999874449], [-79.1840354018261, 43.7576827399825], [-79.1855752857638, 43.75738992038], [-79.185874273017, 43.7573169507669], [-79.186870419277, 43.7571310193113], [-79.1872207493497, 43.7570637765573], [-79.1893899893572, 43.756647302527], [-79.1904763135922, 43.7564387216297], [-79.1921649872727, 43.7561034243517], [-79.1934738168829, 43.7558435041406], [-79.1947390280832, 43.7555922195985], [-79.1955656236622, 43.7554280552773], [-79.1959495543543, 43.7553550694674], [-79.1960848938653, 43.7553293349664], [-79.196604799966, 43.7552297678702], [-79.1971244210112, 43.7551297475921], [-79.1976437818717, 43.7550292652004], [-79.1981629830113, 43.7549280959343], [-79.1986792017068, 43.7548269974555], [-79.1989567495818, 43.7547767100692], [-79.1991383572891, 43.7547433257766], [-79.1992340644815, 43.7547257373047], [-79.199458456609, 43.7546840039606], [-79.1995112576176, 43.7546741874705], [-79.1995277519174, 43.7546710804163], [-79.199788056149, 43.7546219878412], [-79.2000646213652, 43.7545691658466], [-79.2003410532297, 43.7545155957336], [-79.2006171146269, 43.7544615109132], [-79.2008930799086, 43.7544066780749], [-79.2011686626934, 43.754351249491], [-79.2014441240166, 43.7542951718389], [-79.2017192026488, 43.7542385344496], [-79.2019898366705, 43.7541765831072], [-79.202467749396, 43.7540671945358], [-79.2026973396647, 43.7540179883677], [-79.2029271874823, 43.7539693584836], [-79.2031571685885, 43.7539213225617], [-79.2033875315668, 43.7538738362402], [-79.2034113855, 43.7538689744889], [-79.2039778340342, 43.7554672812437], [-79.2027643182427, 43.7558602382071], [-79.2029349722314, 43.756201277859], [-79.203413718198, 43.7571581052492], [-79.2038399782861, 43.7574012704667], [-79.2037781267066, 43.7574076990516], [-79.2036164668109, 43.7576053150684], [-79.2033686168325, 43.7578488382728], [-79.2031491693127, 43.7580390486675], [-79.2029957244042, 43.7582095465453], [-79.202881209746, 43.7583628541429], [-79.2028080121824, 43.7584659434362], [-79.2028273713253, 43.7586419579342], [-79.202819275146, 43.7588349762872], [-79.2027143969012, 43.7590658449552], [-79.202690842199, 43.7591176935148], [-79.2026250390759, 43.7593574038745], [-79.2025156687508, 43.7595997371596], [-79.2024558103109, 43.7598224776418], [-79.2024485235872, 43.7601175174372], [-79.2024083594162, 43.7603706971336], [-79.2022926917482, 43.7605675487969], [-79.2020920317687, 43.7606705395488], [-79.2019199458642, 43.7607514345605], [-79.2018219456046, 43.7608088495057], [-79.2017864098872, 43.7608296665377], [-79.2017358224585, 43.7609853719851], [-79.2017413341345, 43.7610983781915], [-79.2017553433067, 43.7611733585786], [-79.2017656610543, 43.761351428852], [-79.2018077183819, 43.7615379350254], [-79.2019822243604, 43.7617631136273], [-79.2021857016817, 43.7619517056431], [-79.2023624249813, 43.7620934034896], [-79.2025225210325, 43.7622247154303], [-79.2026837035573, 43.7623975974139], [-79.2026565285821, 43.7626008723464], [-79.2026425751209, 43.7626723234039], [-79.2024285957762, 43.7628252185902], [-79.2021670334261, 43.7629058719519], [-79.2018462476649, 43.7629950833778], [-79.2016086151542, 43.763116033144], [-79.2014950628931, 43.763233039982], [-79.2014439236979, 43.7633143220597], [-79.2013707787088, 43.7635099875842], [-79.2013347912169, 43.7636612033338], [-79.2013528158897, 43.7638302925288], [-79.2014640596497, 43.764085379444], [-79.2016016459235, 43.7642707759052], [-79.2017443093617, 43.7644718744928], [-79.2018807801727, 43.7646046288223], [-79.2019384530503, 43.7646733951958], [-79.2020591387852, 43.7648687023123], [-79.202147353008, 43.7649550554721], [-79.2023310993008, 43.7653002701455], [-79.2024419096726, 43.7655965622897], [-79.20268168994, 43.7657507913133], [-79.2030101406484, 43.7659526864526], [-79.2032774430027, 43.7662434975159], [-79.2034541155718, 43.7665820670815], [-79.2034636270414, 43.7666002021176], [-79.2032917116982, 43.7669123846601], [-79.2028090974787, 43.7670980401078], [-79.2022519117759, 43.7672200590163], [-79.2016873209376, 43.7673770974362], [-79.2011272616619, 43.7676511871321], [-79.2007571179383, 43.7680833729402], [-79.2006578827827, 43.7685900049321], [-79.2005288245921, 43.7690365748704], [-79.2001711056417, 43.7694231733097], [-79.1999056392346, 43.7698758383934], [-79.1996961923651, 43.7703277949155], [-79.1994685075697, 43.7707252100072], [-79.1990595323448, 43.7710327028414], [-79.1987435824232, 43.7714208828349], [-79.1989366620594, 43.7718122041325], [-79.1991969613416, 43.7721730980535], [-79.1994656546456, 43.7725476321909], [-79.199578817414, 43.7729743147527], [-79.1995804762366, 43.7733650415382], [-79.199410877818, 43.7737002399219], [-79.199188380152, 43.7738479396654], [-79.1990752239984, 43.773923053515], [-79.1987306729404, 43.7741583452725], [-79.1986961703517, 43.7741819003687], [-79.1985546037702, 43.7745166402582], [-79.1986494155797, 43.7748123083285], [-79.1987059374443, 43.7749531814606], [-79.1987216905053, 43.7749924410355], [-79.1988372789918, 43.7753341416076], [-79.1987513208082, 43.7756599190153], [-79.1984414711974, 43.775941297199], [-79.1981588389272, 43.7760937508311], [-79.1980740605662, 43.7761297745651], [-79.1979999630093, 43.7761687518346], [-79.1976441175204, 43.7762014033406], [-79.1972481139438, 43.7762208956934], [-79.1968612947244, 43.7762370626036], [-79.1965552505008, 43.7761418913516], [-79.1964298284454, 43.7760593057203], [-79.1963410798565, 43.7760008684832], [-79.1962725279953, 43.7759036268542], [-79.1961211426375, 43.7756888348908], [-79.1958897235511, 43.7754613091843], [-79.1955286750151, 43.7753962506974], [-79.1952385504261, 43.7755309538822], [-79.1950988952443, 43.7758102473745], [-79.1950966887944, 43.7758851041134], [-79.1950798413034, 43.7759174093267], [-79.1950804480482, 43.77614026159], [-79.1950332836191, 43.7763619512549], [-79.1950960129495, 43.7765853112882], [-79.1951091908654, 43.776827837583], [-79.1951173828851, 43.7770443552293], [-79.1950168647303, 43.7771433517892], [-79.1949418472995, 43.7771940261154], [-79.1947206876185, 43.7772058752049], [-79.1946168303127, 43.7772114305017], [-79.1945733530095, 43.7771939150926], [-79.1945473257641, 43.7771918022747], [-79.1944996388454, 43.7771642032944], [-79.1942086750939, 43.7769958416834], [-79.1938609044679, 43.776810396008], [-79.1935208489493, 43.776741984984], [-79.1931754108821, 43.7768056144548], [-79.1930955777414, 43.7768576608217], [-79.1930371901398, 43.7768724639431], [-79.1928097286741, 43.777042883768], [-79.1927339383343, 43.7771810818007], [-79.1926847364176, 43.7772432825143], [-79.1926911776765, 43.7772590338525], [-79.1926866005729, 43.7772673926197], [-79.1927406743086, 43.7774595146306], [-79.1928183362078, 43.777533334828], [-79.1929301478705, 43.7776995355619], [-79.1930074833097, 43.7779343943976], [-79.1929701400159, 43.778063100598], [-79.1929423063153, 43.7781590321285], [-79.1928998993001, 43.7782042119953], [-79.1928047301065, 43.7783055792626], [-79.1925132929764, 43.7784064095899], [-79.1921514226129, 43.7784479479111], [-79.1918110227892, 43.7784499829155], [-79.191608786341, 43.7784795552684], [-79.1915293438194, 43.7784911684002], [-79.1912608932145, 43.7786027059307], [-79.1909978813386, 43.7787314317316], [-79.1907614259992, 43.7788028554347], [-79.1907387012802, 43.7788130732631], [-79.1906932839157, 43.7788296925044], [-79.1906128156749, 43.7788497723068], [-79.1904385193905, 43.7788932799905], [-79.190090596197, 43.778978028084], [-79.1897541256871, 43.7790892875945], [-79.1894644590509, 43.7792519618509], [-79.1890089931894, 43.7792776368803], [-79.1885681081588, 43.7792513411719], [-79.1881178007003, 43.7792214355928], [-79.1876710339671, 43.7791772710898], [-79.187274303701, 43.7791649528173], [-79.1868968070211, 43.7792783419365], [-79.1866100720822, 43.7794750683374], [-79.186465865902, 43.7797575700097], [-79.1864158689416, 43.7800320399459], [-79.1863749078147, 43.7802937620104], [-79.1862863132222, 43.7805558213723], [-79.1861755799716, 43.7807868649153], [-79.1859937478054, 43.7809914836798], [-79.1857879472777, 43.7810731525758], [-79.1856847667132, 43.7811140941274], [-79.1852797998005, 43.7810851751661], [-79.1849804580423, 43.7808787822602], [-79.1846632911878, 43.7806581175691], [-79.184341843507, 43.7804794035264], [-79.1839694161569, 43.7803518451748], [-79.183619249552, 43.7802532139185], [-79.1832563138744, 43.7802132336991], [-79.1832393750615, 43.7802119806006], [-79.182862151259, 43.7801840930794], [-79.1825823135901, 43.7803113125988], [-79.1823857898593, 43.7805293145495], [-79.1821087488, 43.7807167493592], [-79.1819351223856, 43.7808707440254], [-79.1818548869492, 43.7809419088213], [-79.1815544477495, 43.7811389083683], [-79.18116408951, 43.7812134567235], [-79.1807915428171, 43.781106410319], [-79.1807615485967, 43.7810977934553], [-79.1803656103352, 43.7809813371294]]]]}}, {"type": "Feature", "properties": {"name": "Morningside", "code": "135", "centroid": [-79.20976, 43.78233]}, "geometry": {"type": "MultiPolygon", "coordinates": [[[[-79.19435615288, 43.7892773724244], [-79.1938240651109, 43.788087663151], [-79.193767105969, 43.7879884890298], [-79.1937305210787, 43.7878533649246], [-79.1936893814369, 43.7877002263204], [-79.1936666827313, 43.7875831416806], [-79.1936447084249, 43.7874750691157], [-79.193625852829, 43.7873669959036], [-79.1936201462762, 43.7872679590746], [-79.1936144061445, 43.7871779322942], [-79.1936147739944, 43.7871059151639], [-79.1936230910541, 43.7869979237848], [-79.193623504865, 43.7869169056356], [-79.1936169696346, 43.7868268677173], [-79.1936204895349, 43.7867458668933], [-79.1936341105447, 43.7866648931451], [-79.1936384591706, 43.7865748843983], [-79.1936343057229, 43.7864758517195], [-79.1936279544096, 43.7863498097253], [-79.1936090867159, 43.7862417454579], [-79.1936011488778, 43.7861247003449], [-79.1936000679675, 43.7860346950375], [-79.1935841293527, 43.7859175384585], [-79.1935493576254, 43.7857828961683], [-79.193515143674, 43.7856485433965], [-79.1934581852557, 43.7855230317403], [-79.1933423090675, 43.7853443362569], [-79.1921892271157, 43.7825763910866], [-79.1912387071264, 43.7803285357725], [-79.1906931408101, 43.7790381948077], [-79.1906776885664, 43.7790016443159], [-79.1906128156749, 43.7788497723068], [-79.1906932839157, 43.7788296925044], [-79.1907387012802, 43.7788130732631], [-79.1907614259992, 43.7788028554347], [-79.1909978813386, 43.7787314317316], [-79.1912608932145, 43.7786027059307], [-79.1915293438194, 43.7784911684002], [-79.191608786341, 43.7784795552684], [-79.1918110227892, 43.7784499829155], [-79.1921514226129, 43.7784479479111], [-79.1925132929764, 43.7784064095899], [-79.1928047301065, 43.7783055792626], [-79.1928998993001, 43.7782042119953], [-79.1929423063153, 43.7781590321285], [-79.1929701400159, 43.778063100598], [-79.1930074833097, 43.7779343943976], [-79.1929301478705, 43.7776995355619], [-79.1928183362078, 43.777533334828], [-79.1927406743086, 43.7774595146306], [-79.1926866005729, 43.7772673926197], [-79.1926911776765, 43.7772590338525], [-79.1926847364176, 43.7772432825143], [-79.1927339383343, 43.7771810818007], [-79.1928097286741, 43.777042883768], [-79.1930371901398, 43.7768724639431], [-79.1930955777414, 43.7768576608217], [-79.1931754108821, 43.7768056144548], [-79.1935208489493, 43.776741984984], [-79.1938609044679, 43.776810396008], [-79.1942086750939, 43.7769958416834], [-79.1944996388454, 43.7771642032944], [-79.1945473257641, 43.7771918022747], [-79.1945733530095, 43.7771939150926], [-79.1946168303127, 43.7772114305017], [-79.1947206876185, 43.7772058752049], [-79.1949418472995, 43.7771940261154], [-79.1950168647303, 43.7771433517892], [-79.1951173828851, 43.7770443552293], [-79.1951091908654, 43.776827837583], [-79.1950960129495, 43.7765853112882], [-79.1950332836191, 43.7763619512549], [-79.1950804480482, 43.77614026159], [-79.1950798413034, 43.7759174093267], [-79.1950966887944, 43.7758851041134], [-79.1950988952443, 43.7758102473745], [-79.1952385504261, 43.7755309538822], [-79.1955286750151, 43.7753962506974], [-79.1958897235511, 43.7754613091843], [-79.1961211426375, 43.7756888348908], [-79.1962725279953, 43.7759036268542], [-79.1963410798565, 43.7760008684832], [-79.1964298284454, 43.7760593057203], [-79.1965552505008, 43.7761418913516], [-79.1968612947244, 43.7762370626036], [-79.1972481139438, 43.7762208956934], [-79.1976441175204, 43.7762014033406], [-79.1979999630093, 43.7761687518346], [-79.1980740605662, 43.7761297745651], [-79.1981588389272, 43.7760937508311], [-79.1984414711974, 43.775941297199], [-79.1987513208082, 43.7756599190153], [-79.1988372789918, 43.7753341416076], [-79.1987216905053, 43.7749924410355], [-79.1987059374443, 43.7749531814606], [-79.1986494155797, 43.7748123083285], [-79.1985546037702, 43.7745166402582], [-79.1986961703517, 43.7741819003687], [-79.1987306729404, 43.7741583452725], [-79.1990752239984, 43.773923053515], [-79.199188380152, 43.7738479396654], [-79.199410877818, 43.7737002399219], [-79.1995804762366, 43.7733650415382], [-79.199578817414, 43.7729743147527], [-79.1994656546456, 43.7725476321909], [-79.1991969613416, 43.7721730980535], [-79.1989366620594, 43.7718122041325], [-79.1987435824232, 43.7714208828349], [-79.1990595323448, 43.7710327028414], [-79.1994685075697, 43.7707252100072], [-79.1996961923651, 43.7703277949155], [-79.1999056392346, 43.7698758383934], [-79.2001711056417, 43.7694231733097], [-79.2005288245921, 43.7690365748704], [-79.2006578827827, 43.7685900049321], [-79.2007571179383, 43.7680833729402], [-79.2011272616619, 43.7676511871321], [-79.2016873209376, 43.7673770974362], [-79.2022519117759, 43.7672200590163], [-79.2028090974787, 43.7670980401078], [-79.2032917116982, 43.7669123846601], [-79.2034636270414, 43.7666002021176], [-79.2034541155718, 43.7665820670815], [-79.2032774430027, 43.7662434975159], [-79.2030101406484, 43.7659526864526], [-79.20268168994, 43.7657507913133], [-79.2024419096726, 43.7655965622897], [-79.2023310993008, 43.7653002701455], [-79.202147353008, 43.7649550554721], [-79.2020591387852, 43.7648687023123], [-79.2035548772603, 43.7645284586314], [-79.2048598249881, 43.7642316285791], [-79.2056285601349, 43.7640497710437], [-79.2058741333177, 43.7645861352449], [-79.2064185943149, 43.7659268467951], [-79.2066093277068, 43.7663601579617], [-79.2067876593494, 43.7668003498632], [-79.2076050258811, 43.768708765704], [-79.2077711386261, 43.7691180056203], [-79.2087481356965, 43.7714508384407], [-79.2096695091805, 43.7712593605435], [-79.2097768192969, 43.7712360500297], [-79.2099145193187, 43.7712061376858], [-79.2101310625314, 43.7711676220224], [-79.2103077770773, 43.7711559184891], [-79.2104493858711, 43.7711627851674], [-79.2107195039653, 43.7711651613777], [-79.21185498895, 43.7711751405834], [-79.2120373465948, 43.7711729448317], [-79.2122184576678, 43.7711794407761], [-79.2123807639555, 43.7711649344004], [-79.2126004063829, 43.7711532813342], [-79.2127767579362, 43.7711368564599], [-79.2129786826258, 43.7711027812432], [-79.2143062165951, 43.7708018768971], [-79.2163037166838, 43.7703437334399], [-79.2176146299838, 43.7700465028485], [-79.2186842194236, 43.7698112486013], [-79.2194785911464, 43.7717858786051], [-79.2200726425321, 43.7732636699038], [-79.2206551360822, 43.7747141289727], [-79.2210527979893, 43.7756809875958], [-79.2214293877347, 43.776605838924], [-79.2214704721378, 43.7766988849992], [-79.2222172150956, 43.7785568936147], [-79.2171425869619, 43.7797525911282], [-79.2147619109426, 43.7803244404407], [-79.2130572634606, 43.7807298968556], [-79.2126295464218, 43.7808316243686], [-79.2119195991125, 43.7810015610571], [-79.2113907605777, 43.7811296544027], [-79.2111702820345, 43.7811808990588], [-79.2113600429242, 43.7814641675517], [-79.2116213680712, 43.7816849413084], [-79.212137273034, 43.7820964601885], [-79.212261067078, 43.7822018243124], [-79.2123711779417, 43.7822771440396], [-79.2124952000905, 43.7823324801023], [-79.2126814142727, 43.7823829767535], [-79.2128815387723, 43.7824084848562], [-79.2132649553188, 43.7826177969659], [-79.2133383141853, 43.7829124175037], [-79.2133652151, 43.7830625700914], [-79.2134883557566, 43.7833030114328], [-79.213556165212, 43.7835633415213], [-79.2136175930516, 43.7837135715589], [-79.2137071647982, 43.7837538240576], [-79.2138382067664, 43.7837891756883], [-79.2139624365433, 43.783804509575], [-79.214190303837, 43.7838050886281], [-79.2143491665801, 43.7837954855112], [-79.2145013120621, 43.7837458373002], [-79.2146121549723, 43.7836710715776], [-79.2146884364389, 43.783606228749], [-79.2147163278268, 43.7835462607292], [-79.2147238064461, 43.7834262131107], [-79.2146971637304, 43.7832210194864], [-79.2146772384385, 43.7830558707175], [-79.214739620096, 43.7830059890573], [-79.2148639787803, 43.7829912944622], [-79.2149674605949, 43.783011571131], [-79.2150915465404, 43.7830569132564], [-79.2153120523407, 43.7831525238291], [-79.2154497043589, 43.7832479367279], [-79.215607806471, 43.7833984333543], [-79.2157244283462, 43.7835588268666], [-79.216059960995, 43.78383510499], [-79.2165210785884, 43.7838960802408], [-79.2167504720624, 43.783923472387], [-79.2168169622402, 43.7839558252449], [-79.2168907305507, 43.7840150285065], [-79.2169275138023, 43.7840633927562], [-79.2169716635782, 43.7841225136021], [-79.217163882387, 43.7841873656307], [-79.2173487855302, 43.7842307495155], [-79.2174524897371, 43.7842202675686], [-79.2174971453625, 43.784172104815], [-79.2175271936292, 43.7840809794817], [-79.2175647098386, 43.783973778546], [-79.2175652654409, 43.7838557659023], [-79.2176030211404, 43.7837002833963], [-79.2176702817234, 43.7835663414945], [-79.2176782798424, 43.783437608859], [-79.2177380215771, 43.7833304717539], [-79.2178641649578, 43.7832717806994], [-79.218012622777, 43.7831916768279], [-79.2182796794069, 43.7830850507427], [-79.2185247982236, 43.7829193674878], [-79.2186512546092, 43.7827909354431], [-79.2188146952166, 43.7826733236184], [-79.218962999421, 43.7826254242311], [-79.2191111778881, 43.782604329759], [-79.2192591553784, 43.7826261610735], [-79.2193107360764, 43.7826799255986], [-79.2193769000521, 43.7827820170621], [-79.2194503309886, 43.7829109407407], [-79.2195089528179, 43.7830452017112], [-79.2195380695649, 43.7831525578319], [-79.2195745157017, 43.7832760439788], [-79.2196481482215, 43.7833620505486], [-79.219677616268, 43.783394310927], [-79.2198402047741, 43.7834590857856], [-79.2199730999793, 43.7835398817139], [-79.2200910734832, 43.7836474733594], [-79.2202090350279, 43.7837550558508], [-79.2202382534365, 43.7838409532981], [-79.2202523497755, 43.7839965545984], [-79.2202996491667, 43.7841855863956], [-79.220190575432, 43.7843058897508], [-79.2201451430866, 43.784379839934], [-79.2201477635685, 43.7844626208766], [-79.2201564074789, 43.7845432382894], [-79.2201890943671, 43.7846260838408], [-79.2202425557235, 43.784769989989], [-79.2202661517717, 43.7848680702018], [-79.2203136160351, 43.7850032395242], [-79.220364274525, 43.7851035552101], [-79.2204269879356, 43.7851952052558], [-79.2205049175972, 43.7852476744956], [-79.2206039346537, 43.7852914821268], [-79.2207599591931, 43.7853637465639], [-79.220970430033, 43.7854729493975], [-79.2210547217008, 43.7855201051153], [-79.2212354781658, 43.7856124387999], [-79.2213530246762, 43.7856608545518], [-79.221431467373, 43.7856807402701], [-79.2214918315267, 43.7856874582161], [-79.2215824297403, 43.7856876789506], [-79.2216669976453, 43.7856835013715], [-79.2217878782727, 43.7856641101861], [-79.2219178082983, 43.7856491154463], [-79.2220023558123, 43.785649321126], [-79.2221049290873, 43.78567144335], [-79.2223042198954, 43.7856763022959], [-79.2226682889291, 43.7856693553003], [-79.2227592015959, 43.7858918680823], [-79.2227792084711, 43.7860148002065], [-79.2228248230437, 43.7861564267938], [-79.2228603568523, 43.7862533382466], [-79.2228597890812, 43.7863762294581], [-79.2228901573709, 43.7864805723163], [-79.2229104571274, 43.786540200088], [-79.2229615648654, 43.7866036470114], [-79.2229767085526, 43.7866632622719], [-79.222991731851, 43.7867489535437], [-79.2229964629063, 43.7868383373392], [-79.2230065316572, 43.7868830524063], [-79.2229856890571, 43.7869463069145], [-79.2229699433544, 43.7870170267169], [-79.2229441288686, 43.787043031446], [-79.2229337380986, 43.7870653470882], [-79.2228872920071, 43.7871061986748], [-79.2227790073873, 43.7871767030425], [-79.2226758615993, 43.7872509282456], [-79.2224227277647, 43.7873966722866], [-79.2223383298223, 43.7874307256197], [-79.2222560218105, 43.787445422517], [-79.2221324769312, 43.7874786334643], [-79.2221116159362, 43.7875456142333], [-79.2221062995882, 43.7875828390222], [-79.2219773246227, 43.7876830770858], [-79.2219204861356, 43.7877462438224], [-79.2219304506654, 43.7878132995514], [-79.2219711969081, 43.7878953270486], [-79.2220169539418, 43.7880034250153], [-79.2220732404231, 43.7880594229713], [-79.2222783884964, 43.7881641818434], [-79.2223965199143, 43.7881868096603], [-79.2226122763032, 43.7882171272768], [-79.2227458568536, 43.7882360657553], [-79.2229050508632, 43.7882699630636], [-79.2230229247811, 43.7883484506746], [-79.2231356379402, 43.7884306431317], [-79.2232072249334, 43.7885127358842], [-79.223294432824, 43.788553911232], [-79.2234178123763, 43.7885542008717], [-79.2235361556514, 43.7885284289019], [-79.2237059255496, 43.7885027811419], [-79.2239425678812, 43.7884661242584], [-79.2241175202947, 43.7884293179915], [-79.2243027261326, 43.7883999711308], [-79.2244774604678, 43.7884078454381], [-79.2245545133917, 43.7884229280473], [-79.224621175926, 43.7884603353967], [-79.224708230872, 43.7885350295369], [-79.2248157514837, 43.7886283872413], [-79.2251961369606, 43.7889583570742], [-79.2253318474203, 43.7890798026039], [-79.2255210288932, 43.7892490644217], [-79.2254865597364, 43.789268424093], [-79.2253849056361, 43.7893261652134], [-79.2252838826704, 43.7893844208248], [-79.2251832053084, 43.7894431362351], [-79.2250831594505, 43.7895022851298], [-79.2249860828377, 43.7895614770854], [-79.2247212052732, 43.789714830862], [-79.2244568580337, 43.7898687523704], [-79.2241929418381, 43.7900232143713], [-79.2239296804616, 43.7901781904047], [-79.2236670368754, 43.7903336263788], [-79.2234048619327, 43.7904895309379], [-79.2231433411804, 43.7906460845575], [-79.2228822771813, 43.7908029897258], [-79.2226218428079, 43.790960480895], [-79.2225230143524, 43.7910212866949], [-79.2224235913997, 43.791081631907], [-79.2223236604284, 43.7911416247535], [-79.2222230986432, 43.7912009498949], [-79.2221220660337, 43.7912599407604], [-79.2220367355322, 43.7913090054703], [-79.2217486573604, 43.7914380468258], [-79.2213999838349, 43.7916166260151], [-79.2210026370665, 43.7918031233402], [-79.2205590627416, 43.7920165456632], [-79.2199395975188, 43.7922805628051], [-79.2194422217077, 43.7924892133426], [-79.2188751381245, 43.7927073754839], [-79.2182360729091, 43.7929374548873], [-79.2175508060284, 43.7931668584674], [-79.2168873446391, 43.7933640428926], [-79.2163490750907, 43.7935185088302], [-79.2159681576294, 43.7936172773414], [-79.215721815678, 43.7936789796981], [-79.2153025972185, 43.7937833124251], [-79.2148651105251, 43.7938772557398], [-79.2144296612515, 43.7939631824625], [-79.213907097938, 43.794060599963], [-79.2134014102026, 43.7941445016907], [-79.2091558323081, 43.7947614882112], [-79.2063658370847, 43.7951688291669], [-79.2031626353479, 43.7956337708866], [-79.200258608221, 43.796053259024], [-79.1974420364196, 43.7964605283354], [-79.1970100599685, 43.7965219057717], [-79.1969968063654, 43.7964912668107], [-79.1969472951514, 43.7963591250397], [-79.1969333415248, 43.7963219403964], [-79.1968907408863, 43.7962067930439], [-79.1968319710639, 43.7960748966951], [-79.1968058733219, 43.7960162751437], [-79.1967932933718, 43.7959827035765], [-79.196720621825, 43.7957887525269], [-79.1966321268649, 43.7954311999583], [-79.1965652777249, 43.7950642265828], [-79.1965085645452, 43.7948676083956], [-79.1963722176438, 43.7943948760731], [-79.196278003411, 43.7938989155955], [-79.1960583362977, 43.7933050491946], [-79.1958756800204, 43.792811229356], [-79.1955459975784, 43.792044562372], [-79.19435615288, 43.7892773724244]]]]}}, {"type": "Feature", "properties": {"name": "Highland Creek", "code": "134", "centroid": [-79.17256, 43.79159]}, "geometry": {"type": "MultiPolygon", "coordinates": [[[[-79.152130683468, 43.7955781554806], [-79.1520383564512, 43.7955778114162], [-79.1519460264582, 43.7955779803322], [-79.1518535442141, 43.7955786887774], [-79.1517612074248, 43.7955800276696], [-79.1516688670243, 43.7955819875538], [-79.1515766471156, 43.7955845958117], [-79.1514843123285, 43.79558772571], [-79.1514531642315, 43.7955889718905], [-79.1517459809643, 43.7954009759091], [-79.1519866216158, 43.7952464845142], [-79.1520977551851, 43.7951751379016], [-79.152316673472, 43.7950183654029], [-79.1525301106869, 43.7948873100347], [-79.1528957892557, 43.7946627089704], [-79.1533571121014, 43.7943818787833], [-79.153578115621, 43.7942244440859], [-79.1536445517388, 43.7941783166398], [-79.1539048815204, 43.7940146186763], [-79.1545965299292, 43.7935798323196], [-79.1568782676144, 43.7921060825954], [-79.157683675527, 43.7915957843405], [-79.1590331874077, 43.7907421095023], [-79.1603326688062, 43.7899134280827], [-79.1608623078369, 43.7895756581627], [-79.1608994192766, 43.789551987281], [-79.1621441064425, 43.7887581729138], [-79.1647290117623, 43.7871044810474], [-79.1647634770888, 43.7870824213425], [-79.1653133086577, 43.786728568801], [-79.1654589392012, 43.7866348522531], [-79.1663869791448, 43.786037557968], [-79.1671074470308, 43.7855864512905], [-79.1681035366233, 43.7849627427588], [-79.1687468499391, 43.7845429775852], [-79.169356471721, 43.7841413656121], [-79.1706435142853, 43.7833062741404], [-79.1724479455374, 43.7821916452233], [-79.1729569467395, 43.7818838954527], [-79.1732067235178, 43.7817130750461], [-79.1740357988602, 43.7810964516654], [-79.1752467376091, 43.7802231509562], [-79.1752650070365, 43.7802103582253], [-79.175347241463, 43.7802715386287], [-79.1756367423286, 43.7804462538055], [-79.1760239177153, 43.7806439910592], [-79.1764000631316, 43.7808095706666], [-79.176779395945, 43.7807297957338], [-79.1771554485814, 43.780615274841], [-79.1775730426387, 43.7806257698525], [-79.1779427854507, 43.7806726191699], [-79.1783246342304, 43.7807046404666], [-79.1787464069033, 43.7807771248631], [-79.1791539813348, 43.780879667687], [-79.1795697232648, 43.7808884399855], [-79.1799564382213, 43.7808726913749], [-79.1803656103352, 43.7809813371294], [-79.1807615485967, 43.7810977934553], [-79.1807915428171, 43.781106410319], [-79.18116408951, 43.7812134567235], [-79.1815544477495, 43.7811389083683], [-79.1818548869492, 43.7809419088213], [-79.1819351223856, 43.7808707440254], [-79.1821087488, 43.7807167493592], [-79.1823857898593, 43.7805293145495], [-79.1825823135901, 43.7803113125988], [-79.182862151259, 43.7801840930794], [-79.1832393750615, 43.7802119806006], [-79.1832563138744, 43.7802132336991], [-79.183619249552, 43.7802532139185], [-79.1839694161569, 43.7803518451748], [-79.184341843507, 43.7804794035264], [-79.1846632911878, 43.7806581175691], [-79.1849804580423, 43.7808787822602], [-79.1852797998005, 43.7810851751661], [-79.1856847667132, 43.7811140941274], [-79.1857879472777, 43.7810731525758], [-79.1859937478054, 43.7809914836798], [-79.1861755799716, 43.7807868649153], [-79.1862863132222, 43.7805558213723], [-79.1863749078147, 43.7802937620104], [-79.1864158689416, 43.7800320399459], [-79.186465865902, 43.7797575700097], [-79.1866100720822, 43.7794750683374], [-79.1868968070211, 43.7792783419365], [-79.187274303701, 43.7791649528173], [-79.1876710339671, 43.7791772710898], [-79.1881178007003, 43.7792214355928], [-79.1885681081588, 43.7792513411719], [-79.1890089931894, 43.7792776368803], [-79.1894644590509, 43.7792519618509], [-79.1897541256871, 43.7790892875945], [-79.190090596197, 43.778978028084], [-79.1904385193905, 43.7788932799905], [-79.1906128156749, 43.7788497723068], [-79.1906776885664, 43.7790016443159], [-79.1906931408101, 43.7790381948077], [-79.1912387071264, 43.7803285357725], [-79.1921892271157, 43.7825763910866], [-79.1933423090675, 43.7853443362569], [-79.1934581852557, 43.7855230317403], [-79.193515143674, 43.7856485433965], [-79.1935493576254, 43.7857828961683], [-79.1935841293527, 43.7859175384585], [-79.1936000679675, 43.7860346950375], [-79.1936011488778, 43.7861247003449], [-79.1936090867159, 43.7862417454579], [-79.1936279544096, 43.7863498097253], [-79.1936343057229, 43.7864758517195], [-79.1936384591706, 43.7865748843983], [-79.1936341105447, 43.7866648931451], [-79.1936204895349, 43.7867458668933], [-79.1936169696346, 43.7868268677173], [-79.193623504865, 43.7869169056356], [-79.1936230910541, 43.7869979237848], [-79.1936147739944, 43.7871059151639], [-79.1936144061445, 43.7871779322942], [-79.1936201462762, 43.7872679590746], [-79.193625852829, 43.7873669959036], [-79.1936447084249, 43.7874750691157], [-79.1936666827313, 43.7875831416806], [-79.1936893814369, 43.7877002263204], [-79.1937305210787, 43.7878533649246], [-79.193767105969, 43.7879884890298], [-79.1938240651109, 43.788087663151], [-79.19435615288, 43.7892773724244], [-79.1955459975784, 43.792044562372], [-79.1958756800204, 43.792811229356], [-79.1960583362977, 43.7933050491946], [-79.196278003411, 43.7938989155955], [-79.1963722176438, 43.7943948760731], [-79.1965085645452, 43.7948676083956], [-79.1965652777249, 43.7950642265828], [-79.1966321268649, 43.7954311999583], [-79.196720621825, 43.7957887525269], [-79.1967932933718, 43.7959827035765], [-79.1968058733219, 43.7960162751437], [-79.1968319710639, 43.7960748966951], [-79.1968907408863, 43.7962067930439], [-79.1969333415248, 43.7963219403964], [-79.1969472951514, 43.7963591250397], [-79.1969968063654, 43.7964912668107], [-79.1970100599685, 43.7965219057717], [-79.1953427398364, 43.7967646533338], [-79.1935357753581, 43.7970250404455], [-79.1923765090313, 43.7971908771364], [-79.1877776346306, 43.7978771814489], [-79.1874109519389, 43.7979318870872], [-79.1821025616852, 43.7987116660648], [-79.1785105576528, 43.799208777575], [-79.177327943173, 43.7993723976099], [-79.1750194010908, 43.7997110765569], [-79.1734056170689, 43.7999374090998], [-79.1725469718201, 43.8000347926127], [-79.1717454902952, 43.8000867432048], [-79.1713371380295, 43.8001000974398], [-79.170787681116, 43.8001117566896], [-79.1702090407812, 43.8000992060942], [-79.1695203812701, 43.8000752361122], [-79.1689887959692, 43.8000326796497], [-79.1689118604073, 43.8000276862067], [-79.1688262940425, 43.8000215605654], [-79.1687408049445, 43.8000149490236], [-79.1686553692556, 43.80000767149], [-79.1685701478362, 43.7999998544467], [-79.1684849422509, 43.7999914253098], [-79.1683998515716, 43.7999824473746], [-79.168314900705, 43.7999729117124], [-79.1682300900019, 43.7999627553168], [-79.168145381137, 43.7999521671003], [-79.1680608124403, 43.7999409581509], [-79.1679763842134, 43.7999290744631], [-79.1678921700749, 43.7999166872724], [-79.1678079958964, 43.7999038230766], [-79.167724061862, 43.7998902394274], [-79.1676403787053, 43.7998762423947], [-79.1675567111594, 43.7998616782756], [-79.1674721335205, 43.7998498837918], [-79.1673877084871, 43.7998374686123], [-79.167303386203, 43.7998244595958], [-79.1672193539277, 43.7998107042686], [-79.1671354240073, 43.7997964271128], [-79.1670517468195, 43.7997814035388], [-79.1669683211175, 43.7997658585714], [-79.1668850363087, 43.799749566861], [-79.1668039277021, 43.7997330294029], [-79.1667193341095, 43.7997152215681], [-79.1666369047466, 43.799697086942], [-79.1665547526359, 43.7996782689802], [-79.1664727026982, 43.7996589651971], [-79.1664056627801, 43.7996445387687], [-79.1663379038728, 43.7996297951628], [-79.1663164939314, 43.799624899055], [-79.1662906901922, 43.7996190179932], [-79.1662703848723, 43.7996143771334], [-79.1662031174063, 43.7995984287326], [-79.1661362262991, 43.7995818513133], [-79.1660695499995, 43.7995646444042], [-79.166003174898, 43.7995469162714], [-79.1659370267338, 43.7995286126917], [-79.1658712919158, 43.7995097342106], [-79.1658058959328, 43.7994902716096], [-79.1657407519972, 43.7994701886311], [-79.1656760087344, 43.7994495757215], [-79.1656114803413, 43.7994283243243], [-79.1655474763929, 43.7994066333705], [-79.165483749302, 43.7993843311151], [-79.1654204733008, 43.7993613730629], [-79.1653575976778, 43.7993379390886], [-79.1652949614345, 43.7993139297091], [-79.1652328497924, 43.7992894537735], [-79.1621914991879, 43.798236617979], [-79.1613056681849, 43.7979338629042], [-79.1606045756825, 43.7976942344967], [-79.1586651214964, 43.7970313317286], [-79.1583935824414, 43.7969398341267], [-79.1560363392154, 43.796145444911], [-79.1559512343469, 43.7961207236962], [-79.1558668975584, 43.7960964277835], [-79.1557821604035, 43.7960726166634], [-79.1556971961785, 43.7960494078715], [-79.1556118188986, 43.7960267288382], [-79.1555263266404, 43.796004607464], [-79.155440470822, 43.7959830520007], [-79.1553544756337, 43.795961973112], [-79.1552681293078, 43.7959414601703], [-79.155181493974, 43.7959215133621], [-79.1550947440134, 43.7959020612041], [-79.155007605112, 43.7958832648883], [-79.1549203389459, 43.795864999188], [-79.1548328337276, 43.7958472547643], [-79.1547450767696, 43.7958300765839], [-79.1546571670656, 43.7958135369543], [-79.1545690438293, 43.7957974016623], [-79.1544807802689, 43.7957819049579], [-79.1543922394842, 43.7957670824314], [-79.1543035844679, 43.7957526825435], [-79.154214689813, 43.7957389029394], [-79.1541256429684, 43.795725662873], [-79.1540364931697, 43.7957130435032], [-79.1539472158214, 43.7957009997495], [-79.1538578112846, 43.795689468605], [-79.1537681303373, 43.7956784676195], [-79.1536783461141, 43.795668141335], [-79.1535885460121, 43.7956584180072], [-79.153498619128, 43.7956491352795], [-79.1534084525307, 43.7956404818328], [-79.153318282161, 43.7956324853856], [-79.1532281088489, 43.7956250019224], [-79.1531376840139, 43.79561803969], [-79.1530472303898, 43.7956117613841], [-79.1529568110947, 43.7956059961749], [-79.1528661153646, 43.7956007611209], [-79.1527755526397, 43.7955961654788], [-79.1526848620168, 43.795592199455], [-79.1525940565452, 43.7955887550754], [-79.1525001043621, 43.7955857961179], [-79.1524077916254, 43.7955829860873], [-79.1523154628704, 43.795580797011], [-79.1522231681129, 43.7955791750344], [-79.152130683468, 43.7955781554806]]]]}}, {"type": "Feature", "properties": {"name": "Centennial Scarborough", "code": "133", "centroid": [-79.14835, 43.77652]}, "geometry": {"type": "MultiPolygon", "coordinates": [[[[-79.1450882187093, 43.7980426580567], [-79.1449947423083, 43.7979629508549], [-79.1448795935146, 43.7980196242219], [-79.1448428276876, 43.7980375392214], [-79.1448186494829, 43.7980493185601], [-79.1447880130699, 43.7980646422654], [-79.1449550085209, 43.7979280560991], [-79.1449333002095, 43.7979088882818], [-79.1448828293141, 43.7978635458465], [-79.1448532279596, 43.7978363154877], [-79.1448514110895, 43.7978346446346], [-79.1448330694856, 43.7978177555421], [-79.14478398243, 43.7977716882721], [-79.1447355566264, 43.7977251909822], [-79.1447120446627, 43.7977021470337], [-79.1446877296205, 43.7976783174861], [-79.1446493039922, 43.7976429226266], [-79.144594218294, 43.7975837219892], [-79.1445679864971, 43.7975562229988], [-79.144548448425, 43.7975357566939], [-79.1445033386307, 43.7974875594039], [-79.1444589265636, 43.7974390672292], [-79.1444151756367, 43.7973901630423], [-79.1443734314392, 43.7973423542181], [-79.1443390483131, 43.7973022012366], [-79.1443299033306, 43.7972915244511], [-79.1442883575228, 43.7972417179635], [-79.1442474106647, 43.7971915082743], [-79.1442071611004, 43.7971410757126], [-79.1441677084015, 43.797090393586], [-79.1441289784343, 43.7970393896553], [-79.1440908965314, 43.796988081691], [-79.1440536864767, 43.7969364523885], [-79.1440170861886, 43.7968846899558], [-79.1439812338542, 43.7968325427927], [-79.143946116244, 43.7967801458754], [-79.1439117458899, 43.7967274812413], [-79.1438781347359, 43.7966746299385], [-79.1438452466767, 43.7966213938304], [-79.1438131419189, 43.7965680971457], [-79.1437707254164, 43.7964913923958], [-79.143729068961, 43.796414365958], [-79.1436880093487, 43.7963372963592], [-79.1436478339364, 43.7962599234632], [-79.1436083932298, 43.7961823098129], [-79.1435697360761, 43.7961045995792], [-79.1435318882883, 43.7960266308233], [-79.1434975925383, 43.7959260173056], [-79.1431125251809, 43.7949913989366], [-79.1428258442755, 43.7942493416925], [-79.1427608754589, 43.7940811236133], [-79.1427498489635, 43.7940568401124], [-79.1427334124253, 43.7940083086663], [-79.1426728716326, 43.7938707352062], [-79.1422435628748, 43.7928996196953], [-79.141864118085, 43.7919933407913], [-79.1416330829028, 43.7914552221261], [-79.1411384575835, 43.7902253487177], [-79.1409163814872, 43.7896603071782], [-79.140521705, 43.788733542883], [-79.140203809803, 43.7880270605876], [-79.1394060517153, 43.7861362068127], [-79.1391557908426, 43.7855236725278], [-79.1385286555556, 43.7840184372595], [-79.137628011871, 43.7818825121982], [-79.137424289018, 43.7813993146717], [-79.1366757917755, 43.7796024239373], [-79.1362998013433, 43.7787235529848], [-79.1360055358346, 43.7780357023715], [-79.1357535359082, 43.7774466202543], [-79.1354982091891, 43.7768497589172], [-79.1353759421219, 43.7765314121727], [-79.1353421532018, 43.7764434351088], [-79.1351495689727, 43.7759506193786], [-79.1351444193446, 43.7759374252493], [-79.135032442324, 43.7756945496168], [-79.1349358164022, 43.7754849731667], [-79.1348416321906, 43.7753315266341], [-79.1347790221451, 43.7752011518685], [-79.1345370835827, 43.7747364139088], [-79.1342071246644, 43.7741027030366], [-79.1341405763917, 43.7739748716184], [-79.1341851749095, 43.7739417100884], [-79.1342245718835, 43.773922267661], [-79.1342873224224, 43.7738966801484], [-79.1343278786123, 43.7738888078824], [-79.1343745695319, 43.773879181999], [-79.1344335185424, 43.7738740328755], [-79.1345145388031, 43.7738734008747], [-79.1345782914671, 43.773885171212], [-79.1346272973267, 43.7739013319429], [-79.1346909362945, 43.7739317882575], [-79.1347238827521, 43.7739639106758], [-79.1347640963433, 43.7740102871378], [-79.1347828997129, 43.7740476210182], [-79.1347988713686, 43.7740848738379], [-79.1348061034378, 43.7741130525671], [-79.1348195862864, 43.7741571563132], [-79.1348626996923, 43.7741679604289], [-79.1349314054396, 43.7741660466307], [-79.1350040673108, 43.7741570345108], [-79.1350698679834, 43.774148711529], [-79.1351455601429, 43.774125505168], [-79.135247872902, 43.774083877336], [-79.1354064934984, 43.7739770176334], [-79.1356049534516, 43.7737735942935], [-79.1357862468459, 43.7734982146446], [-79.1358659412112, 43.7733741265696], [-79.13590998597, 43.7732313554865], [-79.1358916953126, 43.7731708634372], [-79.1358185761069, 43.7730916993114], [-79.1357588280171, 43.7730751538101], [-79.1357045022112, 43.7731332811746], [-79.1356710082186, 43.7731545071591], [-79.1356386077595, 43.7731572482391], [-79.1356082384656, 43.7731507515954], [-79.1355838050585, 43.7731343185878], [-79.1355740869697, 43.7731186435875], [-79.1355899519772, 43.7730916726923], [-79.1359602901114, 43.7726996732188], [-79.1359770498718, 43.7726869269503], [-79.1360124112163, 43.772681350837], [-79.1360437567909, 43.7726906948492], [-79.1360721288014, 43.772702873751], [-79.1360808311569, 43.772724234209], [-79.1360718442621, 43.772749795891], [-79.135988879544, 43.7728398403235], [-79.1360995216616, 43.7728785825972], [-79.1361985170149, 43.7728980972199], [-79.1363143545639, 43.7728892216863], [-79.1364312461144, 43.7728703941057], [-79.1365675250698, 43.772808980561], [-79.1367855849297, 43.7726496871287], [-79.1369538398478, 43.7724522141834], [-79.1370906498285, 43.7722596007821], [-79.1372061790746, 43.7720569733796], [-79.1372405860999, 43.7719646496682], [-79.1372493995186, 43.7718875376904], [-79.1372364317132, 43.7718402134322], [-79.1371935898811, 43.7717867455655], [-79.1371344711359, 43.7717463857046], [-79.1370456523164, 43.7718292924164], [-79.1370195748791, 43.7718423602978], [-79.1369857331504, 43.7718411816781], [-79.1369690963995, 43.7718336668734], [-79.1369495437782, 43.7718215162073], [-79.1369358767628, 43.7718097352794], [-79.1369310520606, 43.7717962092101], [-79.1369385473994, 43.7717727759934], [-79.1373534959411, 43.7713442788798], [-79.1373919226205, 43.7713184504484], [-79.1374164846658, 43.7713135507285], [-79.1374395127354, 43.7713178903308], [-79.1374536830592, 43.7713286016578], [-79.137466851097, 43.7713407319874], [-79.1374760613709, 43.7713603117253], [-79.1374686118321, 43.7713741498856], [-79.1374596535722, 43.7713951031789], [-79.1373394292113, 43.7715219891907], [-79.1374426304075, 43.7715749373985], [-79.1375357239354, 43.7715944321452], [-79.1376376809491, 43.7716066189709], [-79.1377937590918, 43.7716002188119], [-79.1379983382719, 43.7715205225873], [-79.1381068733328, 43.7714614946345], [-79.1381950433142, 43.7714034642498], [-79.1383168362373, 43.7713003993734], [-79.1384337005979, 43.7711617551817], [-79.1385134173482, 43.7710407706792], [-79.1385696398316, 43.7709391903413], [-79.1385828044152, 43.7708838478164], [-79.1385984300223, 43.7708117349037], [-79.1385841836664, 43.7707352519794], [-79.1385398851376, 43.7706760912655], [-79.1384256866087, 43.7706177895628], [-79.1383299675962, 43.7707085064727], [-79.1383092452986, 43.7707276313771], [-79.13829252515, 43.7707339782908], [-79.1382827167405, 43.7707332361577], [-79.1382675158257, 43.7707307037278], [-79.1382474403002, 43.7707249514534], [-79.1382332481081, 43.7707199288895], [-79.1382225012948, 43.7707120728622], [-79.1382097854897, 43.7707052817395], [-79.1382034867599, 43.7706910399635], [-79.1381981560035, 43.7706810678025], [-79.1382006908107, 43.7706665029435], [-79.1382110860668, 43.7706523140116], [-79.1387915851911, 43.7701013075968], [-79.1388122686597, 43.7700885733065], [-79.1388304610587, 43.7700790355551], [-79.1388437570516, 43.7700719666501], [-79.1388609545167, 43.7700688255776], [-79.1388795688974, 43.7700717287605], [-79.138893299716, 43.7700749675564], [-79.1389050243111, 43.7700792711509], [-79.1389167669474, 43.7700867702144], [-79.1389270250436, 43.7700953357254], [-79.1389362723517, 43.77010674241], [-79.1389361140767, 43.7701330523124], [-79.1389251641055, 43.7701589680758], [-79.1386728355428, 43.7703926599641], [-79.1386977278005, 43.7704298054469], [-79.1387893631096, 43.7705035535795], [-79.1388972969963, 43.7704944614197], [-79.1389682202959, 43.7704535681596], [-79.139071589373, 43.7704289614121], [-79.1391841928604, 43.7704158422047], [-79.1392885341322, 43.7703865217202], [-79.1394315834546, 43.7703318229641], [-79.1397217029172, 43.7701877290996], [-79.1400493638156, 43.7699805195526], [-79.140175432904, 43.7698158081584], [-79.1404625844112, 43.7693038614431], [-79.1404755852967, 43.7692257272178], [-79.1405232786984, 43.7691827526485], [-79.1405632815154, 43.7691795030207], [-79.1406004051594, 43.7691924284211], [-79.1405996673037, 43.7691600759119], [-79.140574879332, 43.7691054058933], [-79.1405488611623, 43.7691006074593], [-79.140394753077, 43.7692146895267], [-79.1403751545608, 43.7692247361708], [-79.1403546691494, 43.7692293973238], [-79.1403277520297, 43.7692212205738], [-79.1403101377741, 43.7692110568333], [-79.1402962780358, 43.7691961882955], [-79.14028894704, 43.7691779648667], [-79.1402937179091, 43.7691591134386], [-79.1408698423598, 43.7686900921733], [-79.1408945052532, 43.7686805654208], [-79.1409266955017, 43.7686792983787], [-79.1409456289023, 43.7686807260367], [-79.1409645088022, 43.7686890214133], [-79.1409757670987, 43.7687068880892], [-79.1409756193627, 43.7687315868255], [-79.140969791171, 43.7687548905395], [-79.1407377026734, 43.7689421326006], [-79.1408488732703, 43.7690330247178], [-79.140998116115, 43.7690883736995], [-79.1411720879218, 43.7691232144596], [-79.141289485114, 43.7691222147919], [-79.1414144957761, 43.7691130028236], [-79.1415471689853, 43.7690873516182], [-79.1416685222578, 43.7690561740581], [-79.1418241502085, 43.7689908183434], [-79.1420007302763, 43.7689049333775], [-79.1421338690848, 43.7688010718155], [-79.1423429326853, 43.7686645304446], [-79.1424432768865, 43.7685339404389], [-79.1425737172403, 43.7684032194346], [-79.1427050578223, 43.7682881001152], [-79.1428089984975, 43.7681435962163], [-79.1429993377413, 43.7680408665026], [-79.1431708740975, 43.7678958712934], [-79.1432885600776, 43.7678040666924], [-79.1434735564288, 43.7676469794555], [-79.1435511292268, 43.7675477765011], [-79.1436184376067, 43.7674849242099], [-79.1437627010356, 43.7674247330749], [-79.1439006292491, 43.7673038901472], [-79.1440217835422, 43.7671902587514], [-79.1441399577269, 43.7670135557555], [-79.1441983240982, 43.766960837595], [-79.1444746390731, 43.766756317754], [-79.144566708008, 43.7666941629934], [-79.144636449529, 43.7666500670958], [-79.1447535444642, 43.7665859827304], [-79.1451122206386, 43.7663722660671], [-79.1450749029341, 43.7670392808788], [-79.1450519867183, 43.7672073515505], [-79.1451700699896, 43.7673060649738], [-79.1452422659554, 43.7674456721808], [-79.1452488530523, 43.7674533796242], [-79.1452592561311, 43.7674669136658], [-79.1452795318676, 43.767516483021], [-79.1452780717854, 43.7675659849155], [-79.1452649205003, 43.7676244516924], [-79.1452424130285, 43.7676918905951], [-79.1452299784997, 43.7677593697606], [-79.1452329898724, 43.7678403896193], [-79.1452341308037, 43.7678448937447], [-79.1452504516365, 43.7679079525775], [-79.1452699698577, 43.7679575195795], [-79.1453010871773, 43.7680116231584], [-79.1453316780655, 43.7680560308375], [-79.1453414933505, 43.7680702651373], [-79.1453802797336, 43.7681423948256], [-79.1454332383517, 43.7682460725516], [-79.145470857417, 43.7683181985856], [-79.145502704444, 43.7683813055369], [-79.1455365157395, 43.768439917987], [-79.1455583180376, 43.7684939926023], [-79.1455683493112, 43.768570533628], [-79.1455707363869, 43.7686290486139], [-79.1455684532765, 43.7686875491168], [-79.1455549311343, 43.7687415141823], [-79.1455348791305, 43.7687864578282], [-79.1454968189945, 43.7688583491153], [-79.145458495964, 43.7689032360748], [-79.1454163223833, 43.7689481200764], [-79.1453589014932, 43.7690109500834], [-79.1453085531783, 43.7690603002607], [-79.1452679994027, 43.769091678483], [-79.1452448826422, 43.7691276113973], [-79.1452330315353, 43.7691635792756], [-79.1452206499376, 43.76922204842], [-79.1452223605909, 43.7692625589755], [-79.1452282517919, 43.7693165842557], [-79.1452416149757, 43.7693526303966], [-79.1452592899728, 43.7693841893359], [-79.1452754248005, 43.7694157434922], [-79.1453197870376, 43.7694608869935], [-79.1453453049396, 43.7694789685089], [-79.1454241956112, 43.7695287196883], [-79.1454860607829, 43.7695694258409], [-79.1455753959433, 43.7696237098936], [-79.145615948745, 43.7696598493015], [-79.1456667599391, 43.7697320161567], [-79.1457209942148, 43.7698177043475], [-79.1457605256552, 43.7698943457781], [-79.1458043566271, 43.7699664909348], [-79.1458524746089, 43.7700341577765], [-79.1459049451816, 43.7700883363354], [-79.1459454719993, 43.770128967124], [-79.1460162689136, 43.7701696916524], [-79.1460980139414, 43.7701969482909], [-79.1461720489581, 43.7702151798385], [-79.146242169708, 43.7702378998049], [-79.1463523940807, 43.7702382319121], [-79.1464172460088, 43.7702339319758], [-79.1464864768506, 43.7702116342173], [-79.1465650109408, 43.770189374187], [-79.1466000979312, 43.7701624701882], [-79.1466485209138, 43.770113104498], [-79.146690321717, 43.7700682278997], [-79.1467387851059, 43.7700098611307], [-79.1467786481487, 43.7699649695088], [-79.1468444817539, 43.7699246587039], [-79.1469370278258, 43.7698979411289], [-79.1470279153794, 43.7698892116852], [-79.1470973064791, 43.7699029277102], [-79.1471487692943, 43.7699300900929], [-79.1472334470207, 43.7699888590504], [-79.1472863303566, 43.7700385286665], [-79.1473411638787, 43.7700882042752], [-79.147369337556, 43.7701152946959], [-79.1473928393561, 43.7701468712786], [-79.147442511959, 43.7702145332442], [-79.1474861980335, 43.7702461720669], [-79.1475852104881, 43.7703049759709], [-79.1476571623093, 43.7703502036251], [-79.1477004511214, 43.7703818411405], [-79.1477700819491, 43.7704225609869], [-79.1478256988036, 43.7704722297728], [-79.1478565930998, 43.7704993284547], [-79.1479344516145, 43.7705265718039], [-79.1480413709991, 43.7705673973385], [-79.1481300065878, 43.7706081754863], [-79.1482190522473, 43.7706489458261], [-79.1482949595258, 43.7706806745041], [-79.1483843376758, 43.7707304559025], [-79.1484509432208, 43.7707576552784], [-79.148514933966, 43.7707668532486], [-79.1486231937824, 43.7707761782878], [-79.1486814644798, 43.7707673472513], [-79.1487773697571, 43.7707631324232], [-79.1488492291067, 43.7707543520591], [-79.1489963979721, 43.7707457849522], [-79.1491081218599, 43.7707596207522], [-79.1492190632672, 43.7707734540414], [-79.1493120116164, 43.7708097349248], [-79.1493979793275, 43.7708460033203], [-79.1495047703124, 43.7709048294168], [-79.1495768433203, 43.7709275443208], [-79.149649804004, 43.770932259574], [-79.1497139527232, 43.7709144538673], [-79.1498264836986, 43.7708517815505], [-79.1499122730385, 43.7707845356339], [-79.1499708446469, 43.7707262074637], [-79.1500802697179, 43.7706635253828], [-79.1501795160528, 43.7706188233713], [-79.1502755920916, 43.7705831127365], [-79.1503925824205, 43.7705564671598], [-79.1504757472898, 43.7705387101889], [-79.1505676980401, 43.7705479925116], [-79.1506704525354, 43.7705662999441], [-79.1507646213578, 43.7705935912153], [-79.1508685959375, 43.7706029010339], [-79.1509562478087, 43.770616670494], [-79.1510514935083, 43.7706574665629], [-79.1511509324707, 43.7707162686769], [-79.1512088104304, 43.7707749438797], [-79.1512477625139, 43.7708200685606], [-79.1512870212663, 43.7708786959085], [-79.1513199910601, 43.7709508058015], [-79.1513359602038, 43.7710093620787], [-79.15136529668, 43.7711039547795], [-79.151399498989, 43.7711670672435], [-79.151398324342, 43.7712345723822], [-79.1514114165403, 43.7713201233591], [-79.1514246656081, 43.7713786713241], [-79.1514314496847, 43.7714146966642], [-79.1514520770467, 43.7714732671268], [-79.1515012657317, 43.7715589281632], [-79.1515790806045, 43.771662678771], [-79.1516268998222, 43.7717168315087], [-79.1516796701417, 43.7717890016388], [-79.1517254474007, 43.7718611414336], [-79.1517631421994, 43.771919763842], [-79.1518020693273, 43.77196938883], [-79.1518660938864, 43.7720415931566], [-79.1519498661694, 43.7721228587459], [-79.1520016898062, 43.7722127491261], [-79.1520528354089, 43.7722760659896], [-79.1521199085169, 43.7723260465832], [-79.1521787098854, 43.7723479903514], [-79.1521871383945, 43.7723511394038], [-79.1522809027719, 43.7723523608249], [-79.1523655154662, 43.7723401786084], [-79.1524093381136, 43.7722953330882], [-79.1524428920793, 43.7722025881495], [-79.1525013723086, 43.7721405499402], [-79.1525967520582, 43.7720901183479], [-79.152730472648, 43.772034042433], [-79.1528337768968, 43.7719836347193], [-79.1529514839544, 43.7719600581035], [-79.1530579158502, 43.7719551695573], [-79.1531448012475, 43.7719644344289], [-79.153225103325, 43.7719736792605], [-79.1533376129949, 43.7719875223092], [-79.1534062378561, 43.7720012321758], [-79.1535074430412, 43.7720195323557], [-79.1536047208008, 43.7720468307059], [-79.1536919643861, 43.7720650974086], [-79.1537698535651, 43.7720878362886], [-79.1538670796433, 43.7721241354202], [-79.1539852348768, 43.7721649984127], [-79.1540704248185, 43.7722012609318], [-79.1542012821132, 43.7722646560468], [-79.1542632598353, 43.7722873464482], [-79.1543425466812, 43.7723370926487], [-79.1544358326854, 43.7723868811207], [-79.1545426053608, 43.7724502210237], [-79.1546133331686, 43.7725044417451], [-79.1546864222476, 43.772554168976], [-79.1547215678352, 43.7725857792182], [-79.1548433019043, 43.7726806590965], [-79.1549232946769, 43.7727439087636], [-79.1549866571762, 43.7727981070138], [-79.1550504048075, 43.772852315392], [-79.1550971380713, 43.7728929616496], [-79.1551925932621, 43.7729697595261], [-79.1553012011952, 43.7730555981503], [-79.155423283942, 43.773154979035], [-79.1555276969823, 43.7732273030546], [-79.1556266695753, 43.7732996105857], [-79.1557255917453, 43.7733764184581], [-79.155789392336, 43.7734216164178], [-79.1558705031202, 43.7734938699408], [-79.1559323661539, 43.7735390619859], [-79.1559772277332, 43.7735662005057], [-79.1560155564666, 43.7735888187666], [-79.1560779347412, 43.7736069998041], [-79.1575257425977, 43.7748624362443], [-79.1576273701364, 43.7749754262083], [-79.1578149937496, 43.7751391700678], [-79.15793773901, 43.7752807026332], [-79.1581060798574, 43.775449698977], [-79.1582892080363, 43.7755940401072], [-79.1584722191195, 43.7757503791315], [-79.1586250018884, 43.7759011278697], [-79.1587422167594, 43.7760043701213], [-79.1588603799084, 43.776089468752], [-79.1589661991511, 43.7761520545428], [-79.1591476101488, 43.7762429673011], [-79.1593240037952, 43.7763337387987], [-79.1595615000314, 43.7764406240861], [-79.1601100637834, 43.776673757444], [-79.1603263739566, 43.7767908754511], [-79.160477746838, 43.7768737397928], [-79.1605579441606, 43.7769094515499], [-79.1606692014664, 43.776944589385], [-79.1607860750164, 43.7769773404721], [-79.1609002902547, 43.7770034947078], [-79.1610795303605, 43.7770398509533], [-79.1612794307606, 43.7770826049609], [-79.1615227894018, 43.7771269635171], [-79.1617556194472, 43.7771328824727], [-79.1619032054214, 43.7771232918647], [-79.1621332598983, 43.7771058888517], [-79.162373858715, 43.7771065728393], [-79.1624823293044, 43.7771183876876], [-79.1626115772266, 43.7771246200451], [-79.1627283997689, 43.7771490159239], [-79.1628411115062, 43.777204183503], [-79.1629461720903, 43.7772812822213], [-79.1630500000099, 43.7773921135317], [-79.1631038847288, 43.7775302150547], [-79.1631229472113, 43.7776840469448], [-79.1631191469006, 43.7778343189939], [-79.1631343311971, 43.7780726602655], [-79.1631461583155, 43.778220827089], [-79.1631571286322, 43.7783954907739], [-79.1631567517141, 43.7785378698837], [-79.1631465305628, 43.7786966650805], [-79.1631634675405, 43.7788043147617], [-79.1632013892362, 43.7789027370901], [-79.1632561443363, 43.7789856640143], [-79.1633293423985, 43.7790407866775], [-79.1634170665246, 43.7790665273099], [-79.1635273445179, 43.77906242345], [-79.1635877817651, 43.7790448960944], [-79.1639624295805, 43.7789642137688], [-79.1642839063132, 43.7787235586016], [-79.1645694309313, 43.7784246675722], [-79.1648635739922, 43.7781436053644], [-79.165232007746, 43.7779707828444], [-79.1656065948349, 43.7778503548435], [-79.1658818572447, 43.7780806802574], [-79.1658778701772, 43.7784620474253], [-79.1657647117155, 43.7788229057789], [-79.165664832569, 43.7792282865308], [-79.1656855417747, 43.7795672134225], [-79.1660670993157, 43.779745102456], [-79.1665668299137, 43.779869229114], [-79.1670236648096, 43.7800023377855], [-79.1674679419069, 43.7801130042314], [-79.1674730545409, 43.7801118039512], [-79.1678479678571, 43.7800238187453], [-79.16793369427, 43.7799015802017], [-79.16801531105, 43.7797743430167], [-79.167975315848, 43.7795013209619], [-79.1679749480284, 43.7794937049201], [-79.1679604320684, 43.7791984070043], [-79.1680988705403, 43.7788960913918], [-79.1684508984307, 43.7787192773703], [-79.1688776407494, 43.7786294138409], [-79.1692733330823, 43.7785289455264], [-79.1696252937961, 43.7784129484664], [-79.1699191599019, 43.7785166537023], [-79.1699188553604, 43.7788271925614], [-79.169873984305, 43.7791273143697], [-79.1697976356048, 43.7794155807032], [-79.169954188842, 43.7796827189784], [-79.1703151134251, 43.7799259726058], [-79.17062347528, 43.7800610688231], [-79.170656237404, 43.7800629904679], [-79.170833858504, 43.7800733764206], [-79.1712279026982, 43.7800277046206], [-79.1715514055933, 43.7798234085259], [-79.1718015983474, 43.7795734272047], [-79.1721588093351, 43.7794244212196], [-79.1725546915213, 43.7794575731881], [-79.1728942034636, 43.7795990533357], [-79.173292297894, 43.7796528577191], [-79.173711004576, 43.7795739075872], [-79.1740632690418, 43.7794472853912], [-79.1744362486351, 43.7794360978677], [-79.1746390101993, 43.7795753019774], [-79.1747826315774, 43.7797088377546], [-79.1750135702816, 43.7799696999018], [-79.1752366098347, 43.7801892328501], [-79.1752650070365, 43.7802103582253], [-79.1752467376091, 43.7802231509562], [-79.1748684219753, 43.7804959983559], [-79.1740357988602, 43.7810964516654], [-79.1732067235178, 43.7817130750461], [-79.1729569467395, 43.7818838954527], [-79.1724479455374, 43.7821916452233], [-79.1706435142853, 43.7833062741404], [-79.169356471721, 43.7841413656121], [-79.1687468499391, 43.7845429775852], [-79.1683722873346, 43.7847873885308], [-79.1681035366233, 43.7849627427588], [-79.1671074470308, 43.7855864512905], [-79.1663869791448, 43.786037557968], [-79.1654589392012, 43.7866348522531], [-79.1653133086577, 43.786728568801], [-79.1647634770888, 43.7870824213425], [-79.1647290117623, 43.7871044810474], [-79.1621441064425, 43.7887581729138], [-79.1608994192766, 43.789551987281], [-79.1608623078369, 43.7895756581627], [-79.1603326688062, 43.7899134280827], [-79.1590331874077, 43.7907421095023], [-79.157683675527, 43.7915957843405], [-79.1568782676144, 43.7921060825954], [-79.1545965299292, 43.7935798323196], [-79.1539048815204, 43.7940146186763], [-79.1536445517388, 43.7941783166398], [-79.153578115621, 43.7942244440859], [-79.1533571121014, 43.7943818787833], [-79.1528957892557, 43.7946627089704], [-79.1525301106869, 43.7948873100347], [-79.152316673472, 43.7950183654029], [-79.1520977551851, 43.7951751379016], [-79.1519866216158, 43.7952464845142], [-79.1517459809643, 43.7954009759091], [-79.1514531642315, 43.7955889718905], [-79.1510848956784, 43.7958253878695], [-79.1508941680857, 43.7959478508044], [-79.1503721361534, 43.7962830140707], [-79.1494807692665, 43.7968552845155], [-79.1494460677146, 43.7968775638743], [-79.1491712484624, 43.7970540067113], [-79.1491468624018, 43.7970696658136], [-79.1462234176471, 43.7989247319134], [-79.1460617080446, 43.7988121943081], [-79.1458802632871, 43.7986788567464], [-79.1457591543989, 43.7985852568399], [-79.1456423834057, 43.7984915802422], [-79.1455282452769, 43.7983961474702], [-79.1454165893438, 43.7982992190968], [-79.1453589114562, 43.7982578420108], [-79.1451946864538, 43.7981299484513], [-79.1450882187093, 43.7980426580567]]]]}}, {"type": "Feature", "properties": {"name": "Milliken", "code": "130", "centroid": [-79.27634, 43.81744]}, "geometry": {"type": "MultiPolygon", "coordinates": [[[[-79.2458111833038, 43.8194130078934], [-79.2454595750442, 43.8185841159687], [-79.2452502485333, 43.8181065826927], [-79.2448693487172, 43.8172326180019], [-79.244309250176, 43.8159262075603], [-79.2438169656312, 43.8147549715745], [-79.2434108882152, 43.8137819419902], [-79.2430763847675, 43.8129710915311], [-79.2443320954567, 43.8127130736202], [-79.2451422099985, 43.8125413327848], [-79.2462347364419, 43.8123063147973], [-79.2466699207799, 43.8122126876741], [-79.2475893986577, 43.8120307125549], [-79.2498358180989, 43.8115613657026], [-79.2515876215603, 43.8111463744451], [-79.2529157357208, 43.810854998376], [-79.2533987088519, 43.8107540500014], [-79.2554841472983, 43.8103302311843], [-79.2561774937314, 43.8101989371677], [-79.2567902481289, 43.8100880889997], [-79.2576991703413, 43.8098881248035], [-79.2577140359756, 43.8099219554704], [-79.2580742372201, 43.8107424221342], [-79.2585369984977, 43.8118302840109], [-79.2587558550121, 43.8122864449939], [-79.2591567835626, 43.8132609036896], [-79.2595889926275, 43.8142185945645], [-79.2603573496692, 43.8160158461941], [-79.2606388139509, 43.816639590878], [-79.2608786480075, 43.8171710314976], [-79.261222889105, 43.817987871382], [-79.2616517762965, 43.8190067811591], [-79.2628437034373, 43.8187381748525], [-79.2670032117656, 43.8178782510806], [-79.2715170760428, 43.8169449497511], [-79.2748933021086, 43.8162290326507], [-79.2757521193192, 43.8160469096038], [-79.2778724259166, 43.8155932994778], [-79.279433495119, 43.8152486644869], [-79.2806112131587, 43.814982275546], [-79.2808706670083, 43.8149201256584], [-79.2814634160903, 43.814773786627], [-79.2856660700297, 43.8137969801979], [-79.2912692387393, 43.8124943692581], [-79.2912311206356, 43.8124109224225], [-79.2910014213248, 43.8118884296312], [-79.2905743578141, 43.810952010098], [-79.2904385602147, 43.8106542656545], [-79.290018429623, 43.8097378120099], [-79.2898934625809, 43.8094651548381], [-79.2897824893444, 43.8092039186594], [-79.2893815813129, 43.8083300820458], [-79.2893127826604, 43.8081683403257], [-79.2890826340377, 43.8076274531984], [-79.2888003517962, 43.8070508608343], [-79.2886305346454, 43.8067445181171], [-79.2884883095924, 43.8065372294275], [-79.2883761572578, 43.8064020051378], [-79.2882423064453, 43.8062487383092], [-79.2880697247416, 43.8060684051704], [-79.2878808253847, 43.8058880324802], [-79.2876089840088, 43.8056534986877], [-79.2874201636117, 43.8054551231433], [-79.2873032467618, 43.8053469012557], [-79.2871616652304, 43.8051846176328], [-79.2869992456876, 43.8049862905397], [-79.2868213878085, 43.8047609310702], [-79.2866954724585, 43.8045626716146], [-79.2866165944347, 43.8044635211106], [-79.2865534122724, 43.804319385288], [-79.2864925989758, 43.8041662527367], [-79.2862936450959, 43.8037518295675], [-79.2870819618848, 43.8035642684511], [-79.2881820194957, 43.803296279027], [-79.2883527232712, 43.8032565583037], [-79.2889112156056, 43.8031265979245], [-79.2900734789522, 43.802831701793], [-79.2916056984135, 43.8024654510478], [-79.2929971979, 43.8021259283046], [-79.2942961764446, 43.8018132164684], [-79.294565894317, 43.8017596858813], [-79.2956985514017, 43.801482663483], [-79.296598761874, 43.8012682332411], [-79.2968877801475, 43.8014847741215], [-79.2970850908066, 43.8017101435974], [-79.2972427527285, 43.8019444615132], [-79.2973393820797, 43.802079640684], [-79.2974559513157, 43.8022868820613], [-79.2975431212123, 43.802467058881], [-79.2978393263196, 43.8030796502221], [-79.2982087118703, 43.8038813934053], [-79.2985379269201, 43.8046200566759], [-79.2988371337337, 43.8052776470631], [-79.2993930956197, 43.8065117587517], [-79.300013008832, 43.8079079993742], [-79.3003183478472, 43.8085926085673], [-79.3004693520084, 43.8089132397518], [-79.3007595906537, 43.8095294848765], [-79.3010123373609, 43.810085212497], [-79.301037139679, 43.8101397483757], [-79.3011852405458, 43.8104648740272], [-79.3012451007918, 43.8105962862742], [-79.3015470345456, 43.8112590672664], [-79.3019453667787, 43.8121368888185], [-79.3031413344592, 43.8147722362477], [-79.3034044608516, 43.8153716582816], [-79.3040112656355, 43.8167539638347], [-79.3047531935864, 43.8184474305336], [-79.3052097907536, 43.819492327395], [-79.3056392855861, 43.8204466881962], [-79.3061253747926, 43.8215268164443], [-79.3061502709273, 43.8215821433602], [-79.306766799993, 43.8229333415353], [-79.3069241202881, 43.8233026429451], [-79.3070666398246, 43.8236899303012], [-79.3054912072424, 43.8240743335248], [-79.3050833600808, 43.8241664128442], [-79.3044228219151, 43.8243155484838], [-79.3023000120917, 43.8247979815564], [-79.3015327243653, 43.8249776454589], [-79.300697322599, 43.8251732613746], [-79.3000759505034, 43.8253185966931], [-79.2988636815072, 43.825602118956], [-79.2973325288169, 43.8259504741618], [-79.2965905046817, 43.8261287184684], [-79.2965858136712, 43.8261298442553], [-79.2959933881964, 43.8262721484992], [-79.2954561631618, 43.8263959252406], [-79.2941324768263, 43.826700890397], [-79.2939728348591, 43.826737777178], [-79.2931126561836, 43.8269365243021], [-79.291746088909, 43.8272522754582], [-79.2913492036672, 43.827343956637], [-79.2894795725982, 43.8277725977592], [-79.287539331692, 43.8282010410108], [-79.2872021430405, 43.8282949339856], [-79.2859520950555, 43.8285776547018], [-79.2847185728156, 43.8288566124077], [-79.2831039198792, 43.8292236477113], [-79.2804015289569, 43.8298427386339], [-79.2792564619245, 43.8301037060852], [-79.277749432323, 43.8304434922052], [-79.2767814066946, 43.8306658763414], [-79.2755227567675, 43.8309714187814], [-79.2751959908244, 43.831045368378], [-79.2720676657914, 43.8317637583329], [-79.2711341359388, 43.8319773333188], [-79.2694989338079, 43.8323514078879], [-79.2679625210449, 43.8327043091125], [-79.2663494234178, 43.8330946573735], [-79.2635927935211, 43.8337264080125], [-79.2611503760177, 43.8343022044936], [-79.260035298539, 43.8345650760383], [-79.2561483038645, 43.8354593582757], [-79.2552487582709, 43.8356662780694], [-79.2543363709438, 43.8358799229698], [-79.2521570480815, 43.8363901864502], [-79.2511891488379, 43.8365989872391], [-79.2511615609783, 43.8361308628626], [-79.2511085123275, 43.8352396149333], [-79.251047922981, 43.833916308191], [-79.2510205708586, 43.833451838508], [-79.2510007330395, 43.8331151013191], [-79.2509669837291, 43.8324399385832], [-79.2509339185805, 43.8317917894622], [-79.2508719545426, 43.8313685950576], [-79.2507586305082, 43.8307742772171], [-79.2507168200146, 43.8305491592102], [-79.2506277128889, 43.8302969347678], [-79.2504837388024, 43.8299725818792], [-79.2501395122364, 43.8292157395794], [-79.2497584083043, 43.8283598035649], [-79.2495105866775, 43.8277831917546], [-79.249304098384, 43.8273132787926], [-79.2489840517145, 43.8265848931089], [-79.2483105043328, 43.8250532281199], [-79.247817007284, 43.8239979694922], [-79.2478006443303, 43.823962982179], [-79.2476076039739, 43.8234854986026], [-79.2472598377011, 43.8226656313697], [-79.2470536030903, 43.8221881175713], [-79.2470067217104, 43.8220703966102], [-79.2469544165666, 43.8219358675917], [-79.2466557859936, 43.821260115482], [-79.2463162811258, 43.8205122720849], [-79.246187428347, 43.820238955972], [-79.2460444326198, 43.8199355986428], [-79.2458111833038, 43.8194130078934]]]]}}, {"type": "Feature", "properties": {"name": "Agincourt North", "code": "129", "centroid": [-79.25934, 43.80599]}, "geometry": {"type": "MultiPolygon", "coordinates": [[[[-79.2577140359756, 43.8099219554704], [-79.2576991703413, 43.8098881248035], [-79.2567902481289, 43.8100880889997], [-79.2561774937314, 43.8101989371677], [-79.2554841472983, 43.8103302311843], [-79.2533987088519, 43.8107540500014], [-79.2529157357208, 43.810854998376], [-79.2515876215603, 43.8111463744451], [-79.2498358180989, 43.8115613657026], [-79.2475893986577, 43.8120307125549], [-79.2466699207799, 43.8122126876741], [-79.2462347364419, 43.8123063147973], [-79.2451422099985, 43.8125413327848], [-79.2443320954567, 43.8127130736202], [-79.2430763847675, 43.8129710915311], [-79.2430418436854, 43.8128720017719], [-79.24301802455, 43.8128089405122], [-79.2429864877708, 43.8127368607908], [-79.2429580074787, 43.8126737980361], [-79.2429404806914, 43.812592748708], [-79.2429214126806, 43.8125116869082], [-79.2428930870615, 43.8124126110769], [-79.2428847669938, 43.812358585752], [-79.2428803499195, 43.8123045692067], [-79.2428636064235, 43.8122235216238], [-79.2428546191504, 43.81214250049], [-79.2428470312201, 43.8120974689077], [-79.2428388009113, 43.8120254415748], [-79.2428367468968, 43.8119624292399], [-79.2428261798192, 43.8118903966463], [-79.2428225982957, 43.8118183797703], [-79.2428256508453, 43.8117877288853], [-79.2428302866017, 43.8117415186567], [-79.2428308512003, 43.8117373974223], [-79.2428419257088, 43.8116564034193], [-79.2428453807317, 43.8115754012711], [-79.2428488357449, 43.8114943991216], [-79.2428553595497, 43.8114224049784], [-79.2428626277896, 43.8113594136117], [-79.2428660703359, 43.8112784114306], [-79.2428734419656, 43.8111884169848], [-79.2428838437478, 43.8111164315607], [-79.2428959274732, 43.8110174466083], [-79.2429040048651, 43.8109454559512], [-79.2429112605641, 43.8108824645479], [-79.2429294431497, 43.8108104966182], [-79.2429383421395, 43.8107295067002], [-79.242952621774, 43.8106575299862], [-79.2429747594485, 43.8105675687335], [-79.2429983997547, 43.8104866029573], [-79.2430182129462, 43.8103966454675], [-79.2430465265621, 43.810315699188], [-79.2430779474608, 43.8102347598856], [-79.2431297203909, 43.8101178618983], [-79.2431501882027, 43.8100549001649], [-79.2431690251571, 43.8100099369722], [-79.2431918047549, 43.8099469804251], [-79.2432153412594, 43.8098930176775], [-79.2432381456223, 43.8098300611756], [-79.243263274224, 43.8097671098895], [-79.2432790036689, 43.8097221396957], [-79.2433001770954, 43.8096771907282], [-79.2433151619897, 43.8096232177507], [-79.2433386982163, 43.8095692639751], [-79.243359871582, 43.8095243059941], [-79.2433747407678, 43.809497336065], [-79.2433921007891, 43.809434367303], [-79.2434124649195, 43.8093984086001], [-79.2434297739126, 43.8093444408228], [-79.2434494444306, 43.8092904783434], [-79.2434730064987, 43.8092275234886], [-79.2435027570359, 43.8091735836236], [-79.2435185246601, 43.8091196123713], [-79.243539736244, 43.8090656533326], [-79.2435648256955, 43.8090117029904], [-79.2435860371992, 43.8089577439419], [-79.243614298429, 43.8088857984903], [-79.2436355483417, 43.8088228384106], [-79.2436622297024, 43.8087598995097], [-79.2436975392587, 43.8086789687363], [-79.2437172614286, 43.8086070041057], [-79.2437455732445, 43.8085260576233], [-79.2437692240828, 43.808445100683], [-79.2438014905614, 43.8083461608351], [-79.2438126352781, 43.8082831780635], [-79.2438417298385, 43.8082022333071], [-79.2438449524921, 43.8081752372063], [-79.2438607455764, 43.8081122648463], [-79.2438750743561, 43.8080312869857], [-79.2438885171222, 43.8079773104613], [-79.243901947435, 43.807923333907], [-79.2439186387799, 43.8078333602237], [-79.2439282296596, 43.8077703739534], [-79.2439417107695, 43.8077073963976], [-79.2439529321157, 43.8076264115593], [-79.2439687633862, 43.8075544381549], [-79.2439736933406, 43.8074914414362], [-79.2439779940858, 43.8073924298694], [-79.2439853374875, 43.8073114453373], [-79.243985760371, 43.8072124340815], [-79.2439854895933, 43.8070954100498], [-79.2439796472159, 43.8070053858653], [-79.2439783118589, 43.806951376215], [-79.2439662291175, 43.8068703391582], [-79.2439533758273, 43.8067893003727], [-79.2439367092866, 43.8066902508206], [-79.2439168587224, 43.8066091963509], [-79.2438816137778, 43.8064921029371], [-79.2438256326557, 43.8063209563678], [-79.2437435104815, 43.8060867343768], [-79.2436643420781, 43.8058885323897], [-79.2435943800666, 43.8057173543311], [-79.243526793515, 43.8055371804433], [-79.2433890415119, 43.8052308244152], [-79.2431420045902, 43.8046901937025], [-79.2429558158591, 43.8042667137571], [-79.2426533116221, 43.8036179437556], [-79.2422026152874, 43.8026209815645], [-79.2421274578355, 43.8024720055488], [-79.243187675865, 43.8020276223515], [-79.2437999417604, 43.8017757590406], [-79.2446330720697, 43.8014413688296], [-79.2460806565365, 43.800689742254], [-79.2516281797634, 43.7979625851062], [-79.2601186867958, 43.7937695793313], [-79.2604759579169, 43.7935811608597], [-79.2637708876907, 43.7918434100787], [-79.2638176109991, 43.7918206887661], [-79.2662252684301, 43.7906518367564], [-79.2678143205504, 43.7898803391376], [-79.2679394160315, 43.7898168471464], [-79.2680639292816, 43.78975283177], [-79.2681879469627, 43.7896883741963], [-79.2683114446057, 43.7896233753647], [-79.268434446816, 43.7895578983348], [-79.268556953766, 43.7894918981029], [-79.2686789900267, 43.7894254467292], [-79.2688003943476, 43.78935847188], [-79.2689214275512, 43.7892910010881], [-79.2690418411683, 43.7892230248513], [-79.2691617467812, 43.789154606405], [-79.2692810202768, 43.7890857094957], [-79.2693096750198, 43.7890689622107], [-79.2694875306673, 43.7894888101202], [-79.2697654886709, 43.7901284331611], [-79.2699235843745, 43.7904925144717], [-79.2699610638759, 43.7905788658078], [-79.2703366373879, 43.7915067020971], [-79.2707963040151, 43.7925787238124], [-79.2710358714657, 43.7931102618384], [-79.2715770321868, 43.7943804862248], [-79.2724556417724, 43.7963984557187], [-79.2725794813701, 43.7966716793893], [-79.2727020035224, 43.7969419749266], [-79.2733662445177, 43.7984074530729], [-79.2743240180277, 43.7981753010509], [-79.2744412913555, 43.7981755235553], [-79.2749026550051, 43.7981764241492], [-79.2756009937861, 43.7981597861559], [-79.2765556134505, 43.7981436452259], [-79.277737287146, 43.7981308814709], [-79.277969272201, 43.7981283710103], [-79.2781650301392, 43.798119750014], [-79.2782893787249, 43.798101989054], [-79.2785170533127, 43.7980754271151], [-79.2786732603724, 43.7980487173451], [-79.2788209631553, 43.7980129987801], [-79.2802441988384, 43.7977096879509], [-79.2816588705389, 43.7974063430192], [-79.2834364743932, 43.7970594282981], [-79.2837777451522, 43.7978333881815], [-79.2839934898822, 43.7983198478861], [-79.2841450480673, 43.7986761286946], [-79.2842962136152, 43.7990315084267], [-79.2843062410178, 43.799056073415], [-79.2847081826517, 43.8000404109494], [-79.2851897605499, 43.8011394448645], [-79.2858384530341, 43.802661842363], [-79.2858755532127, 43.8027480975793], [-79.2860980703234, 43.8032654034121], [-79.2862936450959, 43.8037518295675], [-79.2864925989758, 43.8041662527367], [-79.2865534122724, 43.804319385288], [-79.2866165944347, 43.8044635211106], [-79.2866954724585, 43.8045626716146], [-79.2868213878085, 43.8047609310702], [-79.2869992456876, 43.8049862905397], [-79.2871616652304, 43.8051846176328], [-79.2873032467618, 43.8053469012557], [-79.2874201636117, 43.8054551231433], [-79.2876089840088, 43.8056534986877], [-79.2878808253847, 43.8058880324802], [-79.2880697247416, 43.8060684051704], [-79.2882423064453, 43.8062487383092], [-79.2883761572578, 43.8064020051378], [-79.2884883095924, 43.8065372294275], [-79.2886305346454, 43.8067445181171], [-79.2888003517962, 43.8070508608343], [-79.2890826340377, 43.8076274531984], [-79.2893127826604, 43.8081683403257], [-79.2893815813129, 43.8083300820458], [-79.2897824893444, 43.8092039186594], [-79.2898934625809, 43.8094651548381], [-79.290018429623, 43.8097378120099], [-79.2904385602147, 43.8106542656545], [-79.2905743578141, 43.810952010098], [-79.2910014213248, 43.8118884296312], [-79.2912311206356, 43.8124109224225], [-79.2912692387393, 43.8124943692581], [-79.2856660700297, 43.8137969801979], [-79.2814634160903, 43.814773786627], [-79.2808706670083, 43.8149201256584], [-79.2806112131587, 43.814982275546], [-79.279433495119, 43.8152486644869], [-79.2778724259166, 43.8155932994778], [-79.2757521193192, 43.8160469096038], [-79.2748933021086, 43.8162290326507], [-79.2715170760428, 43.8169449497511], [-79.2670032117656, 43.8178782510806], [-79.2628437034373, 43.8187381748525], [-79.2616517762965, 43.8190067811591], [-79.261222889105, 43.817987871382], [-79.2608786480075, 43.8171710314976], [-79.2606388139509, 43.816639590878], [-79.2603573496692, 43.8160158461941], [-79.2595889926275, 43.8142185945645], [-79.2591567835626, 43.8132609036896], [-79.2587558550121, 43.8122864449939], [-79.2585369984977, 43.8118302840109], [-79.2580742372201, 43.8107424221342], [-79.2577140359756, 43.8099219554704]]]]}}, {"type": "Feature", "properties": {"name": "Agincourt South-Malvern West", "code": "128", "centroid": [-79.26518, 43.78984]}, "geometry": {"type": "MultiPolygon", "coordinates": [[[[-79.2837777451522, 43.7978333881815], [-79.2834364743932, 43.7970594282981], [-79.2816588705389, 43.7974063430192], [-79.2802441988384, 43.7977096879509], [-79.2788209631553, 43.7980129987801], [-79.2786732603724, 43.7980487173451], [-79.2785170533127, 43.7980754271151], [-79.2782893787249, 43.798101989054], [-79.2781650301392, 43.798119750014], [-79.277969272201, 43.7981283710103], [-79.277737287146, 43.7981308814709], [-79.2765556134505, 43.7981436452259], [-79.2756009937861, 43.7981597861559], [-79.2749026550051, 43.7981764241492], [-79.2744412913555, 43.7981755235553], [-79.2743240180277, 43.7981753010509], [-79.2733662445177, 43.7984074530729], [-79.2727020035224, 43.7969419749266], [-79.2725794813701, 43.7966716793893], [-79.2724556417724, 43.7963984557187], [-79.2715770321868, 43.7943804862248], [-79.2710358714657, 43.7931102618384], [-79.2707963040151, 43.7925787238124], [-79.2703366373879, 43.7915067020971], [-79.2699610638759, 43.7905788658078], [-79.2699235843745, 43.7904925144717], [-79.2697654886709, 43.7901284331611], [-79.2694875306673, 43.7894888101202], [-79.2693096750198, 43.7890689622107], [-79.2692810202768, 43.7890857094957], [-79.2691617467812, 43.789154606405], [-79.2690418411683, 43.7892230248513], [-79.2689214275512, 43.7892910010881], [-79.2688003943476, 43.78935847188], [-79.2686789900267, 43.7894254467292], [-79.268556953766, 43.7894918981029], [-79.268434446816, 43.7895578983348], [-79.2683114446057, 43.7896233753647], [-79.2681879469627, 43.7896883741963], [-79.2680639292816, 43.78975283177], [-79.2679394160315, 43.7898168471464], [-79.2678143205504, 43.7898803391376], [-79.2662252684301, 43.7906518367564], [-79.2638176109991, 43.7918206887661], [-79.2637708876907, 43.7918434100787], [-79.2604759579169, 43.7935811608597], [-79.2601186867958, 43.7937695793313], [-79.2516281797634, 43.7979625851062], [-79.2460806565365, 43.800689742254], [-79.2446330720697, 43.8014413688296], [-79.2437999417604, 43.8017757590406], [-79.243187675865, 43.8020276223515], [-79.2421274578355, 43.8024720055488], [-79.2420177458341, 43.8021942985181], [-79.2419156225295, 43.8019150333098], [-79.2418512823911, 43.8016988521705], [-79.2416477784353, 43.8009602915995], [-79.2413720668318, 43.7998435111245], [-79.2411773579655, 43.7990509626471], [-79.2410804357455, 43.7986456925999], [-79.2410419775782, 43.7985555942387], [-79.2409615132318, 43.7983395379575], [-79.2408876462112, 43.7981412017792], [-79.2407525596021, 43.7977628572337], [-79.2403989913695, 43.7968979556879], [-79.240236041265, 43.7965015269031], [-79.240203329401, 43.7964223146473], [-79.2399124196827, 43.7957176928704], [-79.2398395048759, 43.795510500982], [-79.2396801656892, 43.7951770874278], [-79.239483771684, 43.7947895914029], [-79.2394629401993, 43.7947535394017], [-79.2393525005494, 43.7946092695254], [-79.2391237657663, 43.7943387137707], [-79.2389198459854, 43.7940772243657], [-79.2388210645226, 43.7939329805899], [-79.2387529832705, 43.7938698170777], [-79.2386576888806, 43.7936355698199], [-79.2384031078859, 43.7930589240089], [-79.238290792695, 43.7927705496506], [-79.2379645319677, 43.7919327957683], [-79.2378233394338, 43.7915117859835], [-79.2377621333321, 43.7913292735849], [-79.2374588146507, 43.7905364953557], [-79.237058521536, 43.789554469277], [-79.2365715073324, 43.7883703732419], [-79.2365224861199, 43.7882356212057], [-79.2365171465002, 43.7882207660176], [-79.2363733017289, 43.7878703529976], [-79.2363424190267, 43.7877955722988], [-79.2363103203567, 43.7877204287398], [-79.2362774882316, 43.787645391492], [-79.2362437729238, 43.7875706042276], [-79.236209311504, 43.7874959772508], [-79.2361739667091, 43.7874216452611], [-79.2361377515606, 43.7873474732707], [-79.2361006784067, 43.7872734793096], [-79.2360628589139, 43.7871996996394], [-79.2360242678391, 43.7871262242124], [-79.2360000514526, 43.7870811715747], [-79.2359848437745, 43.7870528908655], [-79.2359445362321, 43.786979879504], [-79.2359033457295, 43.7869070731134], [-79.2358503607109, 43.7868040406191], [-79.2357965055997, 43.786701132103], [-79.2357435212622, 43.7865980275479], [-79.2356914203966, 43.7864946639764], [-79.2356402895738, 43.7863911316014], [-79.2355900426907, 43.7862872321998], [-79.2355408027183, 43.7861832540938], [-79.235492310088, 43.7860788906453], [-79.2354447994711, 43.7859744574382], [-79.2354004643857, 43.7858655939978], [-79.235368162585, 43.785786300152], [-79.2352915140308, 43.7855980797733], [-79.2374846567298, 43.7849897822501], [-79.2389887712312, 43.7845784363654], [-79.2404588438344, 43.7841995865015], [-79.2421438539467, 43.7838075480844], [-79.243730720745, 43.7834408730397], [-79.2451708926286, 43.7831265146697], [-79.2452037595299, 43.783119351023], [-79.2464384344804, 43.7828498031306], [-79.2478246126028, 43.7825700359167], [-79.2496610335099, 43.7822382311741], [-79.2506518268779, 43.7820591859059], [-79.2507144273161, 43.7820478729995], [-79.2509136397271, 43.7820094313659], [-79.2518467466774, 43.781829367883], [-79.2544759451015, 43.7813190102213], [-79.2549798538438, 43.781222537134], [-79.2579658365702, 43.7806508274994], [-79.260344655302, 43.7802078259237], [-79.2637077038129, 43.7795387156162], [-79.2639179401455, 43.7794980418001], [-79.2647926136218, 43.7793981861278], [-79.2647665409957, 43.7793338912331], [-79.2648739461064, 43.7793131035452], [-79.2660339633648, 43.7790886999785], [-79.2679917309303, 43.7787069193902], [-79.2690559158931, 43.7785026331619], [-79.2717864188722, 43.7779361213953], [-79.274686568105, 43.7773026312405], [-79.2747764602797, 43.7772824387948], [-79.2771997585575, 43.7767381897399], [-79.2773952796138, 43.7766942670116], [-79.2796888035189, 43.7761564361553], [-79.2811564852198, 43.775812216093], [-79.2846145826099, 43.7750081585966], [-79.2846805673944, 43.7751611226439], [-79.2846916676022, 43.7751868418703], [-79.28471655072, 43.7752418948382], [-79.2848213341237, 43.7754736650255], [-79.2851720712428, 43.7763156722425], [-79.2852109673574, 43.7764090513628], [-79.2855580928805, 43.7772531477416], [-79.2855619230618, 43.7772624621251], [-79.2860584600169, 43.778471338912], [-79.2863098359487, 43.7790442646671], [-79.2865240802124, 43.779562294434], [-79.2866674805021, 43.779880464944], [-79.2867301041417, 43.7800557982731], [-79.2868031240003, 43.7802528077304], [-79.2868544185455, 43.7804245733926], [-79.2868993297182, 43.7805153347526], [-79.2869898874152, 43.7807312971953], [-79.2870953224847, 43.7809596278523], [-79.2872787749226, 43.7813851028384], [-79.2873827776844, 43.7816220896458], [-79.2874280992264, 43.7817342562796], [-79.2875595935196, 43.7820107730856], [-79.2876604250489, 43.782231722672], [-79.287737871032, 43.7823907908331], [-79.2878583501681, 43.7825789225218], [-79.2879751662035, 43.7827702336889], [-79.2880953682107, 43.7829739365891], [-79.2881990118644, 43.7831489310124], [-79.2882637259406, 43.783286858503], [-79.2883957947318, 43.783494129505], [-79.2886142738286, 43.7838635808547], [-79.2887753258807, 43.7842239244998], [-79.2892107729507, 43.78518786007], [-79.2894629739382, 43.7857617158657], [-79.2894681263048, 43.7857734178435], [-79.2896705588035, 43.7863048670598], [-79.2899209578819, 43.7868814007585], [-79.290081223928, 43.7872507600751], [-79.2904295607901, 43.7880344896502], [-79.2906706175698, 43.7886290156845], [-79.2910273617871, 43.7894577643429], [-79.2915489030849, 43.7907008647623], [-79.2917075423743, 43.7910972039938], [-79.2905067351816, 43.7913740444748], [-79.2890634781145, 43.7916864386583], [-79.2878268982694, 43.7919631939241], [-79.2869004877683, 43.7921505031911], [-79.2871508914785, 43.7927180412422], [-79.2879142543325, 43.7945449439313], [-79.2880128307511, 43.7947808844231], [-79.2885737876989, 43.7960690579961], [-79.2892157313504, 43.7975194161924], [-79.2900502726106, 43.7994291996748], [-79.2905541477258, 43.8006182812918], [-79.29088185996, 43.8013209777887], [-79.2910757268494, 43.8016363715382], [-79.2911984809625, 43.8018526227342], [-79.2913916433121, 43.8021500213954], [-79.2916056984135, 43.8024654510478], [-79.2900734789522, 43.802831701793], [-79.2889112156056, 43.8031265979245], [-79.2883527232712, 43.8032565583037], [-79.2881820194957, 43.803296279027], [-79.2870819618848, 43.8035642684511], [-79.2862936450959, 43.8037518295675], [-79.2860980703234, 43.8032654034121], [-79.2858755532127, 43.8027480975793], [-79.2858384530341, 43.802661842363], [-79.2851897605499, 43.8011394448645], [-79.2847081826517, 43.8000404109494], [-79.2843062410178, 43.799056073415], [-79.2842962136152, 43.7990315084267], [-79.2841450480673, 43.7986761286946], [-79.2839934898822, 43.7983198478861], [-79.2837777451522, 43.7978333881815]]]]}}, {"type": "Feature", "properties": {"name": "Dorset Park", "code": "126", "centroid": [-79.28045, 43.76211]}, "geometry": {"type": "MultiPolygon", "coordinates": [[[[-79.275584421565, 43.7420887001236], [-79.2815756741277, 43.7394517436987], [-79.2817501750422, 43.7398798058709], [-79.282090146005, 43.7407085574103], [-79.2826568167714, 43.7421588228676], [-79.2832245644088, 43.7435280852956], [-79.2834576358513, 43.7440956033639], [-79.2835600174932, 43.7443298287433], [-79.2841267526203, 43.7457711029211], [-79.2848367471146, 43.7475186936741], [-79.2852128380827, 43.7484825298723], [-79.2856023008368, 43.7494013927473], [-79.2861393897004, 43.7507075910722], [-79.2866386982443, 43.7519417064765], [-79.2872319589931, 43.7533920140673], [-79.28774909857, 43.7546531518191], [-79.2880555161877, 43.7553738158753], [-79.2882517787694, 43.7558512518271], [-79.2886774350227, 43.7568691741911], [-79.289072797387, 43.7578960400781], [-79.2893023382411, 43.7584005299878], [-79.2895192871876, 43.7589590033265], [-79.2895908662972, 43.7591301576678], [-79.2897595448314, 43.7595085178905], [-79.2901759502613, 43.7605264530179], [-79.2905238525142, 43.7613732384438], [-79.2906963238437, 43.7617786256383], [-79.2908283119157, 43.7621156104917], [-79.2908409789876, 43.7621479569171], [-79.2909678581531, 43.7624902429355], [-79.2913628266481, 43.7634271143865], [-79.2914308991347, 43.7636168124732], [-79.2914465959473, 43.7636924510241], [-79.2914764912199, 43.7637781157868], [-79.2914913637758, 43.7638479380639], [-79.2915093019907, 43.7639326718829], [-79.2915139656357, 43.7640095774625], [-79.2915203695617, 43.7640789072226], [-79.2915158520862, 43.7641458767542], [-79.2915094743494, 43.7642084773197], [-79.2915066723195, 43.764267861985], [-79.2914972741614, 43.7643311321272], [-79.2914823700133, 43.7643776410301], [-79.2914713558751, 43.7644448687392], [-79.2914544128266, 43.7645098173318], [-79.2914323527586, 43.764578312049], [-79.2914090000734, 43.7646399094998], [-79.2913940414823, 43.7647056178017], [-79.2913591531003, 43.7648021727628], [-79.2913265930103, 43.7649041956772], [-79.291308421757, 43.7649900967416], [-79.2913079544212, 43.7649923371815], [-79.2912972837896, 43.7650642731095], [-79.2912831369011, 43.7651357976346], [-79.2912902530882, 43.7652145619281], [-79.2912981936809, 43.7652991334846], [-79.2913116154672, 43.7654004662374], [-79.2913386029008, 43.7654831733154], [-79.2913672267209, 43.7655775128929], [-79.2914029399324, 43.7656690570335], [-79.2914358566181, 43.7657540432021], [-79.2916062800753, 43.7661500547545], [-79.2919016569047, 43.7668432063473], [-79.292024331137, 43.7671310801619], [-79.2922531342207, 43.7676291621619], [-79.2931100639527, 43.769651227548], [-79.2932149773169, 43.7699167718965], [-79.2933982740864, 43.7703506626986], [-79.2936065147078, 43.7708570666262], [-79.2939492098663, 43.7716274017978], [-79.2942630893652, 43.772359636045], [-79.2943521936279, 43.7725616745476], [-79.2944250404059, 43.7727268509651], [-79.2935914465039, 43.772923293212], [-79.2920223410722, 43.7732830786602], [-79.2898861329807, 43.7737728943586], [-79.2898417377805, 43.7737832360831], [-79.2872395851197, 43.7743901768088], [-79.2846349099268, 43.775003444288], [-79.2846145826099, 43.7750081585966], [-79.2811564852198, 43.775812216093], [-79.2796888035189, 43.7761564361553], [-79.2773952796138, 43.7766942670116], [-79.2771997585575, 43.7767381897399], [-79.2747764602797, 43.7772824387948], [-79.2747726318742, 43.7772730970501], [-79.2747124562866, 43.7771241713129], [-79.2747081080243, 43.7771110210515], [-79.2746528927285, 43.7769446698129], [-79.274517895906, 43.7766569875803], [-79.2742810244812, 43.7760948297045], [-79.2740113785084, 43.7754393364601], [-79.2736822164908, 43.7746078509738], [-79.2733046210815, 43.7736768235152], [-79.2729863134598, 43.7729659909056], [-79.2729189985525, 43.7727462917776], [-79.2726212203789, 43.7720454451114], [-79.2723222548811, 43.7713090496111], [-79.2720363886553, 43.7706053896073], [-79.27197125619, 43.770447118157], [-79.2718926273041, 43.7702613391626], [-79.2716503999496, 43.7696573450905], [-79.2714540628161, 43.7691343537349], [-79.2713812819496, 43.7689337341085], [-79.2713429922552, 43.768802195414], [-79.2712932007757, 43.7686706966972], [-79.2712499989311, 43.7684984268371], [-79.2712055513398, 43.7683108884746], [-79.271176429671, 43.7681368195226], [-79.2711104383094, 43.7679249528153], [-79.2710739562901, 43.7677268539569], [-79.271017033059, 43.7673846953614], [-79.2709545921194, 43.7670695201797], [-79.2709217677883, 43.7669254356163], [-79.2708842859395, 43.7667813417036], [-79.2708529114038, 43.7666642635422], [-79.2707967524774, 43.7665291333222], [-79.2705578389592, 43.7658805603677], [-79.2701818122865, 43.7649526837486], [-79.2696876272837, 43.7636735307432], [-79.2692710819645, 43.7625925670535], [-79.2689220141988, 43.7617277754586], [-79.268309456796, 43.7601513823281], [-79.2678338148506, 43.7589082985827], [-79.2674470868918, 43.7579534045495], [-79.2671796565063, 43.757259777604], [-79.2666655097746, 43.7558995584476], [-79.266377961113, 43.7551788757295], [-79.2659046334439, 43.7539357606139], [-79.2657823362843, 43.7536474718475], [-79.2657115187809, 43.7534943153971], [-79.2656508674944, 43.7533231683521], [-79.2655755698024, 43.7531249876446], [-79.2655087807634, 43.7529358255329], [-79.2653991056988, 43.7526025562201], [-79.2653132609978, 43.7523233428965], [-79.2651960611682, 43.7519270495217], [-79.265130919994, 43.7517108869423], [-79.2650524988981, 43.7515217006146], [-79.2650183085496, 43.7513326141694], [-79.2649140405777, 43.7509993554146], [-79.2646862888975, 43.7502878100058], [-79.2644627400779, 43.7496932793275], [-79.2641611972021, 43.7489995650258], [-79.2640035127144, 43.7485830509681], [-79.2654389605044, 43.7476630403931], [-79.2682810782712, 43.7458395045771], [-79.2684156649728, 43.7457538968296], [-79.2709648695553, 43.7441301117189], [-79.2725510039975, 43.7434298974603], [-79.2725668292635, 43.7434213237929], [-79.275584421565, 43.7420887001236]]]]}}, {"type": "Feature", "properties": {"name": "Ionview", "code": "125", "centroid": [-79.27235, 43.73108]}, "geometry": {"type": "MultiPolygon", "coordinates": [[[[-79.2745644008868, 43.7232168964577], [-79.2748451301451, 43.7225959139284], [-79.2749374051136, 43.7228091640965], [-79.2750973221653, 43.7231787008612], [-79.2753310588851, 43.7237193881009], [-79.2760309509127, 43.7253588434628], [-79.2767314725842, 43.7269827051623], [-79.2770508571781, 43.7277282078987], [-79.2774510397854, 43.7286021165822], [-79.2776078347452, 43.7289984850656], [-79.2777166114143, 43.7293767484673], [-79.2778115124365, 43.7297279810708], [-79.2778595291312, 43.7299621064461], [-79.2779106161296, 43.7302052479905], [-79.277959602706, 43.7303853677988], [-79.2780016675585, 43.7305474716742], [-79.2780560375523, 43.7307455953471], [-79.2781067760206, 43.7308717110917], [-79.2781535545944, 43.7310248138162], [-79.2782203594355, 43.7312139602982], [-79.2784463849709, 43.7317814491183], [-79.2787440433308, 43.7324931047774], [-79.2788558483906, 43.7327536996754], [-79.2789025079328, 43.7328624617652], [-79.2790066110632, 43.7331181719365], [-79.2798706313619, 43.7352406180022], [-79.2812547960548, 43.7386817059352], [-79.2813039183148, 43.7387984737296], [-79.281330885854, 43.738862559993], [-79.2814102010345, 43.7390510441945], [-79.2815756741277, 43.7394517436987], [-79.275584421565, 43.7420887001236], [-79.2725668292635, 43.7434213237929], [-79.2725510039975, 43.7434298974603], [-79.2709648695553, 43.7441301117189], [-79.269477412594, 43.7450776041074], [-79.2684156649728, 43.7457538968296], [-79.2682810782712, 43.7458395045771], [-79.2680649461525, 43.7453321452073], [-79.2680456760885, 43.7452871900756], [-79.2675177524628, 43.7440559582958], [-79.2674870766538, 43.7439844082887], [-79.2666553379466, 43.7420444554326], [-79.2666374794221, 43.7420010241247], [-79.2666152087198, 43.7419492216777], [-79.2659494729129, 43.740354690454], [-79.265908426829, 43.7402563671287], [-79.2638146213179, 43.7353490954166], [-79.2637028327366, 43.7350870547754], [-79.2636048243967, 43.7348629376681], [-79.2629706541566, 43.7334128050943], [-79.2631254474415, 43.7333762929705], [-79.2632903628901, 43.7333353009862], [-79.2646621696852, 43.7330119922226], [-79.2648429663659, 43.7329693834679], [-79.266060766818, 43.7326748149115], [-79.2668382172538, 43.7324783764574], [-79.2679317209071, 43.7322015547776], [-79.2676240668922, 43.7313861024545], [-79.2675584113727, 43.7312196892359], [-79.2674569585289, 43.7309661612534], [-79.2674837435607, 43.7309507786334], [-79.2675170878046, 43.7309308727282], [-79.2675499374192, 43.7309104707396], [-79.2675821682043, 43.730889590418], [-79.2676139164247, 43.7308683040507], [-79.2676450331587, 43.7308466023342], [-79.2676755186847, 43.7308244132597], [-79.2677055212979, 43.7308019081525], [-79.2677348927726, 43.7307788976859], [-79.2677636700001, 43.7307554719477], [-79.2677916911245, 43.7307317566266], [-79.2682028088336, 43.7302790640559], [-79.2695796924205, 43.7288589331368], [-79.269720338154, 43.7287138646511], [-79.269791280219, 43.7286351567423], [-79.2711397549132, 43.7271390149545], [-79.2715934778287, 43.7266356012084], [-79.2716006824652, 43.7266276135049], [-79.2736061210927, 43.7244023562812], [-79.2736528168505, 43.7243588197445], [-79.273698930682, 43.7243148859817], [-79.2737442511149, 43.7242706805922], [-79.2737889773468, 43.7242260419489], [-79.2738329847194, 43.7241811138256], [-79.2738763354951, 43.7241358423388], [-79.273918967752, 43.7240901913619], [-79.2739609558929, 43.7240441790453], [-79.2740022250428, 43.7239979132566], [-79.2740427260299, 43.7239512678818], [-79.2740826201385, 43.7239042612432], [-79.2741217701316, 43.7238570820962], [-79.2741603010731, 43.7238094786538], [-79.2741979639209, 43.7237616664546], [-79.2742350198603, 43.7237135019954], [-79.2742713197168, 43.7236650479909], [-79.2743068761062, 43.7236162504592], [-79.2743416637671, 43.7235672263674], [-79.2743757446576, 43.7235180028421], [-79.2744090696056, 43.7234684537695], [-79.2744416383087, 43.7234186601608], [-79.2744734757263, 43.7233685860611], [-79.2745045818936, 43.7233182224696], [-79.2745349318202, 43.723267614344], [-79.2745644008868, 43.7232168964577]]]]}}, {"type": "Feature", "properties": {"name": "Kennedy Park", "code": "124", "centroid": [-79.26031, 43.72668]}, "geometry": {"type": "MultiPolygon", "coordinates": [[[[-79.2689387249333, 43.714714126924], [-79.2711172341824, 43.7141581997162], [-79.2712366964734, 43.714358707832], [-79.2712579011918, 43.7144053047683], [-79.271445927934, 43.7148181904672], [-79.2718206961995, 43.7156020484409], [-79.272324360728, 43.7167642235365], [-79.2726657379664, 43.7175660144653], [-79.27311101613, 43.7185840495615], [-79.2737506564018, 43.7200885530328], [-79.2741389575538, 43.7209736935027], [-79.2745066118309, 43.7218273144344], [-79.2748451301451, 43.7225959139284], [-79.2745644008868, 43.7232168964577], [-79.2745349318202, 43.723267614344], [-79.2745045818936, 43.7233182224696], [-79.2744734757263, 43.7233685860611], [-79.2744416383087, 43.7234186601608], [-79.2744090696056, 43.7234684537695], [-79.2743757446576, 43.7235180028421], [-79.2743416637671, 43.7235672263674], [-79.2743068761062, 43.7236162504592], [-79.2742713197168, 43.7236650479909], [-79.2742350198603, 43.7237135019954], [-79.2741979639209, 43.7237616664546], [-79.2741603010731, 43.7238094786538], [-79.2741217701316, 43.7238570820962], [-79.2740826201385, 43.7239042612432], [-79.2740427260299, 43.7239512678818], [-79.2740022250428, 43.7239979132566], [-79.2739609558929, 43.7240441790453], [-79.273918967752, 43.7240901913619], [-79.2738763354951, 43.7241358423388], [-79.2738329847194, 43.7241811138256], [-79.2737889773468, 43.7242260419489], [-79.2737442511149, 43.7242706805922], [-79.273698930682, 43.7243148859817], [-79.2736528168505, 43.7243588197445], [-79.2736061210927, 43.7244023562812], [-79.2716006824652, 43.7266276135049], [-79.2715934778287, 43.7266356012084], [-79.2711397549132, 43.7271390149545], [-79.269791280219, 43.7286351567423], [-79.269720338154, 43.7287138646511], [-79.2695796924205, 43.7288589331368], [-79.2682028088336, 43.7302790640559], [-79.2677916911245, 43.7307317566266], [-79.2677636700001, 43.7307554719477], [-79.2677348927726, 43.7307788976859], [-79.2677055212979, 43.7308019081525], [-79.2676755186847, 43.7308244132597], [-79.2676450331587, 43.7308466023342], [-79.2676139164247, 43.7308683040507], [-79.2675821682043, 43.730889590418], [-79.2675499374192, 43.7309104707396], [-79.2675170878046, 43.7309308727282], [-79.2674837435607, 43.7309507786334], [-79.2674569585289, 43.7309661612534], [-79.2675584113727, 43.7312196892359], [-79.2676240668922, 43.7313861024545], [-79.2679317209071, 43.7322015547776], [-79.2668382172538, 43.7324783764574], [-79.266060766818, 43.7326748149115], [-79.2648429663659, 43.7329693834679], [-79.2646621696852, 43.7330119922226], [-79.2632903628901, 43.7333353009862], [-79.2631254474415, 43.7333762929705], [-79.2629706541566, 43.7334128050943], [-79.262374717439, 43.7335494665151], [-79.2617829246994, 43.7336922632966], [-79.2609426056484, 43.7338975460729], [-79.2601878059723, 43.73406699722], [-79.2591712432005, 43.734307901948], [-79.2581043075558, 43.7345306885802], [-79.2574271873677, 43.7346732821696], [-79.2568385614807, 43.7348070498139], [-79.2556093124178, 43.7350744828342], [-79.2543668813049, 43.7353418652907], [-79.2531905056955, 43.735582373212], [-79.2520512638511, 43.7358499532401], [-79.2502249138769, 43.736224055122], [-79.2480845930644, 43.7366964586689], [-79.2480568373473, 43.736651391388], [-79.2480052240948, 43.7365612653992], [-79.2479174025068, 43.7364080419861], [-79.2473848423124, 43.7351736807617], [-79.2471453224289, 43.7345520487091], [-79.2468940882807, 43.733939400375], [-79.2463624938484, 43.7326510286378], [-79.2460183442409, 43.7318221424783], [-79.2454914181363, 43.7306038961779], [-79.2455461351105, 43.7305510907654], [-79.2456292742526, 43.7304698146806], [-79.2457117811771, 43.7303882850932], [-79.2457935576484, 43.7303062497516], [-79.2458747145459, 43.7302239069309], [-79.2459551275522, 43.7301413013623], [-79.2460349090694, 43.7300582712749], [-79.2461139720946, 43.7299748434805], [-79.2461924031008, 43.7298911171861], [-79.2462699661702, 43.7298071098717], [-79.2463470466715, 43.7297226873758], [-79.2464232220394, 43.7296379747792], [-79.2464988152739, 43.7295529097914], [-79.2465736402988, 43.7294674649973], [-79.2466478579882, 43.729381757771], [-79.2467213322592, 43.7292956797972], [-79.2467939137064, 43.7292093387614], [-79.246865912725, 43.72912271735], [-79.2469477612277, 43.7290168910647], [-79.2470298845649, 43.7289105792603], [-79.2471112891197, 43.7288039237578], [-79.2471918878552, 43.728696960371], [-79.2472717921846, 43.7285897613578], [-79.2473509403128, 43.7284822635746], [-79.2474293196033, 43.7283745210022], [-79.2475069926889, 43.7282663987621], [-79.2475837849279, 43.7281581034985], [-79.2476599453669, 43.728049446737], [-79.2477352253062, 43.7279405359448], [-79.2478099229114, 43.7278313087728], [-79.2478837399478, 43.7277218455754], [-79.2479568007693, 43.7276120926213], [-79.2480291425028, 43.7275020769972], [-79.2481005662526, 43.7273918702761], [-79.2481698335104, 43.7272808216422], [-79.248242942505, 43.7271711676161], [-79.2488544545131, 43.726258113251], [-79.2504231241225, 43.7239158712453], [-79.2513484714578, 43.722534127012], [-79.2523119007886, 43.7210655774493], [-79.2526229097975, 43.7205922363487], [-79.2532279251691, 43.7196782073139], [-79.2533792226449, 43.7194459236019], [-79.2540146981359, 43.7184826650873], [-79.2542273680051, 43.7181602747285], [-79.254275368228, 43.7180882779122], [-79.2543328490962, 43.7180772399173], [-79.2544732887649, 43.7180462263216], [-79.2547769737671, 43.7179791798369], [-79.2557816262812, 43.7177653007554], [-79.2593714404384, 43.7169717759086], [-79.2599203237431, 43.7168469125505], [-79.2613340571546, 43.7165258100662], [-79.2626701560695, 43.7162315326692], [-79.2636895529943, 43.7159996031077], [-79.264715076647, 43.7157856705629], [-79.2657159340217, 43.7155176797253], [-79.2667369135013, 43.7152587314316], [-79.2689387249333, 43.714714126924]]]]}}, {"type": "Feature", "properties": {"name": "Cliffcrest", "code": "123", "centroid": [-79.23129, 43.71049]}, "geometry": {"type": "MultiPolygon", "coordinates": [[[[-79.2177620379889, 43.7278528754442], [-79.2176365595853, 43.7278450225047], [-79.2174945869723, 43.7278446716959], [-79.2173499719136, 43.727830821327], [-79.2172123750565, 43.7278079779035], [-79.2170681237517, 43.7277986286947], [-79.2169289331443, 43.7277847822189], [-79.2168119001902, 43.7277574886216], [-79.2166851768758, 43.7277346805038], [-79.2165402712393, 43.7276983163038], [-79.2163852144005, 43.7276799382016], [-79.2162440754944, 43.7276660860572], [-79.2161080008392, 43.7276522553181], [-79.2159634291478, 43.7276293930669], [-79.2158072573328, 43.7275975095587], [-79.2156568219387, 43.7275836335744], [-79.2154989498018, 43.7275832407332], [-79.215360520685, 43.7275739038607], [-79.2152131974423, 43.7275555344254], [-79.2150716956153, 43.7275371883131], [-79.2149372247264, 43.7275098493252], [-79.2147911236062, 43.7274824901606], [-79.2146613413503, 43.7274506619299], [-79.2145319315578, 43.7274188434832], [-79.2144052829984, 43.7273780215534], [-79.2142945561019, 43.7273327386643], [-79.2142106667776, 43.7272740209213], [-79.2141423998756, 43.7271928481019], [-79.2140935638826, 43.7271027136095], [-79.2140618037901, 43.7270081211959], [-79.2140339198067, 43.726918039087], [-79.2140102504488, 43.7268369687506], [-79.2140040445673, 43.7268134329951], [-79.2139693758531, 43.7267641184887], [-79.2139918192194, 43.7267219678564], [-79.2138578578819, 43.7262412726265], [-79.213906666158, 43.7261857491601], [-79.2139475597101, 43.7261449678926], [-79.2139742591475, 43.7261291295231], [-79.2139946634439, 43.7261189641772], [-79.2140134768425, 43.7261144656261], [-79.2140494640602, 43.7261213695976], [-79.2140682180282, 43.7261293646049], [-79.2140713134429, 43.7261361862841], [-79.2140744104384, 43.72614528528], [-79.2140759419413, 43.726152103047], [-79.214075911154, 43.7261611852174], [-79.2140695890555, 43.7261725289628], [-79.2140349728509, 43.7262087803545], [-79.2139829866554, 43.7262722350138], [-79.2140122736659, 43.7263699717062], [-79.2141407535948, 43.7263566652251], [-79.2142003055476, 43.7263465977413], [-79.2142473229409, 43.7263387672025], [-79.2142865299256, 43.7263263714971], [-79.2143351598026, 43.7263083195484], [-79.2143822256907, 43.7262902726722], [-79.2144089072786, 43.7262755683127], [-79.2144434655842, 43.7262540786908], [-79.2144908367547, 43.7262240068808], [-79.2146060216628, 43.726122058496], [-79.2146726957103, 43.7260470736282], [-79.2147352792042, 43.7259630592727], [-79.2148021383377, 43.725848991419], [-79.2148899692946, 43.7256808784024], [-79.2149527819943, 43.7255457644698], [-79.2149905909638, 43.725440643288], [-79.2150202511261, 43.7253054556438], [-79.2150289839948, 43.7252122876017], [-79.2150207784137, 43.7251942286631], [-79.2150002216805, 43.7251581094485], [-79.2149836965237, 43.7251460425897], [-79.2149506034632, 43.7251309279986], [-79.2149298881686, 43.7251308763363], [-79.2149132774885, 43.7251368477348], [-79.214838356446, 43.7252027929404], [-79.2148093233173, 43.7252057359192], [-79.2147885955854, 43.7252056842003], [-79.2147679106478, 43.725196613344], [-79.2147555292186, 43.725187563206], [-79.2147431638706, 43.7251725092812], [-79.2147391039237, 43.7251544606681], [-79.214739203787, 43.725133416023], [-79.215247108549, 43.7246627205313], [-79.2152761413518, 43.7246597864414], [-79.215296854701, 43.7246628354486], [-79.2153217011073, 43.724665903747], [-79.2153464745143, 43.7246870103406], [-79.2153463748652, 43.7247080549884], [-79.2153421582164, 43.7247230675547], [-79.215128370954, 43.7249337309964], [-79.215197205149, 43.7249630215352], [-79.2152508742493, 43.724978745393], [-79.2153440123961, 43.7249841710954], [-79.2154443490502, 43.7249818195707], [-79.215548321789, 43.7249664792187], [-79.2156488427634, 43.7249251526112], [-79.2157387010443, 43.7248656078954], [-79.2158394059521, 43.7247853062142], [-79.2159726016564, 43.7246505106732], [-79.2160879727133, 43.7245000895562], [-79.2161673880067, 43.7243729552579], [-79.2162433387545, 43.7242224360819], [-79.2163012321058, 43.7241030433272], [-79.216341104817, 43.7240043986849], [-79.2163486463603, 43.7239238653046], [-79.2163670222381, 43.7238277686601], [-79.2163421837164, 43.723775742863], [-79.2162347362065, 43.7236336886286], [-79.2161739090377, 43.7237015599767], [-79.2161114133169, 43.7237705433012], [-79.2160781929396, 43.7237824864448], [-79.21604502935, 43.723782404063], [-79.2160201832284, 43.7237793449233], [-79.2159870764532, 43.723767237009], [-79.2159705372745, 43.7237581766693], [-79.2159623316065, 43.7237401177933], [-79.2159624167898, 43.7237220885209], [-79.2159708213099, 43.7236980580916], [-79.216004141077, 43.7236650703261], [-79.2161081905475, 43.7235751453733], [-79.2162580540365, 43.7234372314313], [-79.2163162761428, 43.7233952951458], [-79.2163172821493, 43.7233951536227], [-79.2164926764287, 43.7232227829704], [-79.2165272526651, 43.7232180170568], [-79.2165562170697, 43.7232188989974], [-79.2165751121281, 43.723231070523], [-79.2165917684089, 43.7232416072699], [-79.2166061734997, 43.7232610406603], [-79.2166061163454, 43.7232731651902], [-79.2166027081074, 43.7232852814115], [-79.2164277524936, 43.7234515144729], [-79.2164732379502, 43.7234626898335], [-79.2165634207572, 43.7234810960027], [-79.2166636835421, 43.7234886085829], [-79.2168143970025, 43.7234307890566], [-79.2168747779859, 43.7233836551179], [-79.21698561695, 43.7232748165689], [-79.2170814471259, 43.723158667759], [-79.2171270151749, 43.7230678590013], [-79.2171676591754, 43.7229552100293], [-79.2172181602872, 43.7228789594448], [-79.2172990665663, 43.7227373180099], [-79.2173446899834, 43.7226319542872], [-79.2174157429405, 43.7224502868762], [-79.2174462551622, 43.7223594317557], [-79.2174516453294, 43.7222794330354], [-79.2174469559201, 43.722210327905], [-79.2174221588113, 43.7221520735702], [-79.2173571679928, 43.7221082748567], [-79.2172665547289, 43.7221844263004], [-79.2171910224865, 43.7222497144811], [-79.2171358841885, 43.7222459415417], [-79.2171008242186, 43.7222349452673], [-79.2170808532754, 43.7222167133272], [-79.2170809388812, 43.7221985220277], [-79.2170860727915, 43.7221730792206], [-79.2171163115155, 43.7221404255429], [-79.2171968919831, 43.7220678858975], [-79.2175041060119, 43.721788589906], [-79.2176067474267, 43.7217013244462], [-79.2176475708334, 43.7216848630083], [-79.2176770492583, 43.7216897784918], [-79.2177096147946, 43.7217112548786], [-79.2177155068541, 43.7217278137154], [-79.2177199292928, 43.721745458073], [-79.2176941683912, 43.7217840727941], [-79.2180477053354, 43.7219317826992], [-79.2180865466885, 43.7218880604517], [-79.2181454943115, 43.7218257912031], [-79.2181694669448, 43.7218085229205], [-79.2182058208808, 43.7218082344989], [-79.2182405610187, 43.7218159621954], [-79.2182639910993, 43.7218376589378], [-79.2182733310966, 43.7218680071475], [-79.2182337812759, 43.7219119797471], [-79.2181854865953, 43.7219866250112], [-79.21844125921, 43.7220925068709], [-79.2186205898497, 43.7221695220446], [-79.2187656545706, 43.7222462456032], [-79.2188598095713, 43.7222112103585], [-79.2189745757963, 43.722177008821], [-79.2190477818264, 43.7221389785071], [-79.2191317890521, 43.7220948988488], [-79.2191929937617, 43.7220620506704], [-79.2192374351777, 43.7220309075254], [-79.219313092683, 43.7219781300247], [-79.2193964889258, 43.7219186115381], [-79.2194474758593, 43.7218890595967], [-79.2195182594842, 43.7218380612434], [-79.2196040498999, 43.7217521028254], [-79.219701035461, 43.721655397307], [-79.2197681203195, 43.7215990159838], [-79.2198351547556, 43.7215560913565], [-79.2199170577979, 43.7215078203803], [-79.220054887228, 43.7214112056311], [-79.2201518087932, 43.7213279744299], [-79.2201816713281, 43.7212930326989], [-79.2201966275968, 43.7212715203329], [-79.2202263271416, 43.7212715930312], [-79.2202597375783, 43.7212716748036], [-79.2202895246607, 43.7212555994675], [-79.2203118902493, 43.7212341052174], [-79.2203455009798, 43.7211937898703], [-79.2204050627832, 43.7211589297401], [-79.2204609011215, 43.7211267518447], [-79.2205130660939, 43.7210864818224], [-79.2205280347602, 43.7210595956996], [-79.2205467517618, 43.7210273269932], [-79.2205728404599, 43.7210058417936], [-79.2206324144508, 43.7209682902014], [-79.2206808933068, 43.7209226283476], [-79.2207368437376, 43.7208689106109], [-79.2207852474002, 43.720839405763], [-79.220804001817, 43.7207963626144], [-79.2208375744414, 43.7207641301443], [-79.2209083555206, 43.7207131399145], [-79.2209345689138, 43.7206647322111], [-79.2209644181312, 43.7206324906124], [-79.2211261067423, 43.7205178943024], [-79.2211801066298, 43.7204617682533], [-79.2212663446488, 43.7203720201333], [-79.2213444592553, 43.7203398871201], [-79.2214151645418, 43.7203050536239], [-79.2214599064599, 43.7202647740724], [-79.2215084090929, 43.7202137201733], [-79.2215792637736, 43.7201465724655], [-79.2216499687386, 43.7201117298207], [-79.2216873386397, 43.7200579663619], [-79.2217321798803, 43.7199961469615], [-79.221765863776, 43.7199369827557], [-79.221825710025, 43.719842876365], [-79.2218743987896, 43.719751443167], [-79.2219377562774, 43.719695051481], [-79.2220234654814, 43.7196279306255], [-79.2221129599825, 43.7195419702963], [-79.2222359506702, 43.7194399430612], [-79.2223252580076, 43.7193970710789], [-79.2223998340515, 43.7193272315183], [-79.2224856540647, 43.7192331878494], [-79.2225784894851, 43.7191356686575], [-79.2227994942959, 43.7189187256886], [-79.2229530234687, 43.7187712704162], [-79.2231988776262, 43.7184910090955], [-79.2233937384694, 43.718218013868], [-79.2235474682073, 43.7180262271101], [-79.2236606113783, 43.717797382892], [-79.2238659744693, 43.7174579109774], [-79.2240919840583, 43.717059350293], [-79.2241850047047, 43.7167713367227], [-79.2244006854067, 43.7164023285691], [-79.2245652175861, 43.7160775369143], [-79.2247508015487, 43.7156049861202], [-79.2249459839121, 43.7152580975859], [-79.2251006429351, 43.7149770094291], [-79.225229508925, 43.7147782835384], [-79.2253439077337, 43.7145706474961], [-79.22541642378, 43.7143845677475], [-79.2255069452135, 43.7141768741661], [-79.2255315650522, 43.7140166659276], [-79.2255858911929, 43.7138868542322], [-79.2256400985444, 43.7137830288497], [-79.2256706078017, 43.7136401531236], [-79.2257251037151, 43.7134756959237], [-79.2257856349153, 43.7132939077495], [-79.2258579776991, 43.7131424731022], [-79.2259242846434, 43.7130083603546], [-79.2259666318296, 43.7128871789413], [-79.2259669476405, 43.7128178700138], [-79.2259671917755, 43.7127615677314], [-79.2260084984359, 43.7126916729709], [-79.2259796391556, 43.712679695126], [-79.2258218111623, 43.7125938047052], [-79.22581896295, 43.712592501692], [-79.2256684727438, 43.712552112017], [-79.2255897013928, 43.7125731659066], [-79.2255530520965, 43.7125850225861], [-79.2255182935755, 43.7125822837535], [-79.2254744139921, 43.7125768676334], [-79.2254305765395, 43.7125595069281], [-79.2253995150481, 43.712548828829], [-79.2253666719148, 43.7125288391398], [-79.2253246832185, 43.7125088274644], [-79.2252735850369, 43.712478181396], [-79.2252480876711, 43.7124528985851], [-79.2252080566355, 43.71240369149], [-79.2252064322944, 43.7123572410914], [-79.2252102204121, 43.7123293642993], [-79.2252213298502, 43.7123015231096], [-79.2252397303737, 43.7122803333727], [-79.225261815566, 43.7122511863752], [-79.2253021918193, 43.7122220833322], [-79.2253480228614, 43.7122022826807], [-79.2254011389345, 43.7121904566251], [-79.2254597340325, 43.7121826312622], [-79.2255329715652, 43.7121721946596], [-79.2255914815673, 43.7121802922517], [-79.2256382341172, 43.712102633604], [-79.2257168118739, 43.7119769575808], [-79.2257830010046, 43.7118330872397], [-79.2257836042413, 43.7116980607939], [-79.2256754972964, 43.7115942869078], [-79.2255363476543, 43.7114949480143], [-79.2254088257239, 43.7113956278822], [-79.2252597037458, 43.7112737525401], [-79.2251034727231, 43.7111788636854], [-79.2250959378505, 43.7111685661248], [-79.2250704415303, 43.7111486210186], [-79.2250524911084, 43.7111311333994], [-79.2250417662447, 43.7111101706695], [-79.225027442329, 43.7110865889152], [-79.2250191447283, 43.7110612754119], [-79.2250192045657, 43.7110481877231], [-79.2250204879848, 43.7110307463676], [-79.225028941096, 43.7110220444812], [-79.2250314082159, 43.7110089715845], [-79.2250314800257, 43.7109932645575], [-79.22503156772, 43.710974083082], [-79.2250316275957, 43.7109609863917], [-79.2250341106791, 43.710944421044], [-79.2250426275586, 43.7109217673558], [-79.2250523281764, 43.7109034731244], [-79.22507165321, 43.71088083643], [-79.2250970088963, 43.7108582232375], [-79.2251320098002, 43.7108321407443], [-79.225162155742, 43.7108121494218], [-79.225202016045, 43.7107979962605], [-79.2252204227128, 43.7107807940943], [-79.2252540837126, 43.7107736469955], [-79.2252964392219, 43.7107728486688], [-79.2253375496988, 43.7107702380812], [-79.2254147988453, 43.710764095791], [-79.2254808303803, 43.7107579265083], [-79.2255244432292, 43.7107508032303], [-79.2255643705029, 43.7107355429482], [-79.2255893616167, 43.7107166282888], [-79.2256331351861, 43.7106769837986], [-79.2256819630582, 43.7106228773931], [-79.2257222156214, 43.7105335374554], [-79.2257571747835, 43.7104539151658], [-79.2262383821996, 43.7094856597366], [-79.2264738203058, 43.7089109976279], [-79.2264912862027, 43.7088685264519], [-79.2265051097211, 43.7088247863808], [-79.226493632373, 43.7087809947723], [-79.2264880384117, 43.7087259116525], [-79.2264745937347, 43.7086863459281], [-79.2264611747411, 43.7086411364705], [-79.2264400018555, 43.708587429263], [-79.2264148874143, 43.7085464134016], [-79.2263897348445, 43.7085110592384], [-79.2263664850085, 43.7084884194102], [-79.2263373459621, 43.7084756308637], [-79.226319876243, 43.7084671278484], [-79.2263024262724, 43.708451558885], [-79.2262674621692, 43.7084345257782], [-79.2262344007193, 43.7084302160047], [-79.226207164357, 43.708430150769], [-79.2261800603073, 43.7084310039727], [-79.226124582419, 43.7083981874682], [-79.2260722002271, 43.7083613457888], [-79.2260392160293, 43.7083400867622], [-79.2260354226715, 43.7083174934968], [-79.2260276881231, 43.7083047651724], [-79.2260140766407, 43.7083019061496], [-79.2259985487303, 43.7082948119368], [-79.2259810796202, 43.7082834734725], [-79.2259753189068, 43.7082651060832], [-79.2259714994394, 43.7082509739419], [-79.2259676289361, 43.7082453208697], [-79.2259443150561, 43.7082367947846], [-79.2259190792626, 43.708219793896], [-79.2259055321602, 43.7082028120297], [-79.2258900814864, 43.7081787776063], [-79.2258726574723, 43.7081575558443], [-79.2258708316135, 43.7081307276953], [-79.2258690958821, 43.7080841239826], [-79.2258461311752, 43.708042564071], [-79.2258373467986, 43.7080042786228], [-79.2258355402836, 43.707973210923], [-79.2258434485348, 43.7079478103173], [-79.2258591178685, 43.7079238505249], [-79.2258631753858, 43.7078857398965], [-79.2258712380598, 43.7078264498938], [-79.2258791273868, 43.7078024714396], [-79.2259026019574, 43.7077756949598], [-79.2259222248875, 43.7077418522473], [-79.2259302235634, 43.7076938676754], [-79.2259303329026, 43.7076698705627], [-79.2259346407972, 43.7075795171825], [-79.2259584650822, 43.7074650601949], [-79.2259828246556, 43.7074428134557], [-79.2259970933808, 43.7074293727648], [-79.2260069872536, 43.7074174968072], [-79.2260125206682, 43.7074040261739], [-79.2260148019999, 43.7073826266308], [-79.2260236581029, 43.7073588575112], [-79.2260346691701, 43.7073414304475], [-79.2260369252378, 43.7073255756233], [-79.2260402551412, 43.7073136929313], [-79.2260665489303, 43.7073026483849], [-79.2260895726309, 43.7072876264379], [-79.2261213367543, 43.7072742276543], [-79.226149807129, 43.7072647725268], [-79.2261705643317, 43.7072624459204], [-79.226205555243, 43.7072625297394], [-79.2262295985834, 43.7072633794393], [-79.2262448797359, 43.7072673855966], [-79.2262579498161, 43.7072800996826], [-79.2262709930346, 43.70729599115], [-79.2262873120076, 43.7073118904599], [-79.2262927226404, 43.7073253873131], [-79.2263056431741, 43.7073682462768], [-79.2263251348891, 43.7074095277478], [-79.2263424103201, 43.7074579419133], [-79.2263669879877, 43.7075459251203], [-79.2263820881203, 43.7076443000989], [-79.2264151176389, 43.7077974006781], [-79.2264319823894, 43.7079279683949], [-79.2265152061297, 43.7080451839963], [-79.2266817113632, 43.7080950802122], [-79.2268654008752, 43.7081180224545], [-79.2270518896794, 43.7081229595542], [-79.22723760916, 43.7081279035151], [-79.2274357982006, 43.70811936601], [-79.227516057703, 43.708108026743], [-79.2277137209889, 43.7080977412571], [-79.2277942502101, 43.7080953316924], [-79.2278658336818, 43.7080955021391], [-79.2279123054457, 43.7081059912274], [-79.2279444939029, 43.7081112615735], [-79.2279748544966, 43.708125609837], [-79.2280033865128, 43.7081464526548], [-79.2280265699197, 43.7081646813736], [-79.2280497357599, 43.7081867985924], [-79.2280621501098, 43.7082101954119], [-79.2280709615316, 43.7082400735708], [-79.2280708441731, 43.70826603294], [-79.2280689340725, 43.7082933022289], [-79.2280652137693, 43.7083257429385], [-79.2280597001111, 43.7083568831991], [-79.2280506363214, 43.7083828212832], [-79.2280344481027, 43.7084009563214], [-79.2280093075819, 43.7084203662375], [-79.2279537188763, 43.7084474987804], [-79.2278641370337, 43.7084732541884], [-79.2276870443819, 43.7085304585266], [-79.2276378502277, 43.7085429160853], [-79.2274847882756, 43.7086010504892], [-79.227326631297, 43.7086772020659], [-79.2272021308417, 43.7087714272791], [-79.2271043214111, 43.7088792089762], [-79.2270509398898, 43.7090186101107], [-79.2270053178325, 43.7091625303808], [-79.2269515431807, 43.7093064221533], [-79.2268915435052, 43.7094548086563], [-79.2268168430291, 43.7095941497264], [-79.2267467793267, 43.7097425120928], [-79.2267003494211, 43.7098864302914], [-79.2266449528885, 43.7100483205476], [-79.2266191111674, 43.7101289280562], [-79.2266256356207, 43.7101486114181], [-79.2266271634534, 43.7101673827034], [-79.2266254756958, 43.7101837969688], [-79.2266173052199, 43.7102013748948], [-79.2266107709622, 43.7102166074043], [-79.2265911558012, 43.7102622958994], [-79.2265681596129, 43.7103420100735], [-79.2265648853345, 43.710352560721], [-79.2265567575001, 43.7103607504282], [-79.2265567148587, 43.7103701296409], [-79.2265566775374, 43.7103783387022], [-79.2265550270759, 43.7103865439045], [-79.2265435289414, 43.7104264009877], [-79.2265222329126, 43.7104896829143], [-79.2264992632319, 43.7105635283124], [-79.22647796002, 43.710625640048], [-79.2264746733423, 43.7106361816613], [-79.2264649056194, 43.7106502362597], [-79.2264519329669, 43.7106595845291], [-79.2264243513663, 43.7106806354775], [-79.2264129865264, 43.7106911577544], [-79.2264209739456, 43.7107111236667], [-79.2264240579695, 43.7107451378125], [-79.2264217916623, 43.7107877893644], [-79.2264107903945, 43.7108084029246], [-79.226367060303, 43.7109613196821], [-79.2263264197673, 43.7111142528172], [-79.2263131191092, 43.7111929279925], [-79.226331174885, 43.711200982345], [-79.226338896966, 43.7112165460097], [-79.2263310012659, 43.7112391382719], [-79.2263328787371, 43.7112546879434], [-79.2263385754578, 43.7112872051331], [-79.226344336034, 43.7113084168924], [-79.226354012769, 43.7113225720375], [-79.2263654255816, 43.7113833578652], [-79.2263770124168, 43.7114031703721], [-79.2263807931105, 43.7114286169831], [-79.2263806516676, 43.7114597069965], [-79.2263980506072, 43.7114894167972], [-79.2264018248862, 43.7115162765895], [-79.2264132955984, 43.7115643527702], [-79.2264534304196, 43.711735436754], [-79.2264339482148, 43.7117353901286], [-79.2264338260821, 43.7117622405933], [-79.2264336264064, 43.7118088666393], [-79.2264334528487, 43.7118470225624], [-79.2264138806083, 43.7118667604861], [-79.2263981791312, 43.7118921514611], [-79.2263961344713, 43.7119133445325], [-79.2263901612105, 43.7119415941883], [-79.2264016962812, 43.7119755385438], [-79.2264133148954, 43.7119911205293], [-79.2264209599982, 43.7120236333729], [-79.2264207864311, 43.7120617892945], [-79.2264245414699, 43.7120928886303], [-79.2264436419289, 43.7121195960727], [-79.2264759031775, 43.7121502325508], [-79.2264874833242, 43.7121742846208], [-79.2264990184939, 43.7122082289653], [-79.2265164429274, 43.7122351214111], [-79.2265358289488, 43.7122563567554], [-79.2265649561332, 43.7122776244006], [-79.2265881812411, 43.712308770304], [-79.2266016198045, 43.7123526025721], [-79.2266093742222, 43.7123611003048], [-79.2266685807812, 43.712401675552], [-79.2267552037851, 43.7124222165007], [-79.2268797574041, 43.7124465385381], [-79.2270082136895, 43.7124722649556], [-79.2271308312653, 43.7124994084904], [-79.2272495720959, 43.7125194766554], [-79.2273352376621, 43.7125295734199], [-79.2274500949769, 43.7125467967162], [-79.2275883125178, 43.7125654887694], [-79.2277513682221, 43.7125936101274], [-79.227855479578, 43.7126052806485], [-79.2281694216822, 43.7126497287853], [-79.2282755418072, 43.7126617817536], [-79.2283709741824, 43.712669074564], [-79.228450833685, 43.7126706775097], [-79.2285540658278, 43.7126737491041], [-79.2286417754317, 43.7126654691743], [-79.2287842508451, 43.7126564640168], [-79.2288241664292, 43.7126549024884], [-79.229029028187, 43.7126283755448], [-79.2291033155364, 43.7126217826813], [-79.2292195148125, 43.7126029393381], [-79.2292887775661, 43.7125905556431], [-79.2293609481266, 43.7125745152789], [-79.2294353013807, 43.7125532503045], [-79.2295039108762, 43.712528821249], [-79.2295485503609, 43.7125060636816], [-79.2295918149242, 43.712485499151], [-79.2296200559213, 43.712464007943], [-79.2296827964753, 43.7124255859424], [-79.2297518195402, 43.7123781054923], [-79.2298067705739, 43.7123305737348], [-79.2298350645888, 43.7123000093296], [-79.2299371229056, 43.7122106339725], [-79.2299889515474, 43.7121619785926], [-79.2300407954587, 43.7121099027464], [-79.2300722344818, 43.7120725407571], [-79.2301178749056, 43.7120091176401], [-79.2301508824633, 43.7119706251733], [-79.2302247196435, 43.7118981953064], [-79.2303045029884, 43.7118086410226], [-79.2303171333147, 43.7117897681775], [-79.2304200931056, 43.7116594927835], [-79.2305187636251, 43.7115336988102], [-79.2305414503102, 43.711488763996], [-79.2305725606767, 43.7114055126659], [-79.2305853128347, 43.7113510941003], [-79.2305918442072, 43.7112864444404], [-79.2305888645206, 43.7112535378107], [-79.2305719808358, 43.7111831531646], [-79.2305550949029, 43.7111105091934], [-79.2305288860584, 43.7110276268095], [-79.23050410635, 43.7109719856034], [-79.2304390362106, 43.7108356970978], [-79.2303824389104, 43.7107332462763], [-79.2303754231082, 43.7107232293262], [-79.2302916777505, 43.7106285185105], [-79.2302279804728, 43.7105653593649], [-79.2302033545333, 43.7105419339672], [-79.2301625520042, 43.7105036452995], [-79.2301470375524, 43.7104877844557], [-79.2301190799502, 43.7104684917544], [-79.2301019969223, 43.7104537613598], [-79.2300973898606, 43.7104379172621], [-79.2300974507325, 43.7104243525045], [-79.2301068576848, 43.7104130691317], [-79.2301146960386, 43.7104029162134], [-79.2301145970512, 43.7104028529708], [-79.2300085869974, 43.7103366773788], [-79.2300004547398, 43.7103431930858], [-79.2299873655641, 43.7103509932648], [-79.2299675223763, 43.710356824213], [-79.2299436324309, 43.7103629786436], [-79.2299166185429, 43.7103629148172], [-79.2298863175472, 43.7103570464041], [-79.2298050011666, 43.7103323797849], [-79.2297537113289, 43.7103249585101], [-79.2296863141967, 43.710320424532], [-79.2296239419608, 43.7103188098079], [-79.2295706287856, 43.710314309075], [-79.2295705598627, 43.7103296380609], [-79.2294941011063, 43.7103258026315], [-79.2293895014327, 43.7103131513055], [-79.2293281211575, 43.7103144641784], [-79.2292757080208, 43.7103333147125], [-79.229201925286, 43.7104076073765], [-79.2291778769636, 43.7104626921302], [-79.2291511763762, 43.7105060239473], [-79.2291449360873, 43.7105498002977], [-79.229127465221, 43.7106322554584], [-79.2291293571201, 43.7106585346235], [-79.2291378639248, 43.7106983853632], [-79.229145456095, 43.7107153887338], [-79.2291526306813, 43.7107397001383], [-79.2291525450316, 43.7107587196002], [-79.2291609859402, 43.7108242327767], [-79.2291779848717, 43.7109320181473], [-79.2291977685564, 43.7110662378124], [-79.2292117754119, 43.711190920452], [-79.2292286441777, 43.7113304169398], [-79.2292304442969, 43.7114101723693], [-79.229231426373, 43.7115200350745], [-79.2292293438314, 43.7116573623627], [-79.2292026433988, 43.7116867692343], [-79.2291847099751, 43.7117175650625], [-79.2291706525928, 43.7117363623913], [-79.22912598052, 43.7117526748352], [-79.2290699864172, 43.7117728129652], [-79.2290606672146, 43.7117727908759], [-79.2290533502093, 43.7117718103972], [-79.2289961638062, 43.7117591180711], [-79.2289443052111, 43.7117454842171], [-79.2289144043337, 43.711730552228], [-79.228877321474, 43.7117149731079], [-79.2288091940755, 43.7117234527027], [-79.2287308248339, 43.7117356254714], [-79.2286882630756, 43.7117379908001], [-79.2285843975142, 43.7117463944287], [-79.2284106808388, 43.7117657395706], [-79.2282523103048, 43.7117777128969], [-79.2282080471942, 43.7117776076568], [-79.2281433866857, 43.711771279025], [-79.2280957457992, 43.7117662330176], [-79.2279256300692, 43.7117411377685], [-79.2276721867806, 43.7116941327318], [-79.2276298702481, 43.7116889281913], [-79.2274818659058, 43.7116615716438], [-79.227456692242, 43.7116550937251], [-79.2273609942899, 43.7116383301918], [-79.2273248128564, 43.711626569252], [-79.2272765963563, 43.7116089377689], [-79.2272293982826, 43.7115883832862], [-79.2272005334246, 43.7115175104909], [-79.2271866246927, 43.7114787898803], [-79.2271797021833, 43.7114510404759], [-79.2271767629492, 43.7114342461106], [-79.2271839809879, 43.7113941087175], [-79.2271952087415, 43.7113590936092], [-79.227202353022, 43.7113379486973], [-79.227221591958, 43.7113095236252], [-79.2272459086299, 43.7112723524401], [-79.2272823256236, 43.7112293773037], [-79.2273055874746, 43.7112031491213], [-79.2273815846707, 43.7112022592518], [-79.227595244428, 43.7112021835539], [-79.2276209193696, 43.7111938375612], [-79.227659024964, 43.7111807235087], [-79.2277327270977, 43.7111605022313], [-79.2278097381036, 43.7111384885335], [-79.2278760099198, 43.7111176463851], [-79.2279049909346, 43.7111081200328], [-79.2279257145944, 43.7110997711863], [-79.2279464231523, 43.7110920163833], [-79.2280383588309, 43.7110652313791], [-79.2280385379188, 43.7110256262582], [-79.228045466097, 43.710989079621], [-79.228042128927, 43.7109614468118], [-79.2281265322447, 43.7109538435037], [-79.2281505267624, 43.7109521003201], [-79.2281736790213, 43.7109527584652], [-79.2282125588332, 43.7109522388327], [-79.2282275443896, 43.7109312745221], [-79.2282243505139, 43.7109048662301], [-79.2281722157747, 43.7109113491855], [-79.2281325115914, 43.7109130640113], [-79.2280833924031, 43.7109140183231], [-79.2280400178328, 43.7109151393033], [-79.2280356018141, 43.7108955780577], [-79.2280342454788, 43.7108662217187], [-79.2280313505569, 43.7108423254842], [-79.2280314954226, 43.7108075449563], [-79.2280332474571, 43.7107521373618], [-79.2280282197297, 43.7107059489293], [-79.2280240691161, 43.7106277000906], [-79.2280275191708, 43.7105288294432], [-79.2280338074239, 43.7104636482679], [-79.2280550190051, 43.7104104562724], [-79.2280837988604, 43.7103355532309], [-79.2281201203568, 43.7102530530521], [-79.2281609042175, 43.710177089388], [-79.2282016708933, 43.7101076515825], [-79.2282438798254, 43.7100458052547], [-79.2282913007668, 43.709983872286], [-79.2283003925114, 43.7099682587046], [-79.2282421000853, 43.709939865167], [-79.2282063141511, 43.7099039280524], [-79.2281287048847, 43.709841805799], [-79.2280256627056, 43.7097731060663], [-79.2279793229037, 43.7097523559014], [-79.2279285081247, 43.7097223687718], [-79.2278695505361, 43.7096820107817], [-79.2278262603562, 43.7096482249849], [-79.227811381485, 43.7096264605068], [-79.2277995399296, 43.7095970971926], [-79.2277951709552, 43.7095699209768], [-79.2277953184605, 43.7095373277547], [-79.2277999579561, 43.7095047272271], [-79.2278256317765, 43.7094580718072], [-79.2278527971785, 43.7094135892368], [-79.2278995053166, 43.7093528518947], [-79.2279311009586, 43.7093192443759], [-79.2279656774821, 43.7092932410088], [-79.2280001923955, 43.7092781110106], [-79.2280452049157, 43.7092630059786], [-79.2280781666407, 43.709256567482], [-79.2281096222843, 43.7092566423083], [-79.2281335733661, 43.7092588685815], [-79.2281605174712, 43.7092632802734], [-79.228206747552, 43.7092752898789], [-79.2282689673214, 43.7092966717885], [-79.2283616512951, 43.7093371007279], [-79.2284453761801, 43.7093720625437], [-79.2285246115589, 43.7094037551782], [-79.2285904082091, 43.7094299880871], [-79.2286845767628, 43.7094715004404], [-79.2287820234888, 43.7095070346543], [-79.2288170985584, 43.7095300260884], [-79.2288613013934, 43.7095541463192], [-79.228906029152, 43.709580194048], [-79.2289465269189, 43.7096004349152], [-79.2290349328724, 43.7096486662582], [-79.22904620748, 43.7096387465892], [-79.2290861473042, 43.7096065627289], [-79.2291419827149, 43.7096432581812], [-79.2291577115051, 43.7096307026845], [-79.2291700076457, 43.7096364206175], [-79.2292025939905, 43.7096141566874], [-79.2292109653629, 43.7096206754315], [-79.2292390634546, 43.7095975817432], [-79.2292885186599, 43.7095603256364], [-79.2293436413674, 43.7095072407048], [-79.229377380962, 43.7094768423131], [-79.2293773900743, 43.7094748170505], [-79.2294129672775, 43.7094441619622], [-79.2294298359728, 43.7094264424009], [-79.2294453699959, 43.7094130222818], [-79.2294914227679, 43.7093734897141], [-79.2295183251464, 43.7093541016469], [-79.229532778158, 43.7093492751642], [-79.2295586472432, 43.7093306317473], [-79.22959178112, 43.70929967378], [-79.2296212029743, 43.7092718754672], [-79.2296293448238, 43.7092576817307], [-79.2296309530626, 43.7092449667493], [-79.2296320552745, 43.7092288840985], [-79.2296300660623, 43.7092131721883], [-79.2296336937358, 43.7092094452446], [-79.2296399000892, 43.7092034740841], [-79.2296373678694, 43.709192621572], [-79.2296353483929, 43.7091836425355], [-79.2296307361701, 43.709177276734], [-79.2296261828198, 43.7091578142329], [-79.2296185279775, 43.7091409637629], [-79.2296083005451, 43.7091222439452], [-79.2295944589249, 43.7091042536803], [-79.2295749600219, 43.7090832706113], [-79.2295559415833, 43.7090630627844], [-79.2295209101809, 43.7090358770895], [-79.2295120859311, 43.7090224623277], [-79.2295018419607, 43.7090184685287], [-79.2294595827583, 43.7089871071262], [-79.2294350557932, 43.708966715217], [-79.229407803475, 43.7089453177104], [-79.2293812100562, 43.7089264061061], [-79.229347825493, 43.7089000343701], [-79.2293273701164, 43.7088875821919], [-79.2293144151425, 43.7088766419817], [-79.2292925792131, 43.7088676610158], [-79.2292809882194, 43.7088596944493], [-79.2292332201129, 43.7088337836823], [-79.2291929819635, 43.7088138495721], [-79.2291547373965, 43.7088003650767], [-79.2291340505327, 43.7088007571192], [-79.229087717921, 43.708795021526], [-79.2290616267813, 43.7088051311133], [-79.2290284692246, 43.7088275736776], [-79.2289942894828, 43.7088565577277], [-79.2288938303918, 43.7089224427904], [-79.2287923627467, 43.7089890454721], [-79.2286921199038, 43.7090426531451], [-79.2286637762704, 43.7090486707209], [-79.2286401619743, 43.7090543214641], [-79.2286122496629, 43.7090609971433], [-79.2285879226909, 43.709065088965], [-79.228561443664, 43.7090676184524], [-79.2285471514288, 43.7090670624385], [-79.2285285611406, 43.7090675403617], [-79.2285071209028, 43.7090643750023], [-79.2284964116615, 43.7090617572015], [-79.2284849921144, 43.7090570584206], [-79.2284785708362, 43.7090528935849], [-79.2284707366008, 43.7090456199564], [-79.2284628977348, 43.7090393724604], [-79.2284565076019, 43.7090310581148], [-79.2284515273654, 43.7090237822637], [-79.2284472761691, 43.7090144378536], [-79.2284466157, 43.7090040668285], [-79.228446674259, 43.7089910961464], [-79.2284488911888, 43.7089755382278], [-79.2284532329884, 43.708962064649], [-79.2284554288251, 43.7089511783361], [-79.2284612310941, 43.7089330365705], [-79.228471309608, 43.7089159401081], [-79.2284806667748, 43.7089019563687], [-79.2284900098789, 43.7088910870324], [-79.2284950626751, 43.7088822867967], [-79.2285001054585, 43.7088729554625], [-79.2284987300043, 43.7088615385925], [-79.2284944788526, 43.7088521851828], [-79.2284866563432, 43.7088423192189], [-79.2284724110129, 43.7088313848495], [-79.228455838371, 43.7088164843933], [-79.2284419209957, 43.7088043716335], [-79.2284366586906, 43.7087991113945], [-79.2284347297061, 43.7087948672162], [-79.2284347506759, 43.7087902226137], [-79.2284347661595, 43.7087867931688], [-79.2284364586113, 43.7087829626511], [-79.2284386979689, 43.7087789264037], [-79.2284437291843, 43.7087749057902], [-79.228449023388, 43.7087731001123], [-79.2284562647815, 43.708771506089], [-79.2284637755438, 43.7087707138176], [-79.2284715653204, 43.708771335407], [-79.2284762874499, 43.7087725617949], [-79.2284846319498, 43.7087739948149], [-79.2284954623391, 43.7087772519944], [-79.2285121467912, 43.7087811261619], [-79.2285260402806, 43.7087847866693], [-79.2285286698545, 43.7087850179461], [-79.2285332716392, 43.7087854159295], [-79.228543561893, 43.708784630254], [-79.2285529126392, 43.7087830592365], [-79.2285725044088, 43.708786112183], [-79.2286075038488, 43.7087845030495], [-79.2286440874376, 43.7087755616357], [-79.2286653559417, 43.7087700133381], [-79.2286869102015, 43.7087643847035], [-79.228735972511, 43.7087481368486], [-79.2287842657666, 43.7087290697521], [-79.2288333381661, 43.7087105715631], [-79.2288847687168, 43.7086864441547], [-79.2289315187383, 43.7086628637019], [-79.2289814211129, 43.7086336379101], [-79.229039885764, 43.7085988066033], [-79.2290952758999, 43.7085605835042], [-79.2291320693335, 43.7085297963618], [-79.2291856778234, 43.708495907606], [-79.229217067134, 43.708469284219], [-79.2292484748622, 43.7084413196785], [-79.2292789672995, 43.708412695869], [-79.2293113232039, 43.7083780636192], [-79.2293298268707, 43.7083554242492], [-79.2293483545816, 43.7083274381816], [-79.2293715029907, 43.7082901197379], [-79.2293934174388, 43.70825402254], [-79.2294577488742, 43.7081230353881], [-79.2294967870404, 43.7080372287033], [-79.2295139557137, 43.7079803003224], [-79.2295250978638, 43.7079224845555], [-79.2295411771705, 43.7078401340172], [-79.2295462201539, 43.7077893068001], [-79.2295414524798, 43.7077761446699], [-79.229530621658, 43.7077647324411], [-79.2295149758987, 43.7077506714466], [-79.229505369615, 43.7077401262345], [-79.2295053853608, 43.7077366247793], [-79.2295054287123, 43.7077269845261], [-79.2295102791498, 43.7077217392649], [-79.2295223923627, 43.7077156290654], [-79.2295308581058, 43.707712147605], [-79.2295574365148, 43.707712210492], [-79.2295879863605, 43.7077203839075], [-79.2296545936822, 43.7077343494036], [-79.2296968415175, 43.7077432165503], [-79.2297282316067, 43.707749420638], [-79.2297475557409, 43.7077512215748], [-79.2297692949583, 43.7077512729711], [-79.2297873958445, 43.7077574456244], [-79.2297957985819, 43.7077679879677], [-79.2297981748827, 43.7077776339408], [-79.2298065467701, 43.7077978075648], [-79.2298124787634, 43.7078197306677], [-79.229824693116, 43.7078546394436], [-79.229819164568, 43.7079141697486], [-79.2298174143514, 43.7079446979047], [-79.2298038574111, 43.7080843654999], [-79.2297836104069, 43.7082686365463], [-79.2298110722601, 43.7082792599467], [-79.2298238717598, 43.7083109926565], [-79.2298007395057, 43.7084165948257], [-79.2298168039758, 43.7084424664287], [-79.2299105837019, 43.7084626438623], [-79.2298975291968, 43.7084849181494], [-79.2300673073329, 43.7085170126628], [-79.2302411219623, 43.7085538511154], [-79.230246697828, 43.7085556285221], [-79.2302976089409, 43.7085669372304], [-79.2303385846973, 43.7085773853598], [-79.2303760050667, 43.708586528906], [-79.2304107336134, 43.7085982584555], [-79.2304565405514, 43.7086160719701], [-79.2304868455257, 43.7086291772597], [-79.230524230354, 43.7086434964006], [-79.2305776695854, 43.7086610938267], [-79.2306364329005, 43.7086812871372], [-79.2307253061747, 43.708713829078], [-79.2307527690847, 43.708721526843], [-79.2307752302354, 43.7087294738574], [-79.23079866767, 43.7087383142919], [-79.2308269279649, 43.7087480662053], [-79.2308970561053, 43.7087769363587], [-79.2309243815668, 43.7087848587905], [-79.2309448922077, 43.708787796477], [-79.2309602712704, 43.7087894889084], [-79.2309853468849, 43.7087899619845], [-79.2310053033672, 43.7087891808338], [-79.2310315464401, 43.7087838688341], [-79.2310549448234, 43.7087764798445], [-79.2310794866288, 43.708768679482], [-79.2311063244974, 43.7087579951097], [-79.231131598596, 43.7087445976721], [-79.2311459820389, 43.7087330648793], [-79.2311681437169, 43.7087164106565], [-79.2311866508103, 43.7086984246489], [-79.231195899657, 43.7086890940855], [-79.2312033234994, 43.7086744214798], [-79.2312107747097, 43.7086564004676], [-79.2312256945125, 43.7086136885453], [-79.2312415748067, 43.7085642909394], [-79.2312564676998, 43.708527591794], [-79.2312685159308, 43.7085082493984], [-79.2312870289215, 43.7084889221993], [-79.2312999620775, 43.708474253537], [-79.231325818298, 43.7084582830625], [-79.2313525777692, 43.7084456631755], [-79.2313756311199, 43.7084376972279], [-79.2314023578129, 43.708432413283], [-79.2314253872382, 43.7084298030217], [-79.2314447284419, 43.7084278411828], [-79.2314686795704, 43.7084272313591], [-79.2314917000707, 43.7084266193443], [-79.2315220911826, 43.7084260156358], [-79.2315616649251, 43.7084281158615], [-79.231588355809, 43.7084308519161], [-79.231619629317, 43.7084382793821], [-79.2316659292539, 43.7084485505101], [-79.2317166612511, 43.7084638907328], [-79.2317423977244, 43.7084719622614], [-79.2318005349311, 43.7084433846517], [-79.2318701817147, 43.7085190236522], [-79.231843897286, 43.7086338541351], [-79.2318364492777, 43.7086512001014], [-79.2317876832243, 43.7086457389326], [-79.2317688387316, 43.7087088205812], [-79.2317670972816, 43.7087236865836], [-79.2317286084997, 43.7088316114298], [-79.2317048426057, 43.7089241876591], [-79.231668012905, 43.7090161931393], [-79.2316526409464, 43.7090601732331], [-79.2316271465899, 43.7091090262463], [-79.2315863674336, 43.7091822997958], [-79.2315489727066, 43.7092506935922], [-79.2315132927795, 43.7093129705442], [-79.2314759921932, 43.7093630199614], [-79.2314387188742, 43.7094069485709], [-79.2313590859839, 43.7094972511437], [-79.2312981512223, 43.7095545809826], [-79.2312339012924, 43.7095984551066], [-79.231161258645, 43.7096349644245], [-79.2310878724239, 43.7096601393566], [-79.2309869138452, 43.709685321364], [-79.2309131674273, 43.7097049955644], [-79.2308288869985, 43.709729973659], [-79.2307393203372, 43.7097549572416], [-79.230640270881, 43.7097860212641], [-79.2305496446744, 43.7098148097351], [-79.2304600628314, 43.7098458959187], [-79.2303296415025, 43.7098885063195], [-79.2302745943588, 43.7099193227781], [-79.23025462609, 43.7099337136821], [-79.2302329680394, 43.7099541224391], [-79.2302188178348, 43.7099661147293], [-79.2302104855904, 43.7099757354153], [-79.2301988062934, 43.7099901458734], [-79.2301821565152, 43.7100033384282], [-79.2301696474501, 43.7100201502615], [-79.2301579573524, 43.7100369640267], [-79.2301470823966, 43.7100573982226], [-79.2301403913691, 43.7100718204508], [-79.2301386719405, 43.7100844451623], [-79.2301378097927, 43.7100940654762], [-79.2301377530904, 43.7101067031145], [-79.230137648924, 43.7101271537363], [-79.230135331461, 43.7101541430502], [-79.2301289177916, 43.710184183122], [-79.2301210490156, 43.7102011229214], [-79.2301069358615, 43.7102214324508], [-79.2300928327962, 43.7102394916868], [-79.2300848345679, 43.7102520925696], [-79.2300749622777, 43.7102592342616], [-79.230168851298, 43.7103165509423], [-79.2301692617966, 43.7103163268798], [-79.2301969785259, 43.7103007841174], [-79.2302219736464, 43.7102861440522], [-79.2302407091226, 43.7102782761603], [-79.2302672018058, 43.7102783386802], [-79.230288988233, 43.7102874363574], [-79.2303076527461, 43.7102953925056], [-79.2303433901349, 43.7103203473063], [-79.2303961981695, 43.7103600414211], [-79.2304490062334, 43.7103997445126], [-79.230487822893, 43.7104326186382], [-79.2305390951854, 43.7104689245908], [-79.2305841765965, 43.7104939013427], [-79.2306355047513, 43.7105177586386], [-79.2306821800986, 43.7105359611578], [-79.2307366482462, 43.7105541730142], [-79.2307849051328, 43.7105655922658], [-79.2308425205408, 43.7105793018522], [-79.2308923662708, 43.7105850720074], [-79.2309748986685, 43.7105988311853], [-79.2310450131008, 43.7106035148173], [-79.2311341351694, 43.7106032924238], [-79.231164173121, 43.7106014368049], [-79.2311939226544, 43.7105947018162], [-79.2312314823945, 43.7105868510255], [-79.2312816031958, 43.71056994748], [-79.2313176219408, 43.7105598247203], [-79.2313849919539, 43.7105316200843], [-79.2314617756195, 43.7104989008888], [-79.2315369754045, 43.7104707235586], [-79.2315902584678, 43.7104458881916], [-79.2316327718711, 43.7104179760872], [-79.2317752273993, 43.7103453552325], [-79.231841086316, 43.7103080735086], [-79.2318677619828, 43.7102865780643], [-79.2319430472823, 43.7102391109618], [-79.232034028104, 43.7101780706973], [-79.23215948151, 43.7101000897548], [-79.2322833683188, 43.7100255164827], [-79.2323696198482, 43.7099618815095], [-79.2324206278552, 43.7099322427534], [-79.2324802498064, 43.7098881411032], [-79.232530495764, 43.7098428833233], [-79.232580751771, 43.709795348225], [-79.232620027942, 43.7097557355359], [-79.2326797151006, 43.7096968898641], [-79.2327456890736, 43.7096278424262], [-79.2328242661568, 43.7095429371792], [-79.2329264060337, 43.7094331354319], [-79.2329908636059, 43.7093561451917], [-79.2329983355952, 43.7093501137965], [-79.2330236649682, 43.7093326114949], [-79.2330387957091, 43.7093120159381], [-79.2330564561214, 43.709289004947], [-79.2330774937103, 43.7092599439891], [-79.2330943281125, 43.7092357158924], [-79.2331011024689, 43.7092163159848], [-79.2331044995573, 43.709202984044], [-79.2331045561138, 43.7091902383866], [-79.233101290913, 43.7091738484624], [-79.2330946700205, 43.7091586658731], [-79.2330838782452, 43.7091410432026], [-79.2330579121223, 43.7091482645879], [-79.2330462943422, 43.7091294338154], [-79.2330412786247, 43.709130025186], [-79.2329848062642, 43.709040717759], [-79.233059591771, 43.7089515368848], [-79.2330914862161, 43.7089142111122], [-79.2331145702544, 43.7088853349493], [-79.233131591901, 43.7088608282436], [-79.2331632791751, 43.708803051094], [-79.233168148868, 43.7087934131064], [-79.233181687232, 43.708737330827], [-79.2331937537326, 43.7086633866009], [-79.233199082079, 43.7086286721591], [-79.2332244300578, 43.708634870184], [-79.2332699032195, 43.7085126851219], [-79.2333335094792, 43.7083475072957], [-79.2332303839786, 43.7083220091134], [-79.2332433753659, 43.7082857013251], [-79.2332314221068, 43.7082837831631], [-79.2331622041615, 43.7082677883733], [-79.2332140912043, 43.7081402625453], [-79.2332461609464, 43.7080520979855], [-79.2332670976907, 43.708009282817], [-79.2333181935463, 43.7078837893757], [-79.2333541830477, 43.7077874517758], [-79.2333971175615, 43.7076779165029], [-79.2334367253041, 43.7075882482497], [-79.2333535223225, 43.7075446230769], [-79.2330911351061, 43.7074106029177], [-79.2327242628704, 43.7072142921548], [-79.2324683486106, 43.7070678909494], [-79.2321292289545, 43.7068763058741], [-79.231815726899, 43.7067002890781], [-79.2316907463756, 43.7066765294737], [-79.2316380887933, 43.7066676116194], [-79.2315955517816, 43.706659698644], [-79.2315007267893, 43.7066434716882], [-79.2314561358624, 43.7066370390454], [-79.2314618296424, 43.7066262689033], [-79.2314637165106, 43.7066233029177], [-79.2314197070102, 43.7066172676825], [-79.231360552033, 43.7066240416455], [-79.2313080756667, 43.7066329105701], [-79.2312403404994, 43.706641059498], [-79.2311783563957, 43.7066450633256], [-79.2311630945528, 43.7066450274318], [-79.2311250018009, 43.7066338752762], [-79.2311031139634, 43.7066255246193], [-79.231087867632, 43.7066247956545], [-79.2310831091034, 43.7066206348751], [-79.2310766037531, 43.7065853346006], [-79.2310756916371, 43.7065756470905], [-79.2310672197181, 43.706550036554], [-79.2310634568673, 43.7065396492389], [-79.231060655536, 43.7065251236029], [-79.2310550127671, 43.7065078188906], [-79.2310531824001, 43.7064925934399], [-79.2310522671904, 43.7064835990198], [-79.2310523073945, 43.7064746068477], [-79.2310618954678, 43.7064614875558], [-79.2310638464966, 43.7064524998795], [-79.2310754041815, 43.7064262343678], [-79.2310773644625, 43.7064151764213], [-79.2310703431963, 43.7064120184597], [-79.2310295396203, 43.70638833913], [-79.2309658263957, 43.7063573148394], [-79.2308808525126, 43.7063220188644], [-79.2307611248516, 43.7062726169948], [-79.230662626871, 43.7062316812109], [-79.2305428934921, 43.7061808658995], [-79.2304193014201, 43.7061300503631], [-79.2302802684457, 43.7060721682678], [-79.2301373646341, 43.7060114774698], [-79.2299288006121, 43.7059225744198], [-79.2298167983503, 43.7058745850074], [-79.2298012942354, 43.705881569349], [-79.2295911997021, 43.7059208131286], [-79.2295473848383, 43.7059820351125], [-79.2295126378256, 43.7059665067166], [-79.229508747631, 43.7059707101047], [-79.229477575355, 43.7060183700623], [-79.2294192030558, 43.7060912141851], [-79.2293627156673, 43.7061753053243], [-79.229296518157, 43.7062691938223], [-79.2291330763683, 43.7064737475052], [-79.2290163198095, 43.7066299398072], [-79.2289458269564, 43.7067158067832], [-79.228862209034, 43.7068202842065], [-79.2287638325256, 43.706945123418], [-79.2286605312367, 43.7070805903492], [-79.2286334701388, 43.7071353258206], [-79.2286133883542, 43.7071777461204], [-79.2286133103419, 43.7071950373686], [-79.228616638998, 43.7072135698785], [-79.2286216885819, 43.7072246984315], [-79.2286301058543, 43.7072457093691], [-79.2286419130749, 43.7072716700491], [-79.2286503136317, 43.7072963894672], [-79.2286552796247, 43.707326051428], [-79.2286619134455, 43.7073655827356], [-79.2286550177678, 43.7073840999741], [-79.2286396157351, 43.7074013458422], [-79.2286174028139, 43.7074210598875], [-79.228578175808, 43.7074357828325], [-79.2285458165975, 43.7074381723365], [-79.2285169086297, 43.7074319288128], [-79.22847776517, 43.7074281363168], [-79.2284437338774, 43.7074243559526], [-79.2283927343573, 43.7074081855227], [-79.2283621878813, 43.7073883461541], [-79.2283316568644, 43.7073623409464], [-79.2283010564742, 43.7073379647949], [-79.228244162224, 43.7073219963172], [-79.2281914530491, 43.7073107544266], [-79.2281489098601, 43.7073069537336], [-79.228099537888, 43.7073068363017], [-79.2280450661724, 43.7073067067152], [-79.2280144013091, 43.7073103422749], [-79.2279939104786, 43.7073251186017], [-79.2279649244239, 43.7073361661854], [-79.2279359147953, 43.7073496800526], [-79.2278950101084, 43.7073594570748], [-79.2278541221458, 43.7073655346017], [-79.2278183519123, 43.7073703911269], [-79.2277468225909, 43.7073776378232], [-79.2277059289782, 43.7073849574583], [-79.2276820537995, 43.7073935417968], [-79.2276633298964, 43.7073934971878], [-79.2276343940833, 43.7073934282432], [-79.2276156857335, 43.7073872087947], [-79.2275935955469, 43.7073797481101], [-79.2275698322182, 43.7073636332166], [-79.2275467932209, 43.7073382757439], [-79.2275326417445, 43.7073067375793], [-79.2275276358878, 43.7072832593448], [-79.2275396595686, 43.7072585885299], [-79.2275619187009, 43.7072314757625], [-79.2275807320323, 43.7072117628209], [-79.2275995733547, 43.7071858660726], [-79.2276269334452, 43.707161222794], [-79.2276662151726, 43.70713168422], [-79.2277225108458, 43.7071071188555], [-79.2277770718338, 43.7070874820262], [-79.227857197773, 43.7070642065192], [-79.2279185315889, 43.7070532359646], [-79.2279883425719, 43.7070472272461], [-79.2280292023861, 43.707047324473], [-79.2280649556456, 43.7070461763631], [-79.2281416134249, 43.7070352331427], [-79.2281739780472, 43.7070316015908], [-79.228233678804, 43.707005810898], [-79.2282796885244, 43.7069948037146], [-79.2283376391308, 43.7069801163704], [-79.2284041518341, 43.7069543327764], [-79.2284376865834, 43.7069196225546], [-79.2284587757321, 43.706876700606], [-79.2284891060758, 43.7068206677552], [-79.2285324425506, 43.7067365998335], [-79.2285627570961, 43.7066867868001], [-79.2286190257826, 43.7065965206753], [-79.2287228655798, 43.7064377777692], [-79.2288743038694, 43.7062043201321], [-79.2289651505149, 43.7060704976912], [-79.229025640992, 43.7059958135615], [-79.2290904524866, 43.7059149107619], [-79.2291466214136, 43.7058464632042], [-79.2291555147576, 43.7057810270494], [-79.2291945564863, 43.7056969396832], [-79.2292163134121, 43.7056377628752], [-79.2292381123894, 43.7055692338432], [-79.229238280808, 43.7055318159653], [-79.2292127078716, 43.7054850117941], [-79.22919147028, 43.7054288385652], [-79.2291555346394, 43.7053439434595], [-79.2291463516867, 43.7053193932403], [-79.2291118540813, 43.7052292987928], [-79.2291009290714, 43.7052141237642], [-79.2290775016192, 43.7051758758513], [-79.2290470151084, 43.7051291500068], [-79.229028114423, 43.7051079072115], [-79.2289960043143, 43.7050993518904], [-79.2289800195009, 43.7050781069989], [-79.2289552843722, 43.7050547350591], [-79.2289219013615, 43.7050037537124], [-79.228904526966, 43.7049687335711], [-79.2288915201635, 43.7049337057834], [-79.2288873361576, 43.7048902287252], [-79.2288860201636, 43.7048573619655], [-79.2288964093474, 43.7048234608181], [-79.2289111497713, 43.7047959248861], [-79.2289244069389, 43.7047726340343], [-79.2289420296653, 43.7047525309817], [-79.2289640160004, 43.7047388021716], [-79.2289918654467, 43.7047208386585], [-79.2290211713093, 43.7047018254425], [-79.2290606972062, 43.7046891913413], [-79.2291045685863, 43.7046786918248], [-79.2291454983574, 43.7046766735194], [-79.2291761661368, 43.7046831010819], [-79.2291936598996, 43.7046916217256], [-79.2292184330985, 43.7047065235097], [-79.2292519928262, 43.704718259651], [-79.2292869832472, 43.7047374252192], [-79.2293248732529, 43.7047629615411], [-79.2293583900674, 43.7047842478976], [-79.2293976984613, 43.7048172046004], [-79.2294443245059, 43.7048480633118], [-79.2294997132858, 43.7048810580396], [-79.2295420234494, 43.7048949301013], [-79.2296178839162, 43.7049226804609], [-79.2296937283064, 43.7049567856289], [-79.2297889559826, 43.7049848697128], [-79.229823984749, 43.7050149087408], [-79.2298519771535, 43.7050369199981], [-79.2298842874086, 43.7050589504532], [-79.2299036581755, 43.7050778088814], [-79.2299186635153, 43.7051044880967], [-79.2299466911508, 43.7051186683086], [-79.2299919957213, 43.7051344465457], [-79.2300330088633, 43.7051470911886], [-79.2300869967783, 43.7051550587911], [-79.2301431225693, 43.7051677300782], [-79.230188448343, 43.7051788006232], [-79.2302596710342, 43.7051977813726], [-79.2303308937705, 43.7052167620777], [-79.2304042879014, 43.7052357478598], [-79.2304992979839, 43.7052516431181], [-79.2305468092682, 43.7052595862317], [-79.2305986384105, 43.7052675485035], [-79.2306460951556, 43.7052849067756], [-79.2307303246813, 43.7052976439955], [-79.2307972173887, 43.7053166142095], [-79.2308792615848, 43.7053324876161], [-79.2309613128693, 43.7053467857582], [-79.2310498674444, 43.7053579667014], [-79.2311298018996, 43.705362853415], [-79.2312140752553, 43.7053630516127], [-79.2313416277965, 43.7053492374872], [-79.231408664572, 43.7053415549221], [-79.2314757169279, 43.7053275984691], [-79.2315536393669, 43.7052995535147], [-79.2316121149443, 43.7052667731859], [-79.2316433139705, 43.7052209939677], [-79.2316732205482, 43.7051895687323], [-79.2316932814556, 43.7051678867568], [-79.2317000340747, 43.7051477937696], [-79.2317045748629, 43.7051228619082], [-79.2317279358677, 43.7051068224674], [-79.2317512626276, 43.7051012424173], [-79.2317612850443, 43.7050908064613], [-79.2317613568481, 43.7050747033574], [-79.2317614178552, 43.7050610215698], [-79.2317670501768, 43.7050417270623], [-79.2317927074329, 43.7050087976121], [-79.2318350212672, 43.7049718836662], [-79.2318817701459, 43.7049309475384], [-79.2319095944672, 43.7049100938481], [-79.2319385051203, 43.7048932662665], [-79.2319707426639, 43.7048788588191], [-79.2320107385735, 43.704863659438], [-79.232032970017, 43.7048532520811], [-79.2320640514208, 43.7048476901459], [-79.232092897502, 43.7048453454181], [-79.2321261623636, 43.7048454233789], [-79.2321661061383, 43.7048447068656], [-79.2322004912929, 43.7048439773154], [-79.2322348764068, 43.7048432567561], [-79.2322846975435, 43.7048618800657], [-79.2323079525403, 43.7048723940054], [-79.2323278680231, 43.7048916853602], [-79.232329462665, 43.7048986020701], [-79.2323271521821, 43.7049187144992], [-79.2323259798939, 43.7049339959112], [-79.2323392558243, 43.7049396617946], [-79.2323491974481, 43.70495014455], [-79.2323535303059, 43.7049718837623], [-79.2323556832767, 43.7049871729606], [-79.2323611220969, 43.7050113271024], [-79.2323654065014, 43.7050467481314], [-79.2323653241671, 43.7050652545503], [-79.2323552393122, 43.7050869600034], [-79.2323373137383, 43.7051279548202], [-79.2323294426709, 43.7051512766821], [-79.2323338237488, 43.7051649688718], [-79.2323426236446, 43.7051810837489], [-79.232355915643, 43.7051859395534], [-79.2323781096712, 43.7051811668375], [-79.232392534588, 43.7051795893822], [-79.2324024690933, 43.7051916833432], [-79.2324179374396, 43.7052037902578], [-79.2324300858073, 43.705217491625], [-79.2324544113479, 43.7052328417222], [-79.2324831805832, 43.7052506055533], [-79.232506405466, 43.7052651429491], [-79.2325340902139, 43.7052756672084], [-79.2325639763833, 43.7052878078389], [-79.2325972109263, 43.7052975529556], [-79.2326215615869, 43.7053072682809], [-79.2326415058649, 43.7053145519531], [-79.2326725338115, 43.7053210604307], [-79.2327024521881, 43.7053259640793], [-79.232724630054, 43.7053276271664], [-79.2327778628238, 43.7053269415117], [-79.2328133703665, 43.7053221998349], [-79.2328583668267, 43.7053125656305], [-79.2329016467916, 43.7053010821371], [-79.2329527209888, 43.7052891217671], [-79.2330159776148, 43.7052804212855], [-79.2330636979047, 43.7052748979413], [-79.2330892260326, 43.7052709339864], [-79.233120282558, 43.7052710065014], [-79.2331491181014, 43.7052710738229], [-79.2331845987054, 43.7052751892174], [-79.2332134199598, 43.705278478944], [-79.2332433312553, 43.7052849846606], [-79.2332698958547, 43.7052963162418], [-79.233290878532, 43.7053156819279], [-79.233307461947, 43.7053310047771], [-79.2333129261203, 43.7053495331379], [-79.2333117148074, 43.7053736717174], [-79.233312762033, 43.7053865459764], [-79.2333082487097, 43.7054026297166], [-79.2333070838038, 43.7054162999274], [-79.2333014661467, 43.7054323900919], [-79.2332947121107, 43.7054557146253], [-79.2332902059209, 43.7054701871539], [-79.2332712586332, 43.7054926731203], [-79.2332589709223, 43.7055103409425], [-79.2332289560077, 43.7055271752804], [-79.2332022575857, 43.7055431982359], [-79.2331722748191, 43.7055527776107], [-79.2331334274676, 43.7055607610597], [-79.2331062367886, 43.7055618767411], [-79.233081802127, 43.7055682555932], [-79.2330529414365, 43.7055738229906], [-79.2330229281744, 43.705593060617], [-79.2329906404366, 43.7056187468326], [-79.2329717001422, 43.7056396215378], [-79.2329627590208, 43.7056524724653], [-79.2329604789883, 43.7056685614083], [-79.2329615082825, 43.7056854591954], [-79.2329680517031, 43.705709615886], [-79.2329757368446, 43.7057281404488], [-79.2329923078444, 43.7057434723149], [-79.2330243903312, 43.705761252749], [-79.2330520360932, 43.7057806340398], [-79.2330774823194, 43.705795176506], [-79.2330951469974, 43.7058129142498], [-79.2331050781938, 43.7058258092537], [-79.2331083570484, 43.7058362853855], [-79.2331083035345, 43.705848346961], [-79.233106007531, 43.7058652459833], [-79.2330992926281, 43.7058797223474], [-79.2330722023418, 43.7058973285798], [-79.2330431675676, 43.7059057399688], [-79.2330209661731, 43.7059121240231], [-79.2329954110574, 43.7059193103535], [-79.2329820741578, 43.7059273173323], [-79.2329530632392, 43.7059666841177], [-79.2329062233375, 43.7060253079567], [-79.2328850386749, 43.7060486077442], [-79.2328705600003, 43.7060622468358], [-79.2328527059574, 43.7060871476253], [-79.2328370426354, 43.7061160770992], [-79.2327979107324, 43.706190822177], [-79.232763728951, 43.7062601150436], [-79.2327346538514, 43.7063222368274], [-79.2326820255511, 43.7064379960877], [-79.2326607084038, 43.7064910537141], [-79.2326482896166, 43.7065409186964], [-79.2326381259596, 43.7065803204773], [-79.2326302386579, 43.7066100692212], [-79.2326301027093, 43.7066406552112], [-79.232637693201, 43.7066776861787], [-79.2326475957968, 43.7066970260612], [-79.2326663630117, 43.706717988901], [-79.2326895420242, 43.7067429856217], [-79.2327105393352, 43.70675912899], [-79.2327668456062, 43.7067791174383], [-79.2327992958868, 43.7067952155552], [-79.2328828978172, 43.7068269153898], [-79.2329462679838, 43.7068461101426], [-79.2329498909939, 43.7068545347922], [-79.2329741320322, 43.7068751233148], [-79.2329924128831, 43.7068938796538], [-79.2331435834388, 43.706929868694], [-79.233160622874, 43.7068928322527], [-79.2331923415513, 43.7069004673586], [-79.2332875319864, 43.7069212214008], [-79.2332930458105, 43.7069089925427], [-79.2333015535293, 43.7068931701628], [-79.2333171249798, 43.7068737637557], [-79.2333212631311, 43.7068667614229], [-79.2333267482122, 43.7068610134086], [-79.2333416841577, 43.7068506067829], [-79.2333561205843, 43.7068409190914], [-79.2333626190107, 43.7068305017813], [-79.2333428284293, 43.7068164046358], [-79.2334159734731, 43.7067690575579], [-79.2335118200885, 43.7067901099859], [-79.233623434132, 43.7068147365772], [-79.2336417342592, 43.7068291812504], [-79.2337529898364, 43.7069180039189], [-79.2338412993855, 43.7068590082456], [-79.2338440768152, 43.7068566563807], [-79.2338401110189, 43.7068555669943], [-79.2338183397696, 43.7068403941684], [-79.2337713609574, 43.7068042796893], [-79.2337095403418, 43.7067573380956], [-79.2337612998676, 43.7067225427481], [-79.2337996204383, 43.7066963572973], [-79.2338902046362, 43.7066335773474], [-79.2338965699106, 43.7066392089571], [-79.2340194957533, 43.7067349625095], [-79.2340234608188, 43.7067390223063], [-79.2341154867586, 43.7066784688462], [-79.2341059205849, 43.7066755481858], [-79.2339779131128, 43.7065756963234], [-79.233927525352, 43.7064210452752], [-79.2339995323313, 43.7063755044261], [-79.2340415339934, 43.706389464114], [-79.2341480116423, 43.7064222693975], [-79.2342494493478, 43.7064556119416], [-79.2342583687171, 43.7064364149706], [-79.2342716958903, 43.7064193615465], [-79.2343130566624, 43.7063874131768], [-79.2343337323013, 43.7063725101261], [-79.2343352625087, 43.7063575535748], [-79.2343279328616, 43.7063511366374], [-79.2342942225451, 43.7063168804659], [-79.2342517722628, 43.7062612259526], [-79.234212210714, 43.7062173517993], [-79.2341916814278, 43.7061991395019], [-79.2341652300751, 43.7061873223314], [-79.2341417270411, 43.7061765921644], [-79.2341152662391, 43.7061669172623], [-79.2340814428629, 43.7061582873758], [-79.2340240852256, 43.7061431938166], [-79.2339770291069, 43.7061302665058], [-79.2339447106565, 43.7061152311779], [-79.2339197548009, 43.70609915083], [-79.2339109014688, 43.7061034058234], [-79.2338522186027, 43.7060541312757], [-79.2337920651906, 43.7060091288753], [-79.2337333730711, 43.7059619875449], [-79.2336424413534, 43.7058848688472], [-79.2335735266325, 43.7058206192036], [-79.2335942448322, 43.705796103029], [-79.2336105127452, 43.7057790475326], [-79.2336356244647, 43.705759879342], [-79.2336847655339, 43.7057502094648], [-79.2337107514145, 43.705749387881], [-79.2337372640007, 43.7057473073405], [-79.2337490720887, 43.7057398637922], [-79.2337550053842, 43.7057281309561], [-79.2337654061123, 43.7057078573193], [-79.2337816692125, 43.7056918729381], [-79.2337906642603, 43.7056555827668], [-79.233802590504, 43.7056214327218], [-79.2338248134261, 43.7055905111049], [-79.2338456968772, 43.7055286039948], [-79.233863561053, 43.7054816499607], [-79.2338740231448, 43.7054474874969], [-79.2338947883565, 43.7054122868685], [-79.2339140421701, 43.705387767225], [-79.2339420517466, 43.7053782190676], [-79.2339641611363, 43.7053729327745], [-79.2339862280117, 43.7053772597343], [-79.2340038683003, 43.7053837096899], [-79.2340170866989, 43.7053912205044], [-79.2340449593262, 43.7054126453725], [-79.2340728396062, 43.7054351504038], [-79.2341214537247, 43.7054267212876], [-79.2341229774703, 43.7054160403247], [-79.2341333561442, 43.7053979089041], [-79.234145228475, 43.7053787098055], [-79.234162960232, 43.7053616576338], [-79.2342042353409, 43.7053489448119], [-79.2342582880472, 43.7053255591718], [-79.2342993781013, 43.7053069770572], [-79.2343864144014, 43.7052687259132], [-79.2345088631989, 43.705213463547], [-79.2346194979135, 43.7051613780733], [-79.234795038445, 43.7050837984825], [-79.2349278413792, 43.7050157328778], [-79.235042937848, 43.7049561772832], [-79.2351240889287, 43.7049157786318], [-79.2352221434771, 43.7048631503472], [-79.2352646117322, 43.7048385762301], [-79.2353676761985, 43.7047667867161], [-79.2354777531118, 43.7046860030642], [-79.2355726776846, 43.7046141945259], [-79.2356768681611, 43.7045514086061], [-79.2357783535717, 43.7044886163378], [-79.2358620435896, 43.7044122809512], [-79.2359213153743, 43.7043358890916], [-79.2359747876754, 43.7042549741675], [-79.2360364188193, 43.7041695954253], [-79.2360942108447, 43.7040796981477], [-79.2361573654622, 43.7040033331282], [-79.2361980844638, 43.703913405387], [-79.2362488387094, 43.7038325020582], [-79.2363096405892, 43.7037606231574], [-79.2363538310427, 43.7036797046376], [-79.236398016243, 43.7035942944523], [-79.2364301910314, 43.703508847554], [-79.2364545986917, 43.7034233917388], [-79.2364983522411, 43.703351473424], [-79.2365386140858, 43.7032750554083], [-79.236565373814, 43.7031850953492], [-79.23658590278, 43.7031041311986], [-79.2365920962342, 43.7030186243711], [-79.2365800706909, 43.7029285839217], [-79.2365730876233, 43.7028430557276], [-79.2365466208706, 43.7027754851751], [-79.23651638675, 43.7026899123847], [-79.2365008479511, 43.7026088650977], [-79.2364810017046, 43.7025368091516], [-79.2364331729283, 43.7024827002326], [-79.2363997533594, 43.7024106219738], [-79.236344991439, 43.7023474867521], [-79.2362761875978, 43.7022978300204], [-79.2362062176028, 43.7022481705558], [-79.2361499248849, 43.7021805310686], [-79.236110719053, 43.7021039387277], [-79.2360361289254, 43.7020497678534], [-79.2360152066232, 43.7020449758641], [-79.2359772082668, 43.702043870958], [-79.2359491401107, 43.7020530594338], [-79.2359032344631, 43.7020584981662], [-79.2358751945049, 43.7020584333781], [-79.2358395198992, 43.7020565056784], [-79.2358268021946, 43.7020509315016], [-79.2358039346273, 43.7020342352922], [-79.2357759395826, 43.7020267715354], [-79.2357454005994, 43.7020137661064], [-79.2357097910303, 43.7019970404201], [-79.2356716786515, 43.7019710646254], [-79.2356488274129, 43.7019506688983], [-79.2356284588653, 43.701946931268], [-79.2356157493518, 43.7019395028239], [-79.23552683537, 43.7018727327042], [-79.2354912584353, 43.7018486169778], [-79.2354786546263, 43.7018171553575], [-79.2354838433072, 43.7017968334834], [-79.2354686798512, 43.7017690564614], [-79.2354482951485, 43.7017690092844], [-79.2354280080181, 43.7017467741854], [-79.2354178989281, 43.7017264079037], [-79.2354205480115, 43.7017023896308], [-79.2354181265784, 43.7016746420943], [-79.2354131492708, 43.7016468976428], [-79.2354209383492, 43.7016136289543], [-79.23542368543, 43.7015729675487], [-79.2354391578261, 43.701530472332], [-79.2354598394202, 43.7014658010234], [-79.2354804028982, 43.7014251628441], [-79.23550604929, 43.7013882449482], [-79.2355419472144, 43.7013420974527], [-79.2355982539538, 43.7012904613702], [-79.2356748883326, 43.7012517981005], [-79.2357457102643, 43.7012285945361], [-79.2358386163864, 43.7012167475698], [-79.2359309383627, 43.7012079506111], [-79.2360205183515, 43.7011991562468], [-79.2361213243246, 43.7011993800035], [-79.2362111361471, 43.7012310827677], [-79.2362993453434, 43.7012717830404], [-79.2363879516803, 43.7013124841606], [-79.2364734169822, 43.7013621792467], [-79.2365418228987, 43.7014118349504], [-79.2365989684985, 43.7014659743048], [-79.2366192064897, 43.7015335215073], [-79.2366308814971, 43.7016100592531], [-79.2366596285847, 43.7016866273277], [-79.2367182342776, 43.7017587635338], [-79.2367889142949, 43.7018219262375], [-79.2368319184134, 43.7018670856397], [-79.2368577250778, 43.7019153558829], [-79.2368907452311, 43.7019454871519], [-79.2369292550746, 43.7019856674675], [-79.2369677788896, 43.7020198259489], [-79.2370118538068, 43.7020499916215], [-79.2370559112226, 43.7020841718054], [-79.237124823735, 43.7021204074184], [-79.2372130140778, 43.7021687040128], [-79.2372902008318, 43.7022109804007], [-79.2373149946524, 43.7022270686524], [-79.2373204370524, 43.7022451197142], [-79.237320367058, 43.7022611508239], [-79.2373589911489, 43.7022752725646], [-79.2373976028507, 43.7022893942638], [-79.2374362357774, 43.7023014997132], [-79.237524561409, 43.7023217484045], [-79.2375881107021, 43.7023218853111], [-79.2376626898836, 43.7023220564982], [-79.2377428711649, 43.7023122130699], [-79.2378202732268, 43.7023023632108], [-79.2379197810731, 43.7022905567012], [-79.2380138150489, 43.7022707174231], [-79.2381161593724, 43.7022428859731], [-79.2382082189689, 43.7022062816375], [-79.2382582743235, 43.7021852522722], [-79.2382848547481, 43.7021358061212], [-79.2382897031799, 43.7020908108466], [-79.2383391497874, 43.7020414080323], [-79.2383944275879, 43.701992027543], [-79.2384601377096, 43.7019516721723], [-79.2385331536273, 43.7019203257494], [-79.2386146663594, 43.7018980089865], [-79.2387019197789, 43.7018936988382], [-79.2387616224072, 43.7018938353001], [-79.2388258728937, 43.7019209769473], [-79.2389149836674, 43.7019346824323], [-79.2390021199349, 43.7019573846147], [-79.2390954278681, 43.7019846014554], [-79.2391490509029, 43.7020477327651], [-79.2391712593355, 43.7021107923699], [-79.2391953838102, 43.7021783569789], [-79.2392113302615, 43.7022549041991], [-79.2392137619279, 43.7023179096697], [-79.2391693141174, 43.7023763165403], [-79.2391221685329, 43.7024302255999], [-79.2390610524496, 43.702484093747], [-79.2389845302212, 43.7025199241333], [-79.2389237935541, 43.7025263383538], [-79.238887060856, 43.7025422767184], [-79.238837319249, 43.7025481759323], [-79.2388041548969, 43.7025481001544], [-79.2387710377368, 43.7025400133406], [-79.2387544965926, 43.7025319554015], [-79.2387324392545, 43.7025198792847], [-79.2387269441812, 43.7025138538732], [-79.2387269964061, 43.7025018282898], [-79.2387021971428, 43.7024897368985], [-79.2386801311119, 43.7024796680359], [-79.2386442124105, 43.7024795859148], [-79.2385806194136, 43.702489467914], [-79.2385391533925, 43.7024953859243], [-79.2384976662314, 43.7025033111554], [-79.238456174014, 43.7025152509282], [-79.2384036394077, 43.7025271654154], [-79.2383455849686, 43.7025330453905], [-79.2383096661971, 43.7025329721654], [-79.2382819569778, 43.7025509472788], [-79.2382598074985, 43.7025629222651], [-79.2382624223623, 43.7025949997932], [-79.2382623613116, 43.7026090326401], [-79.2382677902788, 43.7026330964762], [-79.2382593801783, 43.7026611431919], [-79.2382427132853, 43.7026791435799], [-79.2382287993924, 43.7027031721225], [-79.2381816774795, 43.7027371340217], [-79.2381457149818, 43.702747079063], [-79.2381152686114, 43.7027610512992], [-79.2380737114168, 43.7027850074846], [-79.2380432949371, 43.7027949562006], [-79.237990700302, 43.7028148814935], [-79.2379574434144, 43.7028388656632], [-79.2379296815249, 43.7028688752727], [-79.2378936053776, 43.7029048786616], [-79.2378712897546, 43.7029549375803], [-79.2378462647246, 43.7029889590119], [-79.2378738782291, 43.7029930279054], [-79.2379097797456, 43.7029971247973], [-79.2379235403383, 43.7030111803324], [-79.2379234268212, 43.7030372387594], [-79.2379232521732, 43.7030773300315], [-79.2379257795552, 43.7031294531999], [-79.2379256223573, 43.7031655389448], [-79.23792544771, 43.7032056302161], [-79.2376383080424, 43.7031588849955], [-79.2376428885809, 43.703203901876], [-79.2376471406356, 43.703273032413], [-79.2376417179465, 43.703358532062], [-79.2376258024926, 43.703420361281], [-79.2375963004696, 43.7034509788986], [-79.2375724696374, 43.7034927441034], [-79.2375516883229, 43.7035152175756], [-79.2375293947031, 43.7035430523301], [-79.2375071011019, 43.7035708780788], [-79.2374803593094, 43.7036029872142], [-79.2374447415312, 43.7036361471073], [-79.2374046661422, 43.7036757416598], [-79.2373779570587, 43.7037003347832], [-79.2373364301862, 43.7037313387625], [-79.2372845163622, 43.7037741195222], [-79.2372014841811, 43.7038339761422], [-79.2371480719198, 43.7038788956969], [-79.2370383644931, 43.7039526428249], [-79.2369835083373, 43.703990051919], [-79.2369031851684, 43.7040403101961], [-79.236851584451, 43.7040766195629], [-79.2368219172569, 43.7041022858972], [-79.2367937047089, 43.7041301068772], [-79.2367476475572, 43.7041868348444], [-79.2367401682343, 43.7042061163455], [-79.236737116693, 43.7042286304992], [-79.2367370087627, 43.7042532937351], [-79.2367309307636, 43.704289752889], [-79.23672491216, 43.7043154736623], [-79.2367100050303, 43.7043422541143], [-79.2366950445805, 43.7043840485623], [-79.2366756123381, 43.7044354910706], [-79.2366621253502, 43.7044751376041], [-79.2366590362148, 43.7045062298795], [-79.2366574376442, 43.704534112135], [-79.2366573061566, 43.7045641490741], [-79.2366571183617, 43.7046070486998], [-79.2366629023448, 43.7046349389616], [-79.2366887651436, 43.7046564485704], [-79.2367327512813, 43.7047158142556], [-79.2368231460964, 43.7047970428557], [-79.2369306162522, 43.7048693004107], [-79.2370420023434, 43.7049370662372], [-79.2371412329763, 43.7049783762718], [-79.2371564870445, 43.7050028137938], [-79.2372257953365, 43.705037276988], [-79.2372508630341, 43.7050534198831], [-79.2372759698744, 43.7050577621972], [-79.2372922192196, 43.7050588796967], [-79.23731143408, 43.7050599860064], [-79.2373262350536, 43.7050546552629], [-79.2373454826507, 43.7050482635839], [-79.2373795125036, 43.7050408257129], [-79.237400205454, 43.7050387309514], [-79.237444559882, 43.705036681537], [-79.2374682370011, 43.7050303000117], [-79.2374771319006, 43.7050249556836], [-79.2374889985609, 43.7050153245737], [-79.2375112178886, 43.7050046460854], [-79.237567468579, 43.704983325217], [-79.2376206245448, 43.7049717185894], [-79.2376406857349, 43.7049722237014], [-79.2376539867505, 43.7049722542297], [-79.2376791497149, 43.7049637247672], [-79.2376939817224, 43.7049541094423], [-79.2377162010305, 43.7049434219128], [-79.2377413919531, 43.7049284745947], [-79.2377680313975, 43.7049199485001], [-79.2377991080658, 43.7049125127303], [-79.2378257288222, 43.7049082711841], [-79.2378508823217, 43.7049019019669], [-79.2378701485626, 43.7048912076348], [-79.23788348227, 43.7048837311517], [-79.2379056640666, 43.7048816397127], [-79.2379381721368, 43.7048817052456], [-79.2379677488873, 43.7048796307484], [-79.237976625019, 43.7048785799443], [-79.2380032597432, 43.7048711249352], [-79.2380284039185, 43.7048668889587], [-79.2380431954137, 43.7048637094041], [-79.238055038592, 43.7048594429387], [-79.2380698705531, 43.7048498185634], [-79.2380802527922, 43.7048391218403], [-79.2380965565502, 43.7048305809865], [-79.2381054840462, 43.7048177296242], [-79.2381173645542, 43.7048048850266], [-79.2381365918353, 43.7047974220164], [-79.2381587999859, 43.7047921171349], [-79.2381750680417, 43.704788922943], [-79.2381972887024, 43.7047750398716], [-79.2382180733381, 43.7047546995958], [-79.2382372568457, 43.7047287748615], [-79.2383143414696, 43.7047098776684], [-79.2384001993208, 43.7046821882576], [-79.2384238855539, 43.7046736552509], [-79.2384445690281, 43.704673702581], [-79.2384593262536, 43.7046812434079], [-79.238476996146, 43.7046952178043], [-79.2384813837143, 43.7047048772052], [-79.2384931848847, 43.7047102599607], [-79.2385124089295, 43.7047092327884], [-79.2385287001835, 43.7047006918442], [-79.2385376135624, 43.7046910628705], [-79.2385435879337, 43.7046782047185], [-79.2385495685159, 43.7046610619754], [-79.2385762620681, 43.7046428864531], [-79.2385748104342, 43.7046343049217], [-79.2385615467719, 43.7046256963745], [-79.2385542015346, 43.7046171013629], [-79.2385513339976, 43.7045945736236], [-79.2385058033279, 43.7045247726298], [-79.2385000231565, 43.7044958113179], [-79.2384971773652, 43.7044711413239], [-79.2384929794109, 43.7044349916151], [-79.2384736916908, 43.7044335612914], [-79.2384559488893, 43.7044335206953], [-79.2384293470947, 43.7044334598242], [-79.2384190878062, 43.7044130574683], [-79.2384206342458, 43.7043969757351], [-79.2384118421094, 43.7043787280397], [-79.2383853165148, 43.7043582974553], [-79.2383543552214, 43.7043421413167], [-79.2383012139385, 43.70432486324], [-79.2382362233555, 43.7043161452171], [-79.2381490372286, 43.7043127320704], [-79.238049394682, 43.7043119726908], [-79.2379709247704, 43.7043128729891], [-79.23791328243, 43.7043148921416], [-79.2378304883892, 43.7043200760354], [-79.2377447196348, 43.7043273863456], [-79.2376751937415, 43.704340098627], [-79.2376441765144, 43.704336813986], [-79.2376190652368, 43.7043335518947], [-79.2375880730659, 43.7043216800829], [-79.2375644944845, 43.7043055406786], [-79.2375542495302, 43.7042819248236], [-79.2375528432081, 43.7042658363222], [-79.2375602942413, 43.7042529816112], [-79.2375766042354, 43.7042401472384], [-79.2376047479238, 43.7042251977262], [-79.237621037567, 43.7042198703609], [-79.2376491297727, 43.7042167213868], [-79.2376565808185, 43.7042038576681], [-79.2376788325111, 43.7041856811606], [-79.2377157960612, 43.7041825525287], [-79.237761626301, 43.7041805153784], [-79.2377941339919, 43.7041805809514], [-79.2378207761292, 43.7041742061534], [-79.2378592395341, 43.7041657161573], [-79.2379065369546, 43.704165815615], [-79.2379582420739, 43.7041680764618], [-79.2380129016339, 43.7041757088148], [-79.2380690330761, 43.7041844066645], [-79.2381276223825, 43.7041956934827], [-79.2381930659224, 43.7042114876046], [-79.2382506645577, 43.7042223400296], [-79.2383038383918, 43.7042321111439], [-79.2383525517184, 43.7042461566287], [-79.2383805926195, 43.7042547990234], [-79.2384204796162, 43.704261326218], [-79.2384514501999, 43.7042753400575], [-79.2384913372962, 43.7042818492251], [-79.2385223731651, 43.7042808490736], [-79.2385563930512, 43.7042755711335], [-79.2386105656866, 43.7042725175774], [-79.2386433759696, 43.7042686320424], [-79.2386627541331, 43.7042606562154], [-79.2386932234882, 43.7042386817591], [-79.2387292564129, 43.7042127054443], [-79.2387956877277, 43.7041867895854], [-79.2388870097087, 43.7041549176996], [-79.2389451278339, 43.7041289917644], [-79.2389949390189, 43.7041130742487], [-79.2390585075856, 43.7041092048161], [-79.2390889543439, 43.7040952503355], [-79.2391166466662, 43.7040812805589], [-79.2391526967209, 43.7040512895815], [-79.2391886995232, 43.7040293276196], [-79.2392191325928, 43.7040213769213], [-79.2392467640269, 43.7040214399574], [-79.2392771536665, 43.7040235075604], [-79.2393047851016, 43.7040235705824], [-79.2393269696646, 43.7040035753433], [-79.2393546879406, 43.7039835927182], [-79.2393906856844, 43.7039656362469], [-79.2394100772897, 43.7039516474735], [-79.2394101293807, 43.7039396218925], [-79.2393991090822, 43.7039315766347], [-79.2393881148344, 43.7039175185853], [-79.2393881756252, 43.7039034857404], [-79.2394131306881, 43.7038855040844], [-79.2394353846377, 43.7038494687145], [-79.2394575641139, 43.7038334880053], [-79.2394852128468, 43.7038295364556], [-79.2395238917416, 43.7038256190362], [-79.2395349901362, 43.7038156259101], [-79.2395489855792, 43.7037755661326], [-79.239513231042, 43.7037373912731], [-79.2394967030598, 43.7037233296241], [-79.2394719254241, 43.7037032273189], [-79.2394306322993, 43.7036690543769], [-79.2393837273821, 43.7036529071755], [-79.239319225435, 43.7036489525548], [-79.2392540018686, 43.7036225560786], [-79.2392458267197, 43.7035964697438], [-79.2392321302174, 43.7035703888149], [-79.2392155713261, 43.7035663454711], [-79.2392099768441, 43.7035803566904], [-79.2392071528722, 43.7035963905156], [-79.2391877315621, 43.7036143847541], [-79.2391187602427, 43.703588168676], [-79.2390221564919, 43.7035679023206], [-79.2389062234028, 43.7035415788832], [-79.2388289417608, 43.7035233637815], [-79.2387930957721, 43.7035092488888], [-79.2387683321619, 43.7034831336121], [-79.2387435026455, 43.7034750567303], [-79.2387269003044, 43.7034810316332], [-79.2386937042918, 43.7034909831689], [-79.2386771678891, 43.7034789196643], [-79.2386578981874, 43.7034648426241], [-79.2385918160223, 43.703410575865], [-79.2385311979718, 43.7033723528336], [-79.2384842586658, 43.7033642253181], [-79.2384511709219, 43.7033521329134], [-79.2384097529038, 43.7033440180007], [-79.2383490304324, 43.7033298460354], [-79.2383187196383, 43.7033097398144], [-79.2382800721748, 43.7033036384813], [-79.238208308613, 43.7032834283098], [-79.2381558306535, 43.7032793115433], [-79.2381060971047, 43.7032832031726], [-79.2380591317073, 43.7032810972744], [-79.2380481117103, 43.7032730518862], [-79.2380454533107, 43.7032509926744], [-79.238040024378, 43.7032269288304], [-79.2380236053591, 43.7031908050961], [-79.238009953107, 43.7031547057031], [-79.2379935566074, 43.7031105708822], [-79.2379854518932, 43.7030684533482], [-79.2379801227129, 43.7030243438929], [-79.2379802623928, 43.702992272675], [-79.2379859058536, 43.7029642196397], [-79.238010962054, 43.7029201708298], [-79.2380414957742, 43.7028861619863], [-79.2380692401376, 43.7028601668778], [-79.2380969495631, 43.7028421918174], [-79.2381273996488, 43.7028302268789], [-79.2381633185581, 43.7028303091629], [-79.2382268770863, 43.7028284474527], [-79.2382574019049, 43.7027964458147], [-79.2383018006715, 43.7027524412296], [-79.2383268428066, 43.7027144051677], [-79.23834910566, 43.7026763717394], [-79.2383713634733, 43.7026423438621], [-79.2384074391381, 43.7026063493208], [-79.2384351708071, 43.702580354093], [-79.2384904759737, 43.702570444213], [-79.2385236104821, 43.702574534582], [-79.2385567450343, 43.7025786159401], [-79.238573268759, 43.702590679435], [-79.2386008211592, 43.7026087810001], [-79.2386311142551, 43.7026329016765], [-79.2386558178037, 43.7026670369848], [-79.2386997982607, 43.7027192549092], [-79.2387492651758, 43.702779505491], [-79.2388070202552, 43.7028397659887], [-79.2388896432109, 43.7029020995507], [-79.238947450691, 43.7029503433953], [-79.2390411859829, 43.7029966619548], [-79.2391333685425, 43.7030291239332], [-79.2392095011887, 43.7030546722471], [-79.2393962040847, 43.7031013196007], [-79.2395080023557, 43.7031138971767], [-79.2396296597699, 43.703141916283], [-79.2397053751482, 43.7031492807432], [-79.2398256982901, 43.7031587989853], [-79.2399021253663, 43.7031651387899], [-79.2400040707651, 43.7031694752977], [-79.2400819566779, 43.7031655478472], [-79.2402045909364, 43.7031599488061], [-79.2403652746763, 43.7031610339992], [-79.2405940751315, 43.7031247112565], [-79.2408178265602, 43.7030852621666], [-79.2410157219239, 43.7030339983953], [-79.2411422821594, 43.7029896117531], [-79.2412299578893, 43.7029451369485], [-79.2413791903472, 43.7029055180348], [-79.241447393319, 43.7028680560022], [-79.2414895764463, 43.7028540554149], [-79.2415934376891, 43.7028166649316], [-79.2416941559808, 43.7027628129221], [-79.2418370772675, 43.7026902434845], [-79.2419443096592, 43.7026246593023], [-79.2420450979048, 43.7025543438084], [-79.24215237248, 43.7024817025252], [-79.2422303218255, 43.7024395633421], [-79.2424089803028, 43.7023482701068], [-79.242557805097, 43.7022700152588], [-79.2425860622336, 43.7022599434611], [-79.2426264357736, 43.7022308432392], [-79.2426621374009, 43.7022062241214], [-79.2426993610908, 43.7021883413722], [-79.2427582523503, 43.7021693822158], [-79.2427877435487, 43.7021492407182], [-79.2429119625124, 43.7020596964436], [-79.2429926869495, 43.702003746021], [-79.2430455287023, 43.701954456818], [-79.2430843624747, 43.7019197451768], [-79.2431153592321, 43.7019130728859], [-79.2431494328894, 43.7019064165019], [-79.2432147237575, 43.7018414299643], [-79.243275693347, 43.7017685305631], [-79.2432774470744, 43.7017646099456], [-79.243298146158, 43.7017200551105], [-79.2432984157644, 43.7016568667588], [-79.2433242299222, 43.7016086058781], [-79.2433399316719, 43.7015343085973], [-79.2433553990044, 43.7015120471651], [-79.2434120649986, 43.7014415503662], [-79.2434686991582, 43.7013784885213], [-79.2435509025036, 43.7013303541245], [-79.2436075205706, 43.7012710097007], [-79.2436487471118, 43.7012190657855], [-79.2438237560246, 43.701033617778], [-79.2438547850601, 43.700966780822], [-79.2438806425304, 43.7009110848517], [-79.2438961569742, 43.7008776708669], [-79.2438963750554, 43.7008293524991], [-79.2439224188423, 43.7007327731333], [-79.2439483710729, 43.7006547721919], [-79.2439332013012, 43.7006101368791], [-79.2438565470635, 43.7005616462751], [-79.2438105577689, 43.7005318029888], [-79.2438107284289, 43.7004946370952], [-79.2438366015625, 43.7004352236375], [-79.2438675477254, 43.7003906916523], [-79.2439393184284, 43.7003797088683], [-79.2440352987181, 43.7003415693906], [-79.2443930621476, 43.7019594583499], [-79.2447276355977, 43.7028041115484], [-79.2451587679195, 43.7038405080425], [-79.2452466897961, 43.7040510097575], [-79.245297944551, 43.7041714079779], [-79.2453337847401, 43.7042401045301], [-79.2453761067588, 43.7042929732708], [-79.2454299314813, 43.7043456695856], [-79.2454771180968, 43.7043866584417], [-79.2455236899408, 43.7044146030668], [-79.2455530794978, 43.7044332021109], [-79.245624351415, 43.7044532175471], [-79.2456884494513, 43.7044796438862], [-79.2457457946868, 43.7044979900296], [-79.2458327252415, 43.7045121353305], [-79.2459266130302, 43.7045271151455], [-79.245986840675, 43.7045328297895], [-79.2460662327527, 43.7045486594007], [-79.2461570006053, 43.704567934703], [-79.2462527312496, 43.7045872929605], [-79.2463189262532, 43.7046108611962], [-79.2463746544912, 43.7046331729958], [-79.2464174918736, 43.7046523687349], [-79.2464627658057, 43.7046734151229], [-79.246507733429, 43.7047053253481], [-79.2465495562895, 43.704741522189], [-79.2465824310478, 43.7047605607562], [-79.2466136637829, 43.704783547232], [-79.2466481771592, 43.7048141920511], [-79.2466967531656, 43.7048584779453], [-79.2467337031288, 43.7048909823995], [-79.2467677585786, 43.7049361182135], [-79.2467980105681, 43.7049916960673], [-79.2468154861403, 43.7050405306658], [-79.2468476181947, 43.7051004872873], [-79.2468771060764, 43.7051814110043], [-79.2469023112065, 43.7052716865509], [-79.2469527138836, 43.7055337351054], [-79.2469928608689, 43.7057561823435], [-79.2470150607566, 43.7058471533033], [-79.2470437174201, 43.7059222873109], [-79.247064232677, 43.7059860526947], [-79.2470671216956, 43.7059924409875], [-79.247092766013, 43.7060492327299], [-79.2471266395328, 43.7061172042452], [-79.24716001247, 43.7061684952909], [-79.2471940006029, 43.7062328485282], [-79.2472507410168, 43.7063041020319], [-79.2474233156913, 43.7065544937305], [-79.2474634300377, 43.7066138647163], [-79.2474951986464, 43.7066691216746], [-79.2475153621896, 43.7067281695278], [-79.2475318028925, 43.7067784509204], [-79.2475393378962, 43.7068427186138], [-79.2475397795482, 43.7068941798379], [-79.2475323050555, 43.7069426171538], [-79.2475213918897, 43.7070062140096], [-79.2475132338955, 43.7070608066806], [-79.2474815164463, 43.7071026735216], [-79.2474433174014, 43.7071603772646], [-79.2473984793988, 43.7072063736768], [-79.2473485637956, 43.707255932351], [-79.2472872595375, 43.7073020093382], [-79.2472208528595, 43.7073516395103], [-79.2471517804288, 43.7074066645069], [-79.246977047378, 43.7075392895768], [-79.2468606902776, 43.7076228697507], [-79.2467843021471, 43.7076765011271], [-79.2467729397832, 43.7076844690806], [-79.2470836851645, 43.708430344882], [-79.2474157407337, 43.7092212911584], [-79.2478199736202, 43.7101841577207], [-79.2478980398395, 43.7103908998983], [-79.2481133285089, 43.710943412914], [-79.2481872869113, 43.7111210897436], [-79.2483616889603, 43.7115736341556], [-79.2484259735506, 43.7117296234809], [-79.2485136850903, 43.7119424712628], [-79.249277030452, 43.7137750581753], [-79.2499392136164, 43.7153462377469], [-79.2501473319501, 43.7158739863262], [-79.2506902951053, 43.7171612978838], [-79.250862820487, 43.7175782879744], [-79.2510594369867, 43.7181061896446], [-79.2512220151308, 43.7185889745975], [-79.251299453993, 43.718763794357], [-79.2524672539719, 43.7184872905535], [-79.2530410107543, 43.7183535128821], [-79.2536271509737, 43.7182287512681], [-79.2538693995992, 43.718166255409], [-79.254275368228, 43.7180882779122], [-79.2542273680051, 43.7181602747285], [-79.2540146981359, 43.7184826650873], [-79.2533792226449, 43.7194459236019], [-79.2532279251691, 43.7196782073139], [-79.2526229097975, 43.7205922363487], [-79.2523119007886, 43.7210655774493], [-79.2513484714578, 43.722534127012], [-79.2504231241225, 43.7239158712453], [-79.2488544545131, 43.726258113251], [-79.248242942505, 43.7271711676161], [-79.2481698335104, 43.7272808216422], [-79.2481005662526, 43.7273918702761], [-79.2480291425028, 43.7275020769972], [-79.2479568007693, 43.7276120926213], [-79.2478837399478, 43.7277218455754], [-79.2478099229114, 43.7278313087728], [-79.2477352253062, 43.7279405359448], [-79.2476599453669, 43.728049446737], [-79.2475837849279, 43.7281581034985], [-79.2475069926889, 43.7282663987621], [-79.2474293196033, 43.7283745210022], [-79.2473509403128, 43.7284822635746], [-79.2472717921846, 43.7285897613578], [-79.2471918878552, 43.728696960371], [-79.2471112891197, 43.7288039237578], [-79.2470298845649, 43.7289105792603], [-79.2469477612277, 43.7290168910647], [-79.246865912725, 43.72912271735], [-79.2467939137064, 43.7292093387614], [-79.2467213322592, 43.7292956797972], [-79.2466478579882, 43.729381757771], [-79.2465736402988, 43.7294674649973], [-79.2464988152739, 43.7295529097914], [-79.2464232220394, 43.7296379747792], [-79.2463470466715, 43.7297226873758], [-79.2462699661702, 43.7298071098717], [-79.2461924031008, 43.7298911171861], [-79.2461139720946, 43.7299748434805], [-79.2460349090694, 43.7300582712749], [-79.2459551275522, 43.7301413013623], [-79.2458747145459, 43.7302239069309], [-79.2457935576484, 43.7303062497516], [-79.2457117811771, 43.7303882850932], [-79.2456292742526, 43.7304698146806], [-79.2455461351105, 43.7305510907654], [-79.2454914181363, 43.7306038961779], [-79.2454622523757, 43.730632032087], [-79.245377763314, 43.7307124679263], [-79.2452924930368, 43.7307926589279], [-79.2452066657778, 43.730872416564], [-79.245120157139, 43.7309518035648], [-79.2450329424078, 43.7310307928697], [-79.2449452322615, 43.7311094659585], [-79.2448566425054, 43.7311876779526], [-79.2447675820058, 43.7312656097877], [-79.2446777411992, 43.7313430807466], [-79.2445860530909, 43.7314199624259], [-79.2444936337883, 43.7314965093506], [-79.2444005705649, 43.7315726317019], [-79.2443069131497, 43.7316483115868], [-79.2442124874129, 43.7317236296255], [-79.2441176165185, 43.7317984875259], [-79.2440220889437, 43.7318730018292], [-79.2439259424643, 43.7319470466012], [-79.2438291765817, 43.7320207388552], [-79.2437319158501, 43.7320939798554], [-79.2436339244943, 43.7321667510693], [-79.2435354253772, 43.7322391880135], [-79.2434361832605, 43.732311146139], [-79.24333645867, 43.7323826620338], [-79.2432362143277, 43.7324537446142], [-79.2431352638412, 43.7325244384661], [-79.2430337813052, 43.7325946719692], [-79.2429317048456, 43.7326643999768], [-79.2428291208561, 43.7327337396976], [-79.2427259178474, 43.732802636872], [-79.2426220956655, 43.732871127503], [-79.2425178037344, 43.7329391039106], [-79.2424128802559, 43.7330066647426], [-79.2423074371829, 43.7330737562422], [-79.2422015240543, 43.7331404055234], [-79.2420949796498, 43.7332065762163], [-79.2419878160744, 43.7332723403562], [-79.2399786733148, 43.7345425949305], [-79.2399308010189, 43.7345722800675], [-79.2371340817977, 43.736307294952], [-79.2359746455311, 43.7370264934979], [-79.2342251977197, 43.7381261684801], [-79.2324757847113, 43.7392231431793], [-79.2301182044525, 43.7406904786607], [-79.2295090054395, 43.7410819415825], [-79.2288923012865, 43.7414757867511], [-79.2286728302396, 43.7410178693341], [-79.2282457874233, 43.7407288159739], [-79.2282163053892, 43.7406593195119], [-79.2279279313892, 43.7399809770142], [-79.2270841922048, 43.7379807584433], [-79.226657325802, 43.7369716108918], [-79.2262573647888, 43.7360165243373], [-79.225942488875, 43.735295681053], [-79.2258259530154, 43.7349893600084], [-79.2254175436287, 43.7340252486996], [-79.2250781454225, 43.7332394810443], [-79.2245691138865, 43.7320609221439], [-79.2253871917857, 43.7312977411529], [-79.2249279056555, 43.7310502641423], [-79.2248505000727, 43.7310116605894], [-79.2248191789785, 43.7309770024657], [-79.2247590154539, 43.7309058649111], [-79.2247432515079, 43.7308298115687], [-79.2247383064545, 43.7307413805835], [-79.2247327707291, 43.7306409855402], [-79.2247219516387, 43.7305612715979], [-79.2247015445578, 43.7304718402363], [-79.2246579218861, 43.7304075113854], [-79.2245964248278, 43.7303512495593], [-79.2245273022357, 43.7302823315947], [-79.2244237280079, 43.7302146627129], [-79.2243616489896, 43.730150055215], [-79.2242822532399, 43.7301018511606], [-79.2241544022606, 43.7300498846245], [-79.2240559964509, 43.7300003113522], [-79.2239741680099, 43.7299575559554], [-79.2238449583119, 43.7299204648252], [-79.2237117790805, 43.7298855422515], [-79.2235546572689, 43.7298529289418], [-79.2234065738843, 43.7298253509737], [-79.2232881088255, 43.729811040325], [-79.2231476715325, 43.7297997367546], [-79.2230341843153, 43.7297853928935], [-79.2228945243632, 43.7297508947234], [-79.2227943267977, 43.7297187334009], [-79.2226849470115, 43.7296670440453], [-79.2225500758955, 43.7296143745852], [-79.2224438025385, 43.7295728279248], [-79.2223157854341, 43.7295063579407], [-79.2222099834738, 43.7294622648589], [-79.222070168457, 43.7294132463166], [-79.2219297591415, 43.729355900018], [-79.2217994208018, 43.7293057520405], [-79.2216375276974, 43.7292452386638], [-79.221467133635, 43.7291844073016], [-79.2212536232736, 43.7291063682045], [-79.2210833861748, 43.7290600286352], [-79.2209472279315, 43.7290258516699], [-79.2208117449435, 43.7289612430258], [-79.2206951366827, 43.7288870940316], [-79.2205688308538, 43.7287923443933], [-79.2204430745886, 43.7287022856001], [-79.2202977393166, 43.728602547439], [-79.2201713082697, 43.7285429558659], [-79.2200704995781, 43.7284988370162], [-79.2199084138164, 43.7284698520299], [-79.2198598041724, 43.7284515864177], [-79.2197625273687, 43.7284114364946], [-79.2196279150599, 43.7283789449751], [-79.219606353824, 43.7283737343786], [-79.2194615985856, 43.7283283730213], [-79.2192911970079, 43.7282675203857], [-79.219122422286, 43.7282171939348], [-79.2189896879474, 43.728176119101], [-79.2187587066653, 43.7281460089517], [-79.2185530894175, 43.7281095429133], [-79.2184533077402, 43.7280479717715], [-79.2183324282308, 43.7279751060128], [-79.2182016265344, 43.7279165186241], [-79.2180439192947, 43.7278834282222], [-79.2179142664241, 43.727879021764], [-79.2177620379889, 43.7278528754442]]]]}}, {"type": "Feature", "properties": {"name": "Birchcliffe-Cliffside", "code": "122", "centroid": [-79.26283, 43.68875]}, "geometry": {"type": "MultiPolygon", "coordinates": [[[[-79.2467146164104, 43.6989799554005], [-79.2467310551706, 43.6989740419788], [-79.2467884969303, 43.6989741782395], [-79.2468213870966, 43.6989563925528], [-79.2469036059722, 43.6989178871276], [-79.2470104641724, 43.6988705159099], [-79.2470967269084, 43.698843918988], [-79.2471625567493, 43.6987994362686], [-79.2472078037757, 43.6987727485315], [-79.2472776526637, 43.6987431537504], [-79.2473475138612, 43.6987165203751], [-79.2474091994212, 43.6986809486216], [-79.2474995931868, 43.6986484106767], [-79.2475817364011, 43.6986218222903], [-79.2476638918989, 43.6985982042945], [-79.2478282153485, 43.698542029881], [-79.2479185962737, 43.6985094915755], [-79.2479884568797, 43.6984828668072], [-79.2480499923048, 43.6984830024577], [-79.2481403604863, 43.6984564227966], [-79.2481896261979, 43.6984446316429], [-79.2482266221551, 43.6984268545948], [-79.2482595364532, 43.6984031276999], [-79.2482640003975, 43.698397763766], [-79.2483071816328, 43.6983635009646], [-79.2483459017196, 43.6983190928823], [-79.2483618136268, 43.6982848150275], [-79.2483513958804, 43.6982631800162], [-79.2483392341633, 43.6982402719836], [-79.2483026054813, 43.6981969761821], [-79.2482223316874, 43.6981179841726], [-79.248189169821, 43.6980823200556], [-79.2481874684169, 43.6980708756783], [-79.2481910379231, 43.6980568955498], [-79.2481998446094, 43.6980454743207], [-79.2482173941304, 43.6980378888926], [-79.2482384227142, 43.6980379352102], [-79.2482524187439, 43.6980405043973], [-79.2482751611545, 43.6980519951118], [-79.2483013223512, 43.6980825670662], [-79.248343135002, 43.6981411314546], [-79.2484129061715, 43.6982188310826], [-79.2484974669288, 43.6983289498194], [-79.2484993772739, 43.6983290080303], [-79.2486439965007, 43.6982939420969], [-79.2487097141946, 43.6982818358448], [-79.2487867297659, 43.6982588808369], [-79.2488650912634, 43.6982285206792], [-79.2489184187519, 43.6982035872622], [-79.2489656255333, 43.698176714104], [-79.2490066415449, 43.6981498273328], [-79.249070037759, 43.6981023227357], [-79.2491396970401, 43.6980404297974], [-79.2492068598871, 43.6979821408527], [-79.2492329769308, 43.697957921694], [-79.249233021871, 43.6979471382567], [-79.2492157754311, 43.6979237150892], [-79.2491689088876, 43.6978660670596], [-79.2491294374035, 43.6978201279062], [-79.2490899521871, 43.6977804716037], [-79.249071455359, 43.6977534631587], [-79.2490714853883, 43.6977462621987], [-79.2490764890765, 43.6977363897748], [-79.2490839616307, 43.6977265137688], [-79.2490963891472, 43.6977184488951], [-79.2491100385504, 43.6977148783418], [-79.2491261417699, 43.6977149136854], [-79.2491372799137, 43.6977185386432], [-79.2491484267499, 43.697723054746], [-79.2491558130231, 43.6977338724941], [-79.2491681592826, 43.6977482746351], [-79.2491940337846, 43.6977852006629], [-79.2492507266496, 43.6978635551855], [-79.2493358306303, 43.6979626479303], [-79.2493481794966, 43.6979734675467], [-79.2493642914426, 43.697974403004], [-79.2493766852685, 43.6979744301789], [-79.2494039455093, 43.697973589817], [-79.2494324774827, 43.6979682605965], [-79.2494833308425, 43.6979593797784], [-79.2495403973374, 43.6979451207835], [-79.2496371706569, 43.6979084095255], [-79.2497259859972, 43.6978700155244], [-79.2497607572183, 43.697853007217], [-79.2498353281878, 43.6978001168854], [-79.2499037120059, 43.6977463308419], [-79.2500119226714, 43.6976530532259], [-79.2500741267461, 43.6975965441777], [-79.2500469912473, 43.6975614248482], [-79.2500137112155, 43.6975181819184], [-79.2499865844534, 43.6974839627214], [-79.2499360230435, 43.6974227064072], [-79.2499187976664, 43.6973912002376], [-79.2499139398574, 43.6973660130211], [-79.2499201940256, 43.6973507425256], [-79.2499400675705, 43.6973390933365], [-79.2499537093571, 43.6973373229222], [-79.249980967934, 43.6973427833169], [-79.2500044437379, 43.6973599190975], [-79.2500278821997, 43.6973860470732], [-79.2500894997296, 43.6974706948501], [-79.2501104582362, 43.6974995177712], [-79.2501277870616, 43.6975031561662], [-79.250157536975, 43.697503221195], [-79.2501885424498, 43.697499688447], [-79.2502233058535, 43.6974844802372], [-79.2502940955956, 43.6974486747762], [-79.2503859715547, 43.6974049311816], [-79.2505943783277, 43.6972954984309], [-79.2510098003823, 43.6970735683153], [-79.2513674663184, 43.6968852928861], [-79.2514649362995, 43.6968324152827], [-79.2515720770944, 43.6967809358106], [-79.2516640662505, 43.6967423581662], [-79.2517793455365, 43.6967058113075], [-79.2518822850348, 43.696674215258], [-79.2519934453696, 43.6966406476685], [-79.2521403053366, 43.6965962208259], [-79.2522750244292, 43.6965445844584], [-79.2524086543799, 43.6965043231959], [-79.2525486163245, 43.6964658397364], [-79.2526336827128, 43.6964451498776], [-79.2526995695342, 43.6964244094612], [-79.2527832669657, 43.696401718244], [-79.2528272035719, 43.6963819204203], [-79.25289860617, 43.696350255255], [-79.2530015689349, 43.6963126993951], [-79.2531136396946, 43.696332078238], [-79.25314942639, 43.6963241353818], [-79.2531786701467, 43.6963083292662], [-79.2532064760929, 43.6962861561304], [-79.2532606759965, 43.6962291329814], [-79.2533324363057, 43.6961615531892], [-79.2533969191887, 43.696089718046], [-79.2534424550114, 43.6960125672456], [-79.2533974656368, 43.6959563741858], [-79.2533699338211, 43.6959086889854], [-79.2533525159974, 43.6958874803799], [-79.2533336169232, 43.6958705081807], [-79.2533191318282, 43.6958450752943], [-79.2533133661945, 43.695829184584], [-79.2533075962097, 43.6958143560157], [-79.2533091127791, 43.6957984810209], [-79.2533223031535, 43.6957826402204], [-79.253335475598, 43.6957741984364], [-79.2533529974968, 43.6957700056416], [-79.2533690295027, 43.6957721555358], [-79.2533836100333, 43.6957743022962], [-79.253396704993, 43.6957817386058], [-79.2534198971642, 43.6958167136257], [-79.2534720980758, 43.6958962085568], [-79.2535156230166, 43.6959555668824], [-79.253534479385, 43.6959799560183], [-79.2535519790836, 43.6959842243534], [-79.2535942872618, 43.6959832624125], [-79.253629318171, 43.6959780451657], [-79.2536658173093, 43.6959717689206], [-79.2537023386652, 43.6959570315035], [-79.2537491300606, 43.6959306685367], [-79.2538095080597, 43.695903776734], [-79.2538871263186, 43.6958687398519], [-79.2539528009541, 43.6958419853951], [-79.254019935974, 43.6958069708631], [-79.2541099104915, 43.6957658035387], [-79.2542927125571, 43.6956834568067], [-79.2544569379644, 43.6956083159132], [-79.2545969214204, 43.6955424300705], [-79.2547370901735, 43.6954736190352], [-79.2547998148704, 43.6954399267699], [-79.254967597639, 43.6953682762679], [-79.2551295800193, 43.6952921214511], [-79.2553191268051, 43.6952070151224], [-79.2554618682513, 43.6951366514783], [-79.2554630079986, 43.6951370409719], [-79.2554950922704, 43.6951210423084], [-79.2555460019663, 43.6950944263736], [-79.2556045511246, 43.6950622999596], [-79.2556414807598, 43.695038417486], [-79.2556761689107, 43.6950166095065], [-79.2556760109997, 43.6950157810506], [-79.2557959543997, 43.6949290129166], [-79.2558283834405, 43.6948799711707], [-79.255855659887, 43.6948594794943], [-79.2558656883858, 43.6948491494331], [-79.2558914351121, 43.6948326510523], [-79.255912864336, 43.6948223453333], [-79.2559328959197, 43.6948110014779], [-79.2559315616026, 43.6947882343735], [-79.2559373311424, 43.6947727194719], [-79.255983155876, 43.6947272887941], [-79.2560132413788, 43.6946932021308], [-79.2560404733497, 43.6946622238148], [-79.2560720399712, 43.6946146833718], [-79.256109371785, 43.694552672149], [-79.2561418585886, 43.6944953852546], [-79.2561589722397, 43.6944601547175], [-79.256179133985, 43.6944105196175], [-79.256202127781, 43.69436918074], [-79.25622792893, 43.6943361110269], [-79.2562522864405, 43.6943102932676], [-79.2562977238506, 43.6942715225871], [-79.2563081348482, 43.6942524710534], [-79.2563225100816, 43.6942255968489], [-79.2563211630911, 43.6942059261628], [-79.2563126661604, 43.694190389828], [-79.256268599803, 43.6941540746923], [-79.2562473092384, 43.6941302208861], [-79.2562345240737, 43.6941167456971], [-79.2562345660032, 43.694106394305], [-79.2562360177864, 43.694100186512], [-79.2562446026966, 43.6940939939304], [-79.2562574590593, 43.6940898897539], [-79.2562774194087, 43.6940899323145], [-79.2562931039036, 43.6940920360518], [-79.2563087424972, 43.694102411873], [-79.2563357813252, 43.6941190318843], [-79.2564325449492, 43.6941771884043], [-79.2564908609514, 43.6942176744262], [-79.2565506371617, 43.6942498823429], [-79.2565748940447, 43.694248898854], [-79.2566091291118, 43.6942469014585], [-79.2566591537009, 43.6942363864434], [-79.2567019314099, 43.6942232996161], [-79.256749114755, 43.6941975213305], [-79.2568005947825, 43.6941645151313], [-79.2568492298656, 43.6941294325608], [-79.2568793436749, 43.6940912141346], [-79.256910736464, 43.6940465444964], [-79.2569546723213, 43.693977021958], [-79.2569862753089, 43.6939232794461], [-79.2570264631692, 43.6938602388396], [-79.2570652786486, 43.6937837383747], [-79.2571126620827, 43.6937051858051], [-79.2571514439349, 43.6936369664234], [-79.2571790464516, 43.6935138874261], [-79.2571448828323, 43.6934982876238], [-79.2570822663608, 43.693462968533], [-79.2570623940633, 43.6934380917427], [-79.2570481905151, 43.6934256397756], [-79.2570396893267, 43.6934111386319], [-79.257042575977, 43.6934028635812], [-79.2570525540145, 43.6934018496405], [-79.2570725265421, 43.6934018920881], [-79.2570939173228, 43.6934040078426], [-79.2571181280299, 43.6934113053264], [-79.2571479783831, 43.6934351681582], [-79.2571907098581, 43.693451821308], [-79.2572561963053, 43.6934830058411], [-79.2573557771243, 43.6935377650812], [-79.2574383691722, 43.6935785991959], [-79.2574983286443, 43.6935683749322], [-79.2575469002842, 43.6935488191504], [-79.2576126662838, 43.6935106671407], [-79.2576411561314, 43.6935027704097], [-79.2576720995227, 43.6934893880866], [-79.2577061559224, 43.6934700264962], [-79.2577711980826, 43.6934298205664], [-79.257815626321, 43.6933948006754], [-79.2578549269737, 43.6933515517276], [-79.2578911657057, 43.6933015723173], [-79.2579406836411, 43.693228631722], [-79.2579569761045, 43.6931967386472], [-79.2579911884348, 43.6931385367352], [-79.2580275170041, 43.6930661532592], [-79.2580938970998, 43.6929460005158], [-79.2581211338551, 43.6928886749276], [-79.2581129172504, 43.6928527063871], [-79.2580922247046, 43.6927911117737], [-79.2580660832333, 43.6927796518128], [-79.2580420471912, 43.6927628855411], [-79.2580044334548, 43.6927415268661], [-79.2579709910886, 43.6927224633387], [-79.2579469615877, 43.6927102517138], [-79.2579177275136, 43.692687389536], [-79.2578989112411, 43.6926744328331], [-79.2578905622451, 43.6926683302773], [-79.2578895566564, 43.6926561854063], [-79.2578895994941, 43.6926455369702], [-79.2578969523328, 43.6926402327809], [-79.2579105762185, 43.692639505527], [-79.257934667001, 43.6926395565458], [-79.2579482662445, 43.6926418716715], [-79.2579681457736, 43.6926464684187], [-79.2580099892126, 43.6926617601893], [-79.2580476245342, 43.6926808235793], [-79.2581009156396, 43.6927090654002], [-79.2581936432726, 43.6927496233809], [-79.2582112421864, 43.6927537471942], [-79.2582374325614, 43.6927530374807], [-79.2582772466211, 43.6927485670282], [-79.2583191632924, 43.6927425707881], [-79.2583831321974, 43.69272220108], [-79.2584429447875, 43.6926926862429], [-79.2584849620034, 43.6926616215599], [-79.2585448750943, 43.6926070292854], [-79.258604821581, 43.6925440838517], [-79.2586712706108, 43.6924279634856], [-79.2587235659715, 43.6923178080644], [-79.2587446436893, 43.6922803441719], [-79.258765212786, 43.6922366863134], [-79.2587792277073, 43.6922064625493], [-79.2588006985293, 43.6921668481666], [-79.2588166145725, 43.6921265469625], [-79.2588214474751, 43.6920720993456], [-79.2588228615959, 43.6919854378929], [-79.2587881087822, 43.6919683881266], [-79.2587627244262, 43.6919537884702], [-79.258731158938, 43.6919369434414], [-79.2587188216598, 43.6919385916407], [-79.2586918968403, 43.6919245557983], [-79.2586688131409, 43.691911635218], [-79.2586441979471, 43.6918970371591], [-79.25862266713, 43.6918835617681], [-79.2586034526028, 43.6918678589443], [-79.2585888539139, 43.6918549652674], [-79.2585781052874, 43.6918409545588], [-79.2585735275905, 43.6918286401243], [-79.2585735635177, 43.6918196839146], [-79.2585874783317, 43.6918113240987], [-79.258602904461, 43.6918096734354], [-79.2586167900989, 43.6918085865982], [-79.258645303589, 43.6918131204487], [-79.2586745749669, 43.6918204552939], [-79.2587069194923, 43.6918317121807], [-79.2587492456923, 43.6918502631695], [-79.2587838796081, 43.6918660075098], [-79.2588246755701, 43.6918856714015], [-79.2589043020321, 43.6919263811946], [-79.2589538416515, 43.6919465495514], [-79.2589924007733, 43.69193933981], [-79.2590477309549, 43.6919260895371], [-79.2591148670387, 43.6918982730228], [-79.2591619259783, 43.6918594685985], [-79.2592275352827, 43.6917915480449], [-79.2592999695776, 43.6916920202849], [-79.2593168377788, 43.6916616674406], [-79.2593371136402, 43.6916167306735], [-79.2593725855981, 43.6915438768793], [-79.2594047103148, 43.6914673705045], [-79.259423416114, 43.6913993330987], [-79.2594286975964, 43.691334921962], [-79.259419368202, 43.6912668615544], [-79.2593829317904, 43.6912552091991], [-79.2593662289963, 43.6912442284664], [-79.2593494943324, 43.6912381173637], [-79.2593244036612, 43.6912307734906], [-79.2593059992462, 43.6912234346899], [-79.2592976259727, 43.6912234170583], [-79.2592875829045, 43.6912221807352], [-79.2592557958069, 43.6912111772217], [-79.2592390855044, 43.69119898128], [-79.2592256855899, 43.6911965227065], [-79.259155442055, 43.6911672015355], [-79.2591035980867, 43.6911464343218], [-79.2590785194363, 43.6911330055458], [-79.2590735684807, 43.6911147584909], [-79.2590669061138, 43.6911025927028], [-79.2590669401651, 43.6910940865525], [-79.2590820536505, 43.6910868183583], [-79.2591038413806, 43.691085649102], [-79.2591323179868, 43.6910869242856], [-79.2591557436126, 43.6910918433449], [-79.2591958990237, 43.6911040796903], [-79.259252784173, 43.6911236513065], [-79.2593213897537, 43.6911468930963], [-79.2594567742618, 43.691172471706], [-79.2595122164739, 43.6911837589668], [-79.2595657595424, 43.6911984536962], [-79.2596042479694, 43.6912119105675], [-79.2596177061791, 43.6911997781232], [-79.2596378942341, 43.691176732259], [-79.2596497381618, 43.6911463687979], [-79.2596682418659, 43.6911257407344], [-79.2596935584918, 43.6910795993231], [-79.2597406163811, 43.6910408036539], [-79.2597726072582, 43.6910007521257], [-79.2598079425022, 43.6909619317915], [-79.259853359519, 43.6909146264048], [-79.2599004947733, 43.6908563790358], [-79.2599291555468, 43.690811459769], [-79.2599528090255, 43.6907592389315], [-79.2599630023018, 43.6907227960959], [-79.2599664776213, 43.6906911998512], [-79.2599683461805, 43.6906425787855], [-79.2599685400992, 43.6905939542028], [-79.2599487664486, 43.6905784934624], [-79.2599125544621, 43.690560414822], [-79.2598924727983, 43.690550651244], [-79.259872401406, 43.6905445332081], [-79.259860666586, 43.6905444995548], [-79.2598456045603, 43.6905420375619], [-79.2598171863865, 43.6905261805823], [-79.2597820648381, 43.6905115246834], [-79.2597469239403, 43.6905017204305], [-79.259710127789, 43.6904870609897], [-79.2596917650688, 43.6904724312896], [-79.259675076955, 43.6904578141085], [-79.2596634073843, 43.6904383377767], [-79.2596584563075, 43.6904200907446], [-79.2596585193887, 43.6904042936058], [-79.2596669168096, 43.6903982353881], [-79.2596870393872, 43.6903946231687], [-79.2597054554485, 43.6903958860599], [-79.2597489694738, 43.6904056989232], [-79.2597908288408, 43.6904167234676], [-79.25984602165, 43.6904375064093], [-79.2599162937563, 43.6904595361713], [-79.2599681519545, 43.6904766575246], [-79.2600311322348, 43.690488824488], [-79.2600677367364, 43.6905017911799], [-79.2600845342389, 43.6904921050389], [-79.2601197984603, 43.6904678665524], [-79.2601785586928, 43.6904339469534], [-79.2602458835589, 43.6903550748218], [-79.2602981559498, 43.6902713103864], [-79.2603555122425, 43.6901693289627], [-79.2604585116121, 43.689962902127], [-79.260519327846, 43.6898329608419], [-79.2605126632267, 43.689824440655], [-79.2604959557505, 43.689814684251], [-79.260400663846, 43.6897646443789], [-79.260388975409, 43.6897561136543], [-79.2603873443689, 43.6897451646602], [-79.260394100873, 43.6897305967245], [-79.2603974791596, 43.6897233037553], [-79.2604109126544, 43.6897172560383], [-79.2604276636206, 43.6897160759721], [-79.2604511206059, 43.689716125132], [-79.2604795938611, 43.6897149696233], [-79.2605047109533, 43.6897186677754], [-79.2605432104502, 43.6897260394814], [-79.2606000802403, 43.6897492559241], [-79.2607245933808, 43.6898003739475], [-79.2607688634085, 43.6898165339193], [-79.2608089334716, 43.6898282654495], [-79.2610000122054, 43.6896290253942], [-79.2610023598683, 43.689615726388], [-79.2610081601295, 43.6895982670004], [-79.261032353688, 43.6895658769116], [-79.2610667985538, 43.6895103209081], [-79.2611074461096, 43.6894734015378], [-79.2612288926558, 43.6893625522894], [-79.2613280602689, 43.6892641951997], [-79.2613900724529, 43.6891980211148], [-79.2614843114642, 43.6890942798244], [-79.2615537447427, 43.6890209471], [-79.2616305459809, 43.6889601775047], [-79.2616776562429, 43.6889136850236], [-79.2617345906732, 43.6888797518072], [-79.2617841266888, 43.6888440208874], [-79.2618584271075, 43.6887850371834], [-79.2619473521855, 43.6886946963654], [-79.2620550161904, 43.6886021981687], [-79.2621290453628, 43.6884861544978], [-79.2622072544538, 43.6884046664519], [-79.262255283814, 43.6882948425099], [-79.2623726029606, 43.6881726057975], [-79.262468313501, 43.6880440411556], [-79.2624858156171, 43.6879938322773], [-79.2625639368904, 43.6879374664211], [-79.2626943037617, 43.6877964077531], [-79.26280297532, 43.6876678697286], [-79.262915950727, 43.6875487648844], [-79.2630592535219, 43.6874171479784], [-79.2632721900998, 43.6871757602523], [-79.2633504329871, 43.6870848471141], [-79.2634504068234, 43.6869625643566], [-79.2635676344735, 43.686856024466], [-79.2636502424048, 43.6867525543308], [-79.2637804438524, 43.6866460230398], [-79.2639236194036, 43.6865458193043], [-79.264040722335, 43.6864706751995], [-79.2641535453198, 43.6863861067826], [-79.2643184133505, 43.6862670895771], [-79.2644590770577, 43.6861838744415], [-79.2645023829015, 43.6861575448492], [-79.2646625270287, 43.6860408577485], [-79.2648246107361, 43.6859196647592], [-79.2649917018049, 43.6858119837848], [-79.265035578878, 43.6857821806606], [-79.2651436545504, 43.6857087811143], [-79.2652767344108, 43.6855785355815], [-79.2654295551959, 43.6854528310533], [-79.2655575629381, 43.6853315760814], [-79.2657037962246, 43.6852058486688], [-79.2658627345435, 43.6850981586974], [-79.2660050667796, 43.6849769325562], [-79.2661373318802, 43.6848511759864], [-79.2662576021918, 43.6847254037354], [-79.2663817142999, 43.6846131411621], [-79.2664385783119, 43.6845956238096], [-79.2664524861582, 43.6845979385571], [-79.2664647761467, 43.6846048406624], [-79.2664761412182, 43.6846103636774], [-79.266500768281, 43.6846152296832], [-79.2665187834612, 43.6846138982833], [-79.2665387585684, 43.6846029304873], [-79.2665587382161, 43.6845843926007], [-79.2665749490157, 43.6845589790196], [-79.2666083558919, 43.6845067496585], [-79.2666474790324, 43.6844421641651], [-79.26668668027, 43.6843638068218], [-79.266728834301, 43.6842500173552], [-79.2667511833573, 43.6841833272911], [-79.266776411034, 43.6841259684465], [-79.266815231497, 43.6840497525882], [-79.2668623371779, 43.6839863984758], [-79.2668916517933, 43.6839434050201], [-79.2668990304917, 43.6839245353298], [-79.2668969993917, 43.6839109302165], [-79.2668907897495, 43.6839033654587], [-79.2668741671537, 43.6838942672453], [-79.266850301142, 43.6838723093938], [-79.26683474163, 43.6838609450141], [-79.2668275106202, 43.6838480854023], [-79.2668233782073, 43.6838390126587], [-79.2668286315009, 43.6838276907318], [-79.2668390642175, 43.6838209160272], [-79.2668619790261, 43.6838194505459], [-79.2668796486434, 43.6838240142388], [-79.2668973218488, 43.6838308552665], [-79.2669129113329, 43.6838376830411], [-79.2669347279898, 43.6838475479489], [-79.2669648592097, 43.6838627225704], [-79.2669918736167, 43.6838756135006], [-79.2670303136142, 43.6838976010262], [-79.2670583552692, 43.6839142835835], [-79.2670853621624, 43.6839291277592], [-79.2671032227543, 43.683932431624], [-79.2671353282673, 43.6839278343564], [-79.2671690507021, 43.6839220792049], [-79.2671915796002, 43.6839081550658], [-79.2672510174569, 43.6838919747419], [-79.2672783408323, 43.6838827140223], [-79.2672880232551, 43.6838710860459], [-79.2673234626714, 43.683835062956], [-79.267346084921, 43.6838001749371], [-79.2673799872206, 43.6837478473373], [-79.2674171807297, 43.6836815473968], [-79.2674495222954, 43.6836222225855], [-79.2674932585772, 43.6835221630315], [-79.2675386306707, 43.6834127994356], [-79.2675806283658, 43.6833453390379], [-79.2676120748475, 43.6833089476842], [-79.2676241783477, 43.6832966495021], [-79.2676291674316, 43.6832894585996], [-79.2676303037334, 43.6832810626912], [-79.2676303346198, 43.6832730605932], [-79.2676231917562, 43.6832662590883], [-79.2676061773961, 43.6832526325271], [-79.2675737643103, 43.6832277680282], [-79.2675435821689, 43.6831969131872], [-79.2675287940778, 43.6831752979819], [-79.2675282777075, 43.6831676908283], [-79.267539871474, 43.683162124595], [-79.2675564018759, 43.6831629503251], [-79.2675674112572, 43.6831641788868], [-79.2675822812277, 43.683167800643], [-79.2675943713529, 43.6831750262692], [-79.2676152431181, 43.6831918651392], [-79.2676416311941, 43.6832063118699], [-79.2676883530542, 43.6832355980676], [-79.2677180466433, 43.6832516537307], [-79.2677557145383, 43.6832647641584], [-79.267778339454, 43.6832740814686], [-79.2678062200096, 43.6832842735755], [-79.2678313730375, 43.6832812912255], [-79.2678523579443, 43.6832752489624], [-79.2678775344273, 43.6832661817672], [-79.2679055602374, 43.6832419171461], [-79.2679378376223, 43.6832054913839], [-79.267989721641, 43.683156953646], [-79.2679981719145, 43.6831366998559], [-79.2680108619992, 43.6831073363468], [-79.2680375733902, 43.6830668576728], [-79.2680586512211, 43.6830334515896], [-79.2680783522428, 43.6830000517101], [-79.2680952266903, 43.6829727309757], [-79.2681065385745, 43.682937279776], [-79.2681178237759, 43.6829119729931], [-79.2681249238565, 43.6828815809828], [-79.2681320324155, 43.6828522061367], [-79.2681517365672, 43.6828147466606], [-79.2681588411882, 43.6827863889522], [-79.2681701256862, 43.6827580307191], [-79.2681940103186, 43.6827236221551], [-79.2682349915468, 43.6826524689116], [-79.2682397516409, 43.6826370683254], [-79.268244042082, 43.6826147897885], [-79.2682273401285, 43.6826005698654], [-79.2681981317119, 43.6825680789302], [-79.2681800640683, 43.6825477713471], [-79.2681801467266, 43.6825295258656], [-79.2681829881231, 43.6825163627158], [-79.2681970203063, 43.6824991626703], [-79.2682166033581, 43.6824931174967], [-79.2682389419579, 43.682496205232], [-79.268257060331, 43.6825033349953], [-79.2682779661755, 43.6825145299959], [-79.2683002612058, 43.6825257188071], [-79.2683365071738, 43.6825440379194], [-79.2683872683142, 43.6825550143614], [-79.2684194921944, 43.6825291018768], [-79.2685504278292, 43.6824528559559], [-79.268658603212, 43.6823540605555], [-79.2687691321737, 43.6822462685045], [-79.2688905057882, 43.6821340066181], [-79.2689075530911, 43.6821131940545], [-79.2689311178261, 43.6821328735434], [-79.2689566901946, 43.6821400632703], [-79.2689901658555, 43.6821401309268], [-79.2690138304576, 43.6821273248813], [-79.2690336141066, 43.6821045015351], [-79.2690613393696, 43.6820645557403], [-79.2690772829294, 43.6820145856852], [-79.2690951985317, 43.681964619611], [-79.2691169581581, 43.6819375246201], [-79.269136752647, 43.6819118478626], [-79.2691683368568, 43.6818876171165], [-79.2691920356369, 43.6818690952719], [-79.2692138006713, 43.6818405690649], [-79.2692553600819, 43.6817863660749], [-79.2693206535418, 43.6816979159829], [-79.2693778371504, 43.6816219253042], [-79.2695337962319, 43.6813033324835], [-79.2696270825367, 43.6811077960604], [-79.2696767940449, 43.6809778993255], [-79.2697025612936, 43.6809307933808], [-79.2697737543356, 43.680849501942], [-79.2697501817461, 43.6808351783858], [-79.2697246550814, 43.6808194016774], [-79.2696991323475, 43.6807993583504], [-79.2696972258727, 43.6807822160156], [-79.2696992689677, 43.6807636414285], [-79.2696993236088, 43.6807493564599], [-79.2697111761587, 43.6807408110918], [-79.2697308701895, 43.6807379883493], [-79.2697466270554, 43.6807365978824], [-79.2697702417928, 43.680736645447], [-79.26979581367, 43.6807438349869], [-79.2698351143221, 43.6807610526202], [-79.2698783317409, 43.6807854251651], [-79.269933351109, 43.6808112526557], [-79.2700315592919, 43.6808657371722], [-79.2700571530505, 43.6808672198672], [-79.2700906483601, 43.6808587089926], [-79.2701583022153, 43.6808238929583], [-79.2702087429242, 43.6808015451016], [-79.2702472888814, 43.6807760588625], [-79.2702762191703, 43.6807482309484], [-79.2703245119466, 43.6806809261819], [-79.27036001926, 43.6806066196945], [-79.2703249818455, 43.6805577441981], [-79.2703794082717, 43.6805601758786], [-79.270421336435, 43.6804835689316], [-79.2704634878233, 43.6803418739406], [-79.2705638335816, 43.6800631697807], [-79.2706508584268, 43.6799145977539], [-79.270715144039, 43.6798519785768], [-79.2707249153045, 43.6798101600809], [-79.2707089213541, 43.6798054833235], [-79.2706801421863, 43.6797938048995], [-79.2706609891378, 43.6797751697652], [-79.2706482393117, 43.6797588788149], [-79.270654718682, 43.6797379727672], [-79.2706803511123, 43.6797356928522], [-79.270705987065, 43.6797357442783], [-79.270757195203, 43.6797428230015], [-79.2708275794281, 43.6797592385031], [-79.2708915463617, 43.6797802767748], [-79.2709586901842, 43.6798106287322], [-79.2710574126137, 43.6798471107846], [-79.2710987515458, 43.6798794632726], [-79.2711327534284, 43.6798908550047], [-79.2711738887046, 43.6798919635064], [-79.2711952105697, 43.6798817086867], [-79.2712293259155, 43.6798632432677], [-79.2712705862923, 43.679831416187], [-79.271350236212, 43.6797790618851], [-79.271404301661, 43.6797359277173], [-79.2714627350955, 43.679666032356], [-79.2715169449162, 43.6795848048716], [-79.271579780519, 43.6794757985461], [-79.2716177230566, 43.6793834038809], [-79.2716549468055, 43.6793169945539], [-79.2716786860688, 43.6792611618269], [-79.2717154383298, 43.6791587822928], [-79.2718212906753, 43.6788780446686], [-79.271907640853, 43.6786640217586], [-79.2719184198194, 43.678640756869], [-79.2719120378771, 43.6786360904561], [-79.2718800466614, 43.6786080865418], [-79.2718523178924, 43.6785909557109], [-79.2718309946033, 43.6785722804319], [-79.2718161250629, 43.6785458679011], [-79.2718033475809, 43.6785303151286], [-79.2717991341532, 43.6785163366788], [-79.2717991753286, 43.6785054721757], [-79.2718141683698, 43.6784992911996], [-79.2718355556967, 43.6784977856651], [-79.2718590827438, 43.678497832623], [-79.271880446573, 43.6785025289382], [-79.2718932534631, 43.6785103226286], [-79.2719295345314, 43.6785321241927], [-79.2719807557595, 43.67856171468], [-79.2720575550185, 43.6786130943231], [-79.2721429119773, 43.6786644909728], [-79.2722460703861, 43.6787181373507], [-79.2723112798413, 43.6787220118033], [-79.2723765744213, 43.6787197744965], [-79.2724321552391, 43.6786985610493], [-79.2725335333895, 43.6786490125696], [-79.2726055304182, 43.678599405556], [-79.2726808159321, 43.6785427029999], [-79.2727365539459, 43.6784764831493], [-79.2727924437973, 43.6783699916952], [-79.2728744078177, 43.6782753887499], [-79.2729630737473, 43.6781334251397], [-79.2730288106664, 43.6780103727], [-79.2730193386371, 43.677999633327], [-79.2730700467015, 43.6778955617936], [-79.273142476201, 43.677727515996], [-79.2732294225318, 43.6775609751629], [-79.2732849817305, 43.6773969103827], [-79.2733463176988, 43.6772070952601], [-79.2732778276816, 43.6771756978691], [-79.2732443917296, 43.6771559366691], [-79.2732014207122, 43.6771257420192], [-79.2731823200662, 43.6771129672591], [-79.2731664409346, 43.6770944110425], [-79.2731585020933, 43.6770816494256], [-79.2731585413598, 43.67707122598], [-79.2731633634026, 43.677061973195], [-79.2731745506423, 43.6770585208865], [-79.2731920993924, 43.677058555707], [-79.2732160133456, 43.6770643909993], [-79.2732510752559, 43.6770772064175], [-79.2732813245786, 43.6770934777864], [-79.2733370441486, 43.6771271721937], [-79.2733927724866, 43.677158553253], [-79.2734709644247, 43.6771824357008], [-79.2735075858724, 43.6771796278468], [-79.2735571139562, 43.6771646667693], [-79.2736210078197, 43.6771485819525], [-79.273681741086, 43.6771220763203], [-79.2737457399641, 43.6770747210708], [-79.2738033822087, 43.6770192430212], [-79.273851480486, 43.6769556448765], [-79.2738996650131, 43.6768723520019], [-79.2739863072212, 43.6767462978866], [-79.273989701743, 43.6767340448054], [-79.2740752933095, 43.6766300867742], [-79.2741379862355, 43.6765074597104], [-79.2742134583706, 43.6763767476653], [-79.2742424811367, 43.6762934257888], [-79.2742474505519, 43.6762448014872], [-79.2742395239942, 43.6762320399677], [-79.2742235976382, 43.6762227461571], [-79.2741917443477, 43.6762076240352], [-79.2741439516746, 43.6761866915666], [-79.2741184512182, 43.6761773698229], [-79.2740786633525, 43.6761483429576], [-79.2740531970409, 43.6761332334199], [-79.274037275097, 43.6761227784219], [-79.2740261532723, 43.6761088584025], [-79.2740278182553, 43.6760914981529], [-79.2740294571949, 43.6760810778673], [-79.2740342747007, 43.6760729772036], [-79.274055014769, 43.6760718570302], [-79.2740869027016, 43.6760777169035], [-79.2740996461059, 43.6760858432733], [-79.2741250950548, 43.6761055794437], [-79.2741712964726, 43.6761242044396], [-79.2742350240798, 43.676152126388], [-79.274297143248, 43.6761823584635], [-79.2743560752238, 43.6762125842138], [-79.2743911548662, 43.6762172891324], [-79.2744458755611, 43.6762163079595], [-79.2744861136825, 43.6762145780844], [-79.2745116712101, 43.6762053661466], [-79.2745500545826, 43.676182281466], [-79.274591638754, 43.6761522630686], [-79.2746508921621, 43.6760933132509], [-79.2747325719599, 43.6760100860392], [-79.2747854418884, 43.6759534549116], [-79.2748271124203, 43.6759002672058], [-79.2748608426626, 43.6758412669973], [-79.2749186687835, 43.6757360024459], [-79.2750074785674, 43.6755466005216], [-79.27505051609, 43.6754560149435], [-79.2750811290249, 43.6753715257982], [-79.2750908673835, 43.6753275465143], [-79.2750895276526, 43.6752545881911], [-79.2750433395946, 43.6752324890808], [-79.2750019212544, 43.6752150350193], [-79.274950972192, 43.6751859864836], [-79.2749111580514, 43.6751673743772], [-79.2748824879692, 43.6751534288845], [-79.2748490661882, 43.6751267191567], [-79.2748443138216, 43.675117447439], [-79.2748427702932, 43.6751023941936], [-79.2748476049427, 43.6750896578487], [-79.2748620005197, 43.6750804328463], [-79.2748859528162, 43.6750758443393], [-79.2749114702534, 43.6750805302676], [-79.2749369623412, 43.6750886816482], [-79.2749815758687, 43.6751072941921], [-79.2750309553438, 43.6751282384386], [-79.2751265525731, 43.6751666461385], [-79.2752709675967, 43.6752270409492], [-79.2753087039737, 43.6752341901673], [-79.2753691361058, 43.6752311764791], [-79.2754231238176, 43.675220318951], [-79.2754793621237, 43.6751812646862], [-79.2755270337888, 43.6751281065073], [-79.2755920201087, 43.6750577537759], [-79.2756593391813, 43.6749404186991], [-79.2757503886016, 43.6748246963652], [-79.2758155667411, 43.6747026583026], [-79.2758723114379, 43.674527342856], [-79.27592739969, 43.6743671643491], [-79.2759270850318, 43.6743084121158], [-79.2759360167904, 43.6742576891815], [-79.2758932491614, 43.6742430142033], [-79.2758531047351, 43.674223267608], [-79.2758016538105, 43.6741958927081], [-79.2757562878731, 43.6741729673728], [-79.2757327453533, 43.6741608774203], [-79.2757048559101, 43.6741405247228], [-79.2756891776785, 43.6741246336321], [-79.2756848407709, 43.6741170100046], [-79.2756848762098, 43.6741074956784], [-79.2756857874162, 43.6740992522569], [-79.2756892911009, 43.6740941823874], [-79.2756998156868, 43.6740853277372], [-79.2757059507987, 43.6740796329381], [-79.2757164565061, 43.6740758459927], [-79.2757313227541, 43.6740733367877], [-79.2757426723182, 43.6740727289616], [-79.2757610316173, 43.6740746642565], [-79.2757793714113, 43.67407850779], [-79.2758055524075, 43.6740880735369], [-79.2758369644305, 43.6740982796282], [-79.27586400939, 43.6741122937082], [-79.2759224711755, 43.6741352356715], [-79.2760157237384, 43.674186923987], [-79.2761112507236, 43.6741906216407], [-79.2761547286256, 43.6742043887951], [-79.2762143984591, 43.6741993118641], [-79.2762860498488, 43.6741804053193], [-79.2763457908861, 43.6741528071554], [-79.2764127769756, 43.6741044480837], [-79.2764750008477, 43.6740560796603], [-79.2765085458657, 43.6740128578989], [-79.2765516651374, 43.6739661803331], [-79.2765828285787, 43.673926410401], [-79.2766308506647, 43.6738451143055], [-79.2766860864117, 43.6737447764844], [-79.2767222039427, 43.6736565170722], [-79.2767943551823, 43.6735025283534], [-79.2768327571404, 43.6734402601785], [-79.2768662301437, 43.6734230069796], [-79.2769068338147, 43.6734057676876], [-79.2768784941535, 43.6733295161873], [-79.276873796703, 43.6733087229664], [-79.2768743689386, 43.6732982015381], [-79.2768858613563, 43.6732723811749], [-79.2768883001373, 43.6732567956455], [-79.2768978811118, 43.6732481550736], [-79.2769146115538, 43.6732378001999], [-79.2769313479897, 43.6732291735893], [-79.2769576209102, 43.673220565584], [-79.2769886486035, 43.6732206261208], [-79.2770220256882, 43.6732258849946], [-79.2772253727435, 43.6730773455934], [-79.2772398113432, 43.6730462021525], [-79.2772950385006, 43.6729510667703], [-79.2773502271142, 43.6728663098097], [-79.2773936009299, 43.6727503672349], [-79.2774465113798, 43.6726309776992], [-79.2774971038033, 43.6725011960979], [-79.2775332449624, 43.6724060144382], [-79.2775747772631, 43.6722915534196], [-79.2776585961084, 43.67213364424], [-79.2776643440246, 43.6720983612297], [-79.2776616115639, 43.6720793541206], [-79.2776588391228, 43.6720678180324], [-79.2776504714099, 43.6720569371587], [-79.2776243458141, 43.6720392437435], [-79.2776019728205, 43.672019523324], [-79.2775852099725, 43.6720018391137], [-79.2775843199938, 43.6719909817855], [-79.277586245151, 43.6719767364356], [-79.2775918954653, 43.6719645326326], [-79.2775508644504, 43.6719366297015], [-79.2775780329701, 43.6719203901717], [-79.2776302592119, 43.6719557859707], [-79.2776676603159, 43.671955858721], [-79.277706883855, 43.6719695089996], [-79.2777367797203, 43.6719770202283], [-79.2777628828905, 43.6719974319742], [-79.2777945737545, 43.6720226072749], [-79.2778449901774, 43.6720444164595], [-79.2778813437653, 43.6720729852953], [-79.2779199407352, 43.6721086155155], [-79.2779965372948, 43.6721468488997], [-79.2780375986821, 43.6721666055311], [-79.2780964431529, 43.6721830031709], [-79.2781852710157, 43.6721865690702], [-79.278274717424, 43.6721804416747], [-79.2783673489722, 43.6721849419467], [-79.2785347595521, 43.6720543331542], [-79.279155767508, 43.6715767271632], [-79.2796687383728, 43.6711848992303], [-79.2796595074519, 43.6711692371343], [-79.2796606275256, 43.6711545851358], [-79.2796614607025, 43.6711403916518], [-79.2796685790991, 43.6711199633628], [-79.2796796057926, 43.6710989755225], [-79.2796968678425, 43.671085380785], [-79.2797125404749, 43.6710757525664], [-79.2797329087926, 43.6710672765622], [-79.2797579583119, 43.6710639133252], [-79.2797844343643, 43.6710638203119], [-79.2798026065063, 43.6710658536125], [-79.2798183786314, 43.6710697095565], [-79.2798280101004, 43.6710741837639], [-79.2798411610385, 43.671079303843], [-79.2798551707183, 43.6710869729494], [-79.2798630366186, 43.6710927219419], [-79.2798735322612, 43.6711016534656], [-79.2798831551848, 43.6711118614962], [-79.2798936298465, 43.6711265358232], [-79.2799040812902, 43.6711475650402], [-79.2799205989092, 43.6711883638443], [-79.2800452201269, 43.6711563519566], [-79.280127596717, 43.6713539364976], [-79.2800180366723, 43.6713772731776], [-79.2801241942444, 43.671633745134], [-79.2801842922654, 43.6717789800678], [-79.2810602775577, 43.6738954319373], [-79.2811947085931, 43.6738647067873], [-79.2812163446666, 43.6739546533931], [-79.283155233091, 43.6786372685676], [-79.2839098368616, 43.6804496535381], [-79.2840604480069, 43.6808114397811], [-79.2842041965824, 43.6811644005658], [-79.2843799992774, 43.6815961200603], [-79.2846766621867, 43.6823115721762], [-79.2849804430058, 43.6830398456825], [-79.2851091145681, 43.6833456189891], [-79.285282025041, 43.6837745950995], [-79.285859731587, 43.6851610425614], [-79.2862501028141, 43.6861002220003], [-79.2865765856099, 43.6869049542795], [-79.2870025778155, 43.687939242084], [-79.2875539160129, 43.6892908408367], [-79.2873565602814, 43.6893116899301], [-79.2865354865245, 43.6894840466168], [-79.2860233256493, 43.6895991607537], [-79.2859072643618, 43.6896211136292], [-79.285590499996, 43.6896872375164], [-79.2849353167379, 43.6898386056738], [-79.2840812699479, 43.690038516649], [-79.2834611082008, 43.6901869540632], [-79.2832615982925, 43.6902260826337], [-79.2828805848848, 43.6903159125925], [-79.2826106480119, 43.6903836923749], [-79.282292224329, 43.6904537555245], [-79.2815727371901, 43.6906168726056], [-79.2810282700902, 43.6907414619724], [-79.2806354697936, 43.6908266982023], [-79.2802939541665, 43.6909006540284], [-79.2799707438555, 43.69097895569], [-79.2797350578698, 43.6910380003323], [-79.2791245981242, 43.6911938679524], [-79.2784900736801, 43.6913789488813], [-79.2781017452396, 43.6914907208711], [-79.2778823796385, 43.6915533398773], [-79.2774746805261, 43.6916897176308], [-79.2772378595645, 43.6917657583481], [-79.2770188768849, 43.6918450468337], [-79.2763021846331, 43.6921056381432], [-79.2753396445947, 43.6925112478986], [-79.274465430468, 43.6929034228727], [-79.2736957190211, 43.6932893351458], [-79.2732958434317, 43.6935232964207], [-79.2730497083245, 43.6936480339417], [-79.2725771725802, 43.6939171064512], [-79.2720985023211, 43.6942030691831], [-79.2716550928309, 43.694506400815], [-79.2712651445158, 43.6947680627248], [-79.2710688733016, 43.6949052544886], [-79.2706144553332, 43.6952461133656], [-79.270085810363, 43.695654537818], [-79.2698603218553, 43.6958392945181], [-79.2690994447223, 43.6965371599552], [-79.2684209001623, 43.6972226662837], [-79.2673824510966, 43.6984456863233], [-79.2667413411422, 43.6993051723604], [-79.2662556999, 43.7000483791223], [-79.2659306660013, 43.700558959635], [-79.2658271333672, 43.7007080697864], [-79.265773013976, 43.7008101684152], [-79.265627494865, 43.7009912548875], [-79.2626826946732, 43.7054592082623], [-79.2625376266607, 43.7056779619019], [-79.2591646701613, 43.7107532629328], [-79.2589202403434, 43.7111210883031], [-79.2576132687429, 43.7131440218349], [-79.257464031632, 43.7133749926017], [-79.2565783696235, 43.7146581923755], [-79.2565325819748, 43.7147245241251], [-79.256527550657, 43.7147319754493], [-79.2553892561617, 43.7164173613768], [-79.254275368228, 43.7180882779122], [-79.2538693995992, 43.718166255409], [-79.2536271509737, 43.7182287512681], [-79.2530410107543, 43.7183535128821], [-79.2524672539719, 43.7184872905535], [-79.251299453993, 43.718763794357], [-79.2512220151308, 43.7185889745975], [-79.2510594369867, 43.7181061896446], [-79.250862820487, 43.7175782879744], [-79.2506902951053, 43.7171612978838], [-79.2501473319501, 43.7158739863262], [-79.2499392136164, 43.7153462377469], [-79.249277030452, 43.7137750581753], [-79.2485136850903, 43.7119424712628], [-79.2484259735506, 43.7117296234809], [-79.2483616889603, 43.7115736341556], [-79.2481872869113, 43.7111210897436], [-79.2481133285089, 43.710943412914], [-79.2478980398395, 43.7103908998983], [-79.2478199736202, 43.7101841577207], [-79.2474157407337, 43.7092212911584], [-79.2470836851645, 43.708430344882], [-79.2467729397832, 43.7076844690806], [-79.2467843021471, 43.7076765011271], [-79.2468606902776, 43.7076228697507], [-79.246977047378, 43.7075392895768], [-79.2471517804288, 43.7074066645069], [-79.2472208528595, 43.7073516395103], [-79.2472872595375, 43.7073020093382], [-79.2473485637956, 43.707255932351], [-79.2473984793988, 43.7072063736768], [-79.2474433174014, 43.7071603772646], [-79.2474815164463, 43.7071026735216], [-79.2475132338955, 43.7070608066806], [-79.2475213918897, 43.7070062140096], [-79.2475323050555, 43.7069426171538], [-79.2475397795482, 43.7068941798379], [-79.2475393378962, 43.7068427186138], [-79.2475318028925, 43.7067784509204], [-79.2475153621896, 43.7067281695278], [-79.2474951986464, 43.7066691216746], [-79.2474634300377, 43.7066138647163], [-79.2474233156913, 43.7065544937305], [-79.2472507410168, 43.7063041020319], [-79.2471940006029, 43.7062328485282], [-79.24716001247, 43.7061684952909], [-79.2471266395328, 43.7061172042452], [-79.247092766013, 43.7060492327299], [-79.2470671216956, 43.7059924409875], [-79.247064232677, 43.7059860526947], [-79.2470437174201, 43.7059222873109], [-79.2470150607566, 43.7058471533033], [-79.2469928608689, 43.7057561823435], [-79.2469527138836, 43.7055337351054], [-79.2469023112065, 43.7052716865509], [-79.2468771060764, 43.7051814110043], [-79.2468476181947, 43.7051004872873], [-79.2468154861403, 43.7050405306658], [-79.2467980105681, 43.7049916960673], [-79.2467677585786, 43.7049361182135], [-79.2467337031288, 43.7048909823995], [-79.2466967531656, 43.7048584779453], [-79.2466481771592, 43.7048141920511], [-79.2466136637829, 43.704783547232], [-79.2465824310478, 43.7047605607562], [-79.2465495562895, 43.704741522189], [-79.246507733429, 43.7047053253481], [-79.2464627658057, 43.7046734151229], [-79.2464174918736, 43.7046523687349], [-79.2463746544912, 43.7046331729958], [-79.2463189262532, 43.7046108611962], [-79.2462527312496, 43.7045872929605], [-79.2461570006053, 43.704567934703], [-79.2460662327527, 43.7045486594007], [-79.245986840675, 43.7045328297895], [-79.2459266130302, 43.7045271151455], [-79.2458327252415, 43.7045121353305], [-79.2457457946868, 43.7044979900296], [-79.2456884494513, 43.7044796438862], [-79.245624351415, 43.7044532175471], [-79.2455530794978, 43.7044332021109], [-79.2455236899408, 43.7044146030668], [-79.2454771180968, 43.7043866584417], [-79.2454299314813, 43.7043456695856], [-79.2453761067588, 43.7042929732708], [-79.2453337847401, 43.7042401045301], [-79.245297944551, 43.7041714079779], [-79.2452466897961, 43.7040510097575], [-79.2451587679195, 43.7038405080425], [-79.2447276355977, 43.7028041115484], [-79.2443930621476, 43.7019594583499], [-79.2440352987181, 43.7003415693906], [-79.2441326538905, 43.7002805966668], [-79.2443176195014, 43.7002006561403], [-79.2444410224771, 43.7001235571149], [-79.2444985664639, 43.7000998773723], [-79.2445396965983, 43.7000731904969], [-79.2446589545349, 43.7000050112391], [-79.2447412519486, 43.6999486580167], [-79.2448399633991, 43.6998893619526], [-79.2449058465769, 43.6998329629674], [-79.2449633900652, 43.6998092919896], [-79.2449921744199, 43.6997944770946], [-79.2450661698559, 43.6997589250732], [-79.2451442971243, 43.6997144709498], [-79.2452264677185, 43.6996878663199], [-79.2452964190511, 43.6996404144451], [-79.2453662069529, 43.6996256908144], [-79.2454526097945, 43.6995693372199], [-79.2455800538267, 43.6995041546474], [-79.2456458224982, 43.6994775132069], [-79.245736205965, 43.6994449856398], [-79.2457691843803, 43.6994123213386], [-79.2458431913976, 43.6993738074164], [-79.2459911296622, 43.6993175992191], [-79.2460856820819, 43.699270192522], [-79.2461761023823, 43.699234685264], [-79.2462747358242, 43.6991962167415], [-79.2464021153158, 43.6991488916441], [-79.2464391748964, 43.6991162452034], [-79.2465090243445, 43.6990925917401], [-79.2465377956082, 43.6990777674236], [-79.2465911936309, 43.6990630066994], [-79.2466282029093, 43.6990422687791], [-79.2466528798538, 43.6990304147816], [-79.2466980271501, 43.6990245649903], [-79.246718560051, 43.6990186606429], [-79.2467146164104, 43.6989799554005]]]]}}, {"type": "Feature", "properties": {"name": "Bendale South", "code": "157", "centroid": [-79.24775, 43.74751]}, "geometry": {"type": "MultiPolygon", "coordinates": [[[[-79.2431465993407, 43.7557783761282], [-79.2430045154257, 43.7556405815573], [-79.2427905072289, 43.7556474181304], [-79.2425024972451, 43.7557385547833], [-79.2421689345271, 43.7556767657461], [-79.2418554339082, 43.755550041451], [-79.2415391453017, 43.7554048935519], [-79.2411976063626, 43.7552927669809], [-79.2409372747901, 43.7552200686732], [-79.2406636356011, 43.7552327068776], [-79.2404224836475, 43.7551473412307], [-79.2401978358641, 43.7551223025709], [-79.2401107769459, 43.7551126083922], [-79.2398689371107, 43.7549569947115], [-79.2396811646433, 43.7547932945826], [-79.2394242132118, 43.7547095110528], [-79.2391424714679, 43.7546153550023], [-79.238839121318, 43.7544731005189], [-79.2385416054397, 43.7543288243039], [-79.2382953255536, 43.7541621886579], [-79.238237176654, 43.7541327026102], [-79.2381906249096, 43.7539382962322], [-79.2381311502932, 43.7537059922], [-79.23801532125, 43.7534999684728], [-79.2378324070925, 43.753357699245], [-79.2375875106206, 43.7533930430196], [-79.2375836362703, 43.7533930431256], [-79.2377246352069, 43.7533003664203], [-79.2378202929931, 43.7532454715706], [-79.2379528556329, 43.7531451602187], [-79.2380808675713, 43.7529834411335], [-79.2381995559915, 43.7528153727047], [-79.2382368509713, 43.7526461996481], [-79.2381245948978, 43.752498268892], [-79.2378943695623, 43.7523993671068], [-79.2377032888565, 43.7523109870803], [-79.2375874322884, 43.7521974680996], [-79.237622212975, 43.752092494986], [-79.2377486028012, 43.7521256304173], [-79.2379057040191, 43.7521183127516], [-79.2379935906122, 43.7520567570419], [-79.2380832823493, 43.7519371566846], [-79.2381949991884, 43.7517214199176], [-79.238209378253, 43.7516930090707], [-79.2382620429201, 43.7515756550615], [-79.2381840436272, 43.751434499669], [-79.2380433147739, 43.7513013015462], [-79.238029550384, 43.7511831022772], [-79.2380523635405, 43.7510771834615], [-79.2381419698235, 43.7509768184016], [-79.2382278197396, 43.7508208622676], [-79.2382888926145, 43.7506259821596], [-79.2383104435827, 43.7505987038645], [-79.2383272482261, 43.7504865964037], [-79.2383362061612, 43.7502973036956], [-79.2383468727487, 43.7500692197226], [-79.2384760290793, 43.749902426049], [-79.2385566485223, 43.7497380235459], [-79.2385854298864, 43.7495215024985], [-79.2385517311107, 43.7492588513996], [-79.2385338012579, 43.7491932006325], [-79.2385233625895, 43.7489698119498], [-79.2386755149589, 43.7488651339068], [-79.2388926922096, 43.7488864860251], [-79.2390530677784, 43.7489180504447], [-79.2391955434734, 43.7488683739599], [-79.2394083025861, 43.7487118062699], [-79.2395612240716, 43.7485036959854], [-79.2396069181954, 43.748225779963], [-79.2396877838993, 43.7478944408667], [-79.2397849142144, 43.7477437208641], [-79.2398268670382, 43.7476497987997], [-79.2399545470981, 43.7475149632961], [-79.2399416035414, 43.7474646081177], [-79.2400720844445, 43.7472074614908], [-79.2401074550174, 43.7469558592512], [-79.2400902777611, 43.7466270781951], [-79.2401183410375, 43.7463854866524], [-79.2401514960134, 43.7461091620141], [-79.2402250041001, 43.7459475234282], [-79.2404045740243, 43.7458139394548], [-79.2404619105341, 43.7457855718442], [-79.2407175535661, 43.745695104845], [-79.2409796637048, 43.7455731837099], [-79.2411664173994, 43.7454487960406], [-79.2413459272112, 43.7452995033333], [-79.2413623182019, 43.7452875688189], [-79.2413980083719, 43.7452630402736], [-79.2414629923237, 43.745205795585], [-79.2415116488558, 43.7451543557189], [-79.2416621418843, 43.7451260271166], [-79.2418098518539, 43.7451472076712], [-79.241987079891, 43.7451990407736], [-79.2421169074876, 43.7452326022288], [-79.2421950653234, 43.7452416357312], [-79.2424613831349, 43.7453360826956], [-79.2427298239513, 43.7453147962973], [-79.2430336648655, 43.7452640288959], [-79.2432806643703, 43.7453207604668], [-79.243393207154, 43.745349105954], [-79.2434933100442, 43.7453743179972], [-79.2436235902613, 43.7453777517162], [-79.2437537477362, 43.7453692134061], [-79.2440688644913, 43.7453411515739], [-79.244181995615, 43.7453976263737], [-79.2442144850403, 43.7455092780463], [-79.2442744937701, 43.7456664383732], [-79.2444558231165, 43.7457473867214], [-79.2446018432329, 43.7457752927903], [-79.2448443593128, 43.745783449451], [-79.2449567748106, 43.7457836643426], [-79.2450772911804, 43.7457796576232], [-79.2453276255478, 43.7457624022873], [-79.2456320359984, 43.7457090999126], [-79.2458787635923, 43.7456638235875], [-79.2460509297359, 43.7456219365697], [-79.2462675125129, 43.7455173194778], [-79.2464790224582, 43.7454318452904], [-79.246695153955, 43.7453573534239], [-79.2468692758859, 43.7452693923252], [-79.247061342311, 43.7451186152397], [-79.247193247374, 43.7449895957153], [-79.2472462500662, 43.7448925538974], [-79.247343107176, 43.7447509360058], [-79.2474994204488, 43.7446249134661], [-79.2475717363133, 43.7445882132498], [-79.2476484633275, 43.7445713523888], [-79.2477686333883, 43.7445782335278], [-79.2479133726909, 43.7446625161139], [-79.2480461383405, 43.7447302369028], [-79.2482148438305, 43.7447191231213], [-79.2483944073176, 43.7446323508337], [-79.2485816190844, 43.7445246762778], [-79.2487323566882, 43.7444010791091], [-79.2488852996967, 43.7442635887175], [-79.2490078545462, 43.7441453209829], [-79.2490337019838, 43.7441132074175], [-79.2491208263154, 43.7440324148036], [-79.2492504211388, 43.7439198240167], [-79.2492721959968, 43.7438877014616], [-79.249324128106, 43.7438111250629], [-79.2493746633008, 43.7437747269768], [-79.2494814115292, 43.7436592864481], [-79.2496138709278, 43.7434965287747], [-79.2496841115817, 43.7434268422337], [-79.2497324471189, 43.7433788906167], [-79.2499418153418, 43.7432650694864], [-79.2501261750295, 43.7432324652319], [-79.2503076291679, 43.7431968929341], [-79.2505497725009, 43.7431370145271], [-79.2506882583966, 43.7430857847474], [-79.2507618593799, 43.7430646033928], [-79.2509979089753, 43.7429949354316], [-79.2508472872047, 43.742634540747], [-79.2506389122633, 43.7421660053124], [-79.2511212369071, 43.7420590420094], [-79.2513805435768, 43.7420236014872], [-79.2515800082231, 43.7420150249671], [-79.2522189370005, 43.7419354009253], [-79.2524425485071, 43.7418998806063], [-79.2527266843131, 43.7418644908028], [-79.2532413339224, 43.7418115867498], [-79.2542799050492, 43.7417148018371], [-79.2544188806615, 43.7416970890939], [-79.254523640641, 43.7416973141308], [-79.25461048588, 43.7417065018251], [-79.2548446403428, 43.7417520103573], [-79.2550439934848, 43.7417704401927], [-79.2552030089308, 43.7417797820826], [-79.2555210405919, 43.7418074664131], [-79.2556557041035, 43.7420868009685], [-79.2556934270645, 43.742158891305], [-79.255743614463, 43.7422220160541], [-79.2557977487778, 43.7422671377874], [-79.2558604615401, 43.7423032766061], [-79.2559387543397, 43.7423214462346], [-79.2559929985648, 43.7423395644729], [-79.2560767659428, 43.7423487444816], [-79.2561528102192, 43.7423489157417], [-79.2562389723938, 43.7423400893149], [-79.2563034075664, 43.7423312255026], [-79.2571251512814, 43.7421349479086], [-79.2574092854929, 43.7420995464622], [-79.257572200612, 43.7421088933323], [-79.2577103213432, 43.7421091952028], [-79.2578405737124, 43.7421364658717], [-79.2579390294437, 43.7421546768469], [-79.2582203106249, 43.7422542945311], [-79.2585829541672, 43.7423810690341], [-79.2588193761308, 43.7424445766329], [-79.2591069874291, 43.7425081916382], [-79.2592961785779, 43.7425445860608], [-79.2597862881913, 43.7426176268312], [-79.2602686393708, 43.742690640226], [-79.2604416379204, 43.742700004154], [-79.260533153752, 43.742709197136], [-79.2606697722684, 43.7427004820702], [-79.2608980733601, 43.7426559448195], [-79.2614665331596, 43.7425401078066], [-79.2617326610396, 43.7431347338476], [-79.2628681283637, 43.7428850252723], [-79.2645270341078, 43.742519333199], [-79.2659482530144, 43.7422071468327], [-79.2665359369025, 43.7420736545781], [-79.2666553379466, 43.7420444554326], [-79.2674870766538, 43.7439844082887], [-79.2675177524628, 43.7440559582958], [-79.2680456760885, 43.7452871900756], [-79.2680649461525, 43.7453321452073], [-79.2682810782712, 43.7458395045771], [-79.2654389605044, 43.7476630403931], [-79.2640035127144, 43.7485830509681], [-79.2641611972021, 43.7489995650258], [-79.2644627400779, 43.7496932793275], [-79.2646862888975, 43.7502878100058], [-79.2649140405777, 43.7509993554146], [-79.2650183085496, 43.7513326141694], [-79.2650524988981, 43.7515217006146], [-79.2639184999971, 43.7517534491219], [-79.2624597301909, 43.7520655406472], [-79.2616418956221, 43.7522168944021], [-79.2601357563046, 43.7525378316343], [-79.2585232692938, 43.7528585243665], [-79.2580757528628, 43.7529746025655], [-79.2568423952964, 43.7531970422509], [-79.2566446686788, 43.7532427165544], [-79.2559140685148, 43.7534111012293], [-79.2553672013358, 43.7535269475991], [-79.251561113899, 43.7542838484723], [-79.2509337710765, 43.7544154127661], [-79.2508814208945, 43.7544263971483], [-79.2484881216523, 43.7549162303267], [-79.2467589639217, 43.755263458703], [-79.2454227767629, 43.7555485285071], [-79.2432328661623, 43.7560026995996], [-79.2432308774785, 43.7560031091868], [-79.2431723611671, 43.7558291647284], [-79.2431465993407, 43.7557783761282]]]]}}, {"type": "Feature", "properties": {"name": "Oakridge", "code": "121", "centroid": [-79.28058, 43.70062]}, "geometry": {"type": "MultiPolygon", "coordinates": [[[[-79.2789159960565, 43.7070164027045], [-79.2783941274371, 43.7057712996635], [-79.2780677634166, 43.7049937397504], [-79.2779125176412, 43.7046238909989], [-79.2775094032043, 43.7036711324211], [-79.2772993154142, 43.7030956138837], [-79.2769944259869, 43.7023966735221], [-79.2768716903593, 43.7021064398929], [-79.2765288580966, 43.7012971584491], [-79.2764579042067, 43.7011296769565], [-79.2760879278565, 43.7002028022625], [-79.275049672283, 43.7004362731988], [-79.2750179799916, 43.7004376600311], [-79.2749792919186, 43.7004419134924], [-79.2746548079572, 43.7005101610473], [-79.2743349542381, 43.7005709367587], [-79.2742932109848, 43.7005825920084], [-79.2733112066223, 43.7008030793369], [-79.2731885645786, 43.70082599634], [-79.2731357790063, 43.7008375842488], [-79.2730901566093, 43.70085458712], [-79.2730082538172, 43.700895263304], [-79.2720177822621, 43.7011179190038], [-79.2708259293443, 43.7013947282787], [-79.2698475391574, 43.7016204318033], [-79.2698396633411, 43.7016132419276], [-79.2698083741819, 43.7015836547329], [-79.2697777192221, 43.7015536997545], [-79.269747698358, 43.7015234039965], [-79.2697185350869, 43.7014927229033], [-79.2696898693302, 43.7014617277601], [-79.2690843506794, 43.7009165139164], [-79.2687598774067, 43.7007245538075], [-79.2686214455607, 43.7005814323912], [-79.268473962053, 43.7004403177579], [-79.2683093089433, 43.7003054510233], [-79.268225363857, 43.7002089581554], [-79.2680782647632, 43.7001037768888], [-79.2679653192448, 43.7000089622295], [-79.2678681691882, 43.6999202373964], [-79.2677960933894, 43.6998283049553], [-79.2677034230062, 43.6997073644978], [-79.2676517723502, 43.6995856792322], [-79.2676137825026, 43.6994573427641], [-79.2675862999384, 43.6993614592583], [-79.2675460620537, 43.6991888678965], [-79.2675671382257, 43.6990129087117], [-79.26758617672, 43.6988826628816], [-79.2676354614418, 43.6987108476081], [-79.2676655357607, 43.6985949272277], [-79.2680058242861, 43.6981241582303], [-79.268449770617, 43.6975318468492], [-79.2689142196918, 43.6969061443616], [-79.2694577906336, 43.6962723723472], [-79.2698603218553, 43.6958392945181], [-79.270085810363, 43.695654537818], [-79.2706144553332, 43.6952461133656], [-79.2710688733016, 43.6949052544886], [-79.2712651445158, 43.6947680627248], [-79.2716550928309, 43.694506400815], [-79.2720985023211, 43.6942030691831], [-79.2725771725802, 43.6939171064512], [-79.2730497083245, 43.6936480339417], [-79.2732958434317, 43.6935232964207], [-79.2736957190211, 43.6932893351458], [-79.274465430468, 43.6929034228727], [-79.2753396445947, 43.6925112478986], [-79.2763021846331, 43.6921056381432], [-79.2770188768849, 43.6918450468337], [-79.2772378595645, 43.6917657583481], [-79.2774746805261, 43.6916897176308], [-79.2778823796385, 43.6915533398773], [-79.2781017452396, 43.6914907208711], [-79.2784900736801, 43.6913789488813], [-79.2791245981242, 43.6911938679524], [-79.2797350578698, 43.6910380003323], [-79.2799707438555, 43.69097895569], [-79.2802939541665, 43.6909006540284], [-79.2806354697936, 43.6908266982023], [-79.2810282700902, 43.6907414619724], [-79.2815727371901, 43.6906168726056], [-79.282292224329, 43.6904537555245], [-79.2826106480119, 43.6903836923749], [-79.2828805848848, 43.6903159125925], [-79.2832615982925, 43.6902260826337], [-79.2834611082008, 43.6901869540632], [-79.2840812699479, 43.690038516649], [-79.2849353167379, 43.6898386056738], [-79.285590499996, 43.6896872375164], [-79.2859072643618, 43.6896211136292], [-79.2860233256493, 43.6895991607537], [-79.2865354865245, 43.6894840466168], [-79.2873565602814, 43.6893116899301], [-79.2875539160129, 43.6892908408367], [-79.2877565107521, 43.689778817417], [-79.2879243116499, 43.6901792814646], [-79.2883586076965, 43.6912323377323], [-79.2885336368987, 43.6916750122302], [-79.2885381371732, 43.6916863891887], [-79.2886966186186, 43.6920872127841], [-79.2890220303473, 43.6928691890028], [-79.289180404403, 43.6932281016379], [-79.2894330096528, 43.6938429863115], [-79.2896767394086, 43.6945106015829], [-79.2896837989792, 43.6945281310798], [-79.2898204750099, 43.694949921804], [-79.289989207006, 43.6953617798041], [-79.2902328776117, 43.6959751428527], [-79.2904844887193, 43.6965505524493], [-79.2907688585421, 43.697225395583], [-79.290959064225, 43.6976556809163], [-79.2907893728025, 43.6976694664742], [-79.2905780214129, 43.6976795659475], [-79.2904898919919, 43.6976924293088], [-79.2902694961631, 43.6977452767324], [-79.2901019252141, 43.6978019112696], [-79.2899532726831, 43.6979263329857], [-79.2897832436207, 43.6980471326843], [-79.2895395471739, 43.6982239915243], [-79.2893477773786, 43.698320843131], [-79.2891288206651, 43.6984081569117], [-79.2888558660077, 43.6984967297345], [-79.28864279818, 43.6985707225599], [-79.2884120889717, 43.6985526532243], [-79.2882046886615, 43.6985389562305], [-79.2879597879521, 43.6985768656641], [-79.2878122808253, 43.6985329987317], [-79.2876582747225, 43.6984077659457], [-79.2874695049662, 43.6983251163958], [-79.2873795872495, 43.698292382536], [-79.2872036997061, 43.6982788683556], [-79.286966061121, 43.6982911355256], [-79.2867786283354, 43.6982621979791], [-79.2866526366264, 43.6982495141179], [-79.2865237522392, 43.6982339082999], [-79.2863502542519, 43.6982882579388], [-79.2861901150822, 43.6983468268999], [-79.286130570072, 43.6983661312723], [-79.2859954429859, 43.6983929902306], [-79.2856575738155, 43.6984465718979], [-79.2854461168008, 43.6985166012209], [-79.2852793620728, 43.6985790450397], [-79.2850761390896, 43.6987228456479], [-79.2848100032488, 43.6988002780371], [-79.2845282698019, 43.6988332050718], [-79.2843737385134, 43.6988389085245], [-79.2841390451401, 43.6989009164536], [-79.2839516226278, 43.698969170132], [-79.2837029202685, 43.6990487211864], [-79.2834776080327, 43.6990822384483], [-79.2831450100213, 43.6991276945089], [-79.2828782356128, 43.6991608618834], [-79.2826692226638, 43.6992327449659], [-79.282350646559, 43.69934229649], [-79.2822508401765, 43.6993717836295], [-79.2820096888224, 43.6994652343536], [-79.281897806075, 43.6995130247602], [-79.2818638312517, 43.6996274382146], [-79.2818686294443, 43.6996659638497], [-79.2819442849563, 43.6999023197916], [-79.2819623333185, 43.6999717450866], [-79.2820470146791, 43.7001518241622], [-79.2820819577517, 43.7002496356782], [-79.2821767784308, 43.7004805191951], [-79.282267901515, 43.7007494079807], [-79.2823035553029, 43.7008670145839], [-79.282333667327, 43.7009663650298], [-79.2823740810998, 43.7011469716144], [-79.2823650149481, 43.7013278260303], [-79.2823053515241, 43.701529575068], [-79.2821869191402, 43.7017096630394], [-79.2820933174246, 43.7018781865736], [-79.2820172395861, 43.7020452042274], [-79.2819138799511, 43.7022219091584], [-79.2819161463486, 43.702277811408], [-79.2819312661305, 43.7023167437695], [-79.2819645928767, 43.7023918149777], [-79.2819988799851, 43.7024141675336], [-79.2820559341986, 43.7024434404656], [-79.2821356308345, 43.7024832430135], [-79.2822248293088, 43.7025065282652], [-79.2822844115982, 43.7025024021645], [-79.2824484943542, 43.7025273960691], [-79.2825131805375, 43.7025357553314], [-79.2826140118116, 43.7025708540832], [-79.282758650465, 43.7026273780359], [-79.2828922853058, 43.7027007582972], [-79.2829567710409, 43.7027475523739], [-79.2830365298025, 43.7028185708328], [-79.2831183769528, 43.7029023119996], [-79.2831622392673, 43.7029705258665], [-79.2832022979589, 43.7030648001942], [-79.2832066421282, 43.7031022357347], [-79.2832105100218, 43.703220195776], [-79.2831568401695, 43.70337379974], [-79.2830645377123, 43.7034676339111], [-79.2829957641743, 43.703542997056], [-79.2829413856703, 43.7036039134457], [-79.2828057179928, 43.7036634422044], [-79.282673683794, 43.703733734232], [-79.2825713621298, 43.7038117877186], [-79.2825352912562, 43.7039290777066], [-79.2825350472794, 43.7040995433595], [-79.2825296282667, 43.7041261408137], [-79.2825056147579, 43.7042441468227], [-79.2824813125091, 43.7044008037405], [-79.2824820007256, 43.7044918529245], [-79.2824951833732, 43.7047133453192], [-79.2824392143352, 43.7049082783719], [-79.2823632124734, 43.7051220849219], [-79.2822453531256, 43.7052996265703], [-79.2822163408603, 43.7054957270013], [-79.2822598139886, 43.7056408473012], [-79.2823947867743, 43.7057679412376], [-79.2825452336746, 43.7059119778382], [-79.2825907847659, 43.706038622347], [-79.2825337657449, 43.7061221626865], [-79.2824182679044, 43.7061575519179], [-79.2823554659985, 43.7061691790139], [-79.2823071540972, 43.7061643703494], [-79.2821631839554, 43.7061677145804], [-79.2819814628623, 43.7061794748303], [-79.2817902818766, 43.706223369269], [-79.2815446479071, 43.706364625082], [-79.2813718907418, 43.7064908076302], [-79.2811860697935, 43.7066367136922], [-79.2810382100332, 43.7067981473513], [-79.2809607328708, 43.7069618670112], [-79.2809556789614, 43.7071094241248], [-79.2809765187112, 43.7072439970163], [-79.2810093292216, 43.7073794839612], [-79.2810934330944, 43.7075191377103], [-79.281188781144, 43.7077162770117], [-79.2812550712668, 43.7079811311636], [-79.2812600593879, 43.708175640087], [-79.2811207887246, 43.7083183676103], [-79.2810444874689, 43.7084926300176], [-79.2810179250862, 43.7087061881813], [-79.2809673029454, 43.7089059192918], [-79.2809395276723, 43.7091593687055], [-79.2810054749955, 43.7093378731435], [-79.2810901623515, 43.7095566130774], [-79.2811778150199, 43.7097278769476], [-79.2812869833015, 43.709930335291], [-79.2812514394126, 43.7100954944764], [-79.2811448332781, 43.7102801223598], [-79.2810179119412, 43.7104752877043], [-79.2809665552598, 43.7106343766429], [-79.2810209475064, 43.7107662593462], [-79.2811968479992, 43.7108302081158], [-79.2814549874371, 43.7108349865587], [-79.2816675167332, 43.7108451410746], [-79.2818843899269, 43.7108927487368], [-79.2820149049139, 43.7109860167574], [-79.2821496181945, 43.7111707814584], [-79.282232543215, 43.7113503166228], [-79.2823449605871, 43.7115448589791], [-79.2824552840928, 43.7117181092504], [-79.2817155399573, 43.7118844284732], [-79.2810032595656, 43.7120456468031], [-79.2809432730854, 43.7119026008376], [-79.2807323754654, 43.71139965605], [-79.2803233260483, 43.710351969803], [-79.2797279593704, 43.7089085694332], [-79.2795284297978, 43.7084276521668], [-79.2793046484416, 43.7078882964699], [-79.2793017069992, 43.7078817108643], [-79.2789159960565, 43.7070164027045]]]]}}, {"type": "Feature", "properties": {"name": "Clairlea-Birchmount", "code": "120", "centroid": [-79.28108, 43.70742]}, "geometry": {"type": "MultiPolygon", "coordinates": [[[[-79.2760309509127, 43.7253588434628], [-79.2753310588851, 43.7237193881009], [-79.2750973221653, 43.7231787008612], [-79.2749374051136, 43.7228091640965], [-79.2748451301451, 43.7225959139284], [-79.2745066118309, 43.7218273144344], [-79.2741389575538, 43.7209736935027], [-79.2737506564018, 43.7200885530328], [-79.27311101613, 43.7185840495615], [-79.2726657379664, 43.7175660144653], [-79.272324360728, 43.7167642235365], [-79.2718206961995, 43.7156020484409], [-79.271445927934, 43.7148181904672], [-79.2712579011918, 43.7144053047683], [-79.2712366964734, 43.714358707832], [-79.2711172341824, 43.7141581997162], [-79.2689387249333, 43.714714126924], [-79.2667369135013, 43.7152587314316], [-79.2657159340217, 43.7155176797253], [-79.264715076647, 43.7157856705629], [-79.2636895529943, 43.7159996031077], [-79.2626701560695, 43.7162315326692], [-79.2613340571546, 43.7165258100662], [-79.2599203237431, 43.7168469125505], [-79.2593714404384, 43.7169717759086], [-79.2557816262812, 43.7177653007554], [-79.2547769737671, 43.7179791798369], [-79.2544732887649, 43.7180462263216], [-79.2543328490962, 43.7180772399173], [-79.254275368228, 43.7180882779122], [-79.2553892561617, 43.7164173613768], [-79.256527550657, 43.7147319754493], [-79.2565325819748, 43.7147245241251], [-79.2565783696235, 43.7146581923755], [-79.257464031632, 43.7133749926017], [-79.2576132687429, 43.7131440218349], [-79.2589202403434, 43.7111210883031], [-79.2591646701613, 43.7107532629328], [-79.2625376266607, 43.7056779619019], [-79.2626826946732, 43.7054592082623], [-79.265627494865, 43.7009912548875], [-79.265773013976, 43.7008101684152], [-79.2658271333672, 43.7007080697864], [-79.2659306660013, 43.700558959635], [-79.2662556999, 43.7000483791223], [-79.2667413411422, 43.6993051723604], [-79.2673824510966, 43.6984456863233], [-79.2684209001623, 43.6972226662837], [-79.2690994447223, 43.6965371599552], [-79.2698603218553, 43.6958392945181], [-79.2694577906336, 43.6962723723472], [-79.2689142196918, 43.6969061443616], [-79.268449770617, 43.6975318468492], [-79.2680058242861, 43.6981241582303], [-79.2676655357607, 43.6985949272277], [-79.2676354614418, 43.6987108476081], [-79.26758617672, 43.6988826628816], [-79.2675671382257, 43.6990129087117], [-79.2675460620537, 43.6991888678965], [-79.2675862999384, 43.6993614592583], [-79.2676137825026, 43.6994573427641], [-79.2676517723502, 43.6995856792322], [-79.2677034230062, 43.6997073644978], [-79.2677960933894, 43.6998283049553], [-79.2678681691882, 43.6999202373964], [-79.2679653192448, 43.7000089622295], [-79.2680782647632, 43.7001037768888], [-79.268225363857, 43.7002089581554], [-79.2683093089433, 43.7003054510233], [-79.268473962053, 43.7004403177579], [-79.2686214455607, 43.7005814323912], [-79.2687598774067, 43.7007245538075], [-79.2690843506794, 43.7009165139164], [-79.2696898693302, 43.7014617277601], [-79.2697185350869, 43.7014927229033], [-79.269747698358, 43.7015234039965], [-79.2697777192221, 43.7015536997545], [-79.2698083741819, 43.7015836547329], [-79.2698396633411, 43.7016132419276], [-79.2698475391574, 43.7016204318033], [-79.2708259293443, 43.7013947282787], [-79.2720177822621, 43.7011179190038], [-79.2730082538172, 43.700895263304], [-79.2730901566093, 43.70085458712], [-79.2731357790063, 43.7008375842488], [-79.2731885645786, 43.70082599634], [-79.2733112066223, 43.7008030793369], [-79.2742932109848, 43.7005825920084], [-79.274293409696, 43.7005825383931], [-79.2743349542381, 43.7005709367587], [-79.2746548079572, 43.7005101610473], [-79.2749792919186, 43.7004419134924], [-79.2750179799916, 43.7004376600311], [-79.275049672283, 43.7004362731988], [-79.2760879278565, 43.7002028022625], [-79.2764579042067, 43.7011296769565], [-79.2765288580966, 43.7012971584491], [-79.2768716903593, 43.7021064398929], [-79.2769944259869, 43.7023966735221], [-79.2772993154142, 43.7030956138837], [-79.2775094032043, 43.7036711324211], [-79.2779125176412, 43.7046238909989], [-79.2780677634166, 43.7049937397504], [-79.2783941274371, 43.7057712996635], [-79.2789159960565, 43.7070164027045], [-79.2793046484416, 43.7078882964699], [-79.2795284297978, 43.7084276521668], [-79.2797279593704, 43.7089085694332], [-79.2803233260483, 43.710351969803], [-79.2807323754654, 43.71139965605], [-79.2810032595656, 43.7120456468031], [-79.2817155399573, 43.7118844284732], [-79.2824552840928, 43.7117181092504], [-79.2823449605871, 43.7115448589791], [-79.282232543215, 43.7113503166228], [-79.2821496181945, 43.7111707814584], [-79.2820149049139, 43.7109860167574], [-79.2818843899269, 43.7108927487368], [-79.2816675167332, 43.7108451410746], [-79.2814549874371, 43.7108349865587], [-79.2811968479992, 43.7108302081158], [-79.2810209475064, 43.7107662593462], [-79.2809665552598, 43.7106343766429], [-79.2810179119412, 43.7104752877043], [-79.2811448332781, 43.7102801223598], [-79.2812514394126, 43.7100954944764], [-79.2812869833015, 43.709930335291], [-79.2811778150199, 43.7097278769476], [-79.2810901623515, 43.7095566130774], [-79.2810054749955, 43.7093378731435], [-79.2809395276723, 43.7091593687055], [-79.2809673029454, 43.7089059192918], [-79.2810179250862, 43.7087061881813], [-79.2810444874689, 43.7084926300176], [-79.2811207887246, 43.7083183676103], [-79.2812600593879, 43.708175640087], [-79.2812550712668, 43.7079811311636], [-79.281188781144, 43.7077162770117], [-79.2810934330944, 43.7075191377103], [-79.2810093292216, 43.7073794839612], [-79.2809765187112, 43.7072439970163], [-79.2809556789614, 43.7071094241248], [-79.2809607328708, 43.7069618670112], [-79.2810382100332, 43.7067981473513], [-79.2811860697935, 43.7066367136922], [-79.2813718907418, 43.7064908076302], [-79.2815446479071, 43.706364625082], [-79.2817902818766, 43.706223369269], [-79.2819814628623, 43.7061794748303], [-79.2821631839554, 43.7061677145804], [-79.2823071540972, 43.7061643703494], [-79.2823554659985, 43.7061691790139], [-79.2824182679044, 43.7061575519179], [-79.2825337657449, 43.7061221626865], [-79.2825907847659, 43.706038622347], [-79.2825452336746, 43.7059119778382], [-79.2823947867743, 43.7057679412376], [-79.2822598139886, 43.7056408473012], [-79.2822163408603, 43.7054957270013], [-79.2822453531256, 43.7052996265703], [-79.2823632124734, 43.7051220849219], [-79.2824392143352, 43.7049082783719], [-79.2824951833732, 43.7047133453192], [-79.2824820007256, 43.7044918529245], [-79.2824813125091, 43.7044008037405], [-79.2825056147579, 43.7042441468227], [-79.2825296282667, 43.7041261408137], [-79.2825350472794, 43.7040995433595], [-79.2825352912562, 43.7039290777066], [-79.2825713621298, 43.7038117877186], [-79.282673683794, 43.703733734232], [-79.2828057179928, 43.7036634422044], [-79.2829413856703, 43.7036039134457], [-79.2829957641743, 43.703542997056], [-79.2830645377123, 43.7034676339111], [-79.2831568401695, 43.70337379974], [-79.2832105100218, 43.703220195776], [-79.2832066421282, 43.7031022357347], [-79.2832022979589, 43.7030648001942], [-79.2831622392673, 43.7029705258665], [-79.2831183769528, 43.7029023119996], [-79.2830365298025, 43.7028185708328], [-79.2829567710409, 43.7027475523739], [-79.2828922853058, 43.7027007582972], [-79.282758650465, 43.7026273780359], [-79.2826140118116, 43.7025708540832], [-79.2825131805375, 43.7025357553314], [-79.2824484943542, 43.7025273960691], [-79.2822844115982, 43.7025024021645], [-79.2822248293088, 43.7025065282652], [-79.2821356308345, 43.7024832430135], [-79.2820559341986, 43.7024434404656], [-79.2819988799851, 43.7024141675336], [-79.2819645928767, 43.7023918149777], [-79.2819312661305, 43.7023167437695], [-79.2819161463486, 43.702277811408], [-79.2819138799511, 43.7022219091584], [-79.2820172395861, 43.7020452042274], [-79.2820933174246, 43.7018781865736], [-79.2821869191402, 43.7017096630394], [-79.2823053515241, 43.701529575068], [-79.2823650149481, 43.7013278260303], [-79.2823740810998, 43.7011469716144], [-79.282333667327, 43.7009663650298], [-79.282267901515, 43.7007494079807], [-79.2821767784308, 43.7004805191951], [-79.2820819577517, 43.7002496356782], [-79.2820470146791, 43.7001518241622], [-79.2819623333185, 43.6999717450866], [-79.2819442849563, 43.6999023197916], [-79.2818686294443, 43.6996659638497], [-79.2818638312517, 43.6996274382146], [-79.281897806075, 43.6995130247602], [-79.2820096888224, 43.6994652343536], [-79.2822508401765, 43.6993717836295], [-79.282350646559, 43.69934229649], [-79.2826692226638, 43.6992327449659], [-79.2828782356128, 43.6991608618834], [-79.2831450100213, 43.6991276945089], [-79.2834776080327, 43.6990822384483], [-79.2837029202685, 43.6990487211864], [-79.2839516226278, 43.698969170132], [-79.2841390451401, 43.6989009164536], [-79.2843737385134, 43.6988389085245], [-79.2845282698019, 43.6988332050718], [-79.2848100032488, 43.6988002780371], [-79.2850761390896, 43.6987228456479], [-79.2852793620728, 43.6985790450397], [-79.2854461168008, 43.6985166012209], [-79.2856575738155, 43.6984465718979], [-79.2859954429859, 43.6983929902306], [-79.286130570072, 43.6983661312723], [-79.2861901150822, 43.6983468268999], [-79.2863502542519, 43.6982882579388], [-79.2865237522392, 43.6982339082999], [-79.2866526366264, 43.6982495141179], [-79.2867786283354, 43.6982621979791], [-79.286966061121, 43.6982911355256], [-79.2872036997061, 43.6982788683556], [-79.2873795872495, 43.698292382536], [-79.2874695049662, 43.6983251163958], [-79.2876582747225, 43.6984077659457], [-79.2878122808253, 43.6985329987317], [-79.2879597879521, 43.6985768656641], [-79.2882046886615, 43.6985389562305], [-79.2884120889717, 43.6985526532243], [-79.28864279818, 43.6985707225599], [-79.2888558660077, 43.6984967297345], [-79.2891288206651, 43.6984081569117], [-79.2893477773786, 43.698320843131], [-79.2895395471739, 43.6982239915243], [-79.2897832436207, 43.6980471326843], [-79.2899532726831, 43.6979263329857], [-79.2901019252141, 43.6978019112696], [-79.2902694961631, 43.6977452767324], [-79.2904898919919, 43.6976924293088], [-79.2905780214129, 43.6976795659475], [-79.2907893728025, 43.6976694664742], [-79.290959064225, 43.6976556809163], [-79.2911565034098, 43.6980722791645], [-79.2912948910663, 43.6983528228684], [-79.2914847937511, 43.6987079639874], [-79.2917095922752, 43.699107868726], [-79.2919122180812, 43.6994841042709], [-79.29207707166, 43.6998053989261], [-79.2922231987733, 43.7001069824899], [-79.2923237336991, 43.7003398302681], [-79.2924412468343, 43.7006144387091], [-79.2927855438276, 43.7014161051439], [-79.2928613362976, 43.7015897331421], [-79.2931387283653, 43.7022228812373], [-79.2934760737158, 43.7030164766472], [-79.2936678547829, 43.7034650414779], [-79.2938248066213, 43.7038206499876], [-79.2942179393018, 43.7047131415696], [-79.2944937707419, 43.7053574718057], [-79.2947488602315, 43.7059404654077], [-79.295085404848, 43.7067483031298], [-79.2952836168516, 43.707224717413], [-79.2957218418845, 43.7081921655899], [-79.295985574503, 43.7087765307836], [-79.2961900080679, 43.7092775548909], [-79.2963651632107, 43.7097117460498], [-79.2964476471259, 43.7099162396766], [-79.2967617511834, 43.7106948048416], [-79.2968212379882, 43.7108422702757], [-79.2970821337935, 43.7114648739918], [-79.2974046111725, 43.7122343967774], [-79.2977082737701, 43.7129590139749], [-79.2977762770531, 43.713117835513], [-79.2980592151142, 43.7137787220957], [-79.2983678156692, 43.7145083327677], [-79.2986387013495, 43.7151478635184], [-79.298662367406, 43.7152033439443], [-79.2989615590205, 43.7159045373], [-79.2991612731096, 43.7163729536324], [-79.2992867154347, 43.7166702153611], [-79.2997899988347, 43.7178592363947], [-79.300179431088, 43.7187690262323], [-79.300558707977, 43.7197058006285], [-79.3005925599442, 43.719785826787], [-79.3010235798868, 43.720804790111], [-79.3016556339878, 43.7222731637887], [-79.3021002856885, 43.7233809795397], [-79.3026450183565, 43.7247230254748], [-79.3022956196148, 43.7247131323866], [-79.3019850388674, 43.724739103421], [-79.3014066021046, 43.7248199391713], [-79.301254497822, 43.7248376862817], [-79.3005387947654, 43.7249674796646], [-79.3003543824135, 43.7250036757446], [-79.3002911893436, 43.725016077076], [-79.2995299444559, 43.7251788191103], [-79.2994139463992, 43.7252036210534], [-79.2981158631908, 43.7255074588893], [-79.2975150591937, 43.7256511000836], [-79.2974280175604, 43.7256682912462], [-79.2943187023775, 43.7263559238963], [-79.2942276634315, 43.7263763458722], [-79.2914640696661, 43.726996284252], [-79.2899398689526, 43.7273381686647], [-79.287616156831, 43.7278469900873], [-79.2861533835446, 43.7281773444788], [-79.2848295327693, 43.7284719547942], [-79.2828712238961, 43.7289094290531], [-79.2812383907691, 43.7292574447725], [-79.2807251901458, 43.7293644942108], [-79.279226692769, 43.7296947003185], [-79.2778595291312, 43.7299621064461], [-79.2778115124365, 43.7297279810708], [-79.2777166114143, 43.7293767484673], [-79.2776078347452, 43.7289984850656], [-79.2774510397854, 43.7286021165822], [-79.2770508571781, 43.7277282078987], [-79.2767314725842, 43.7269827051623], [-79.2760309509127, 43.7253588434628]]]]}}, {"type": "Feature", "properties": {"name": "Wexford/Maryvale", "code": "119", "centroid": [-79.30234, 43.75512]}, "geometry": {"type": "MultiPolygon", "coordinates": [[[[-79.2931100639527, 43.769651227548], [-79.2922531342207, 43.7676291621619], [-79.292024331137, 43.7671310801619], [-79.2919016569047, 43.7668432063473], [-79.2916062800753, 43.7661500547545], [-79.2914358566181, 43.7657540432021], [-79.2914029399324, 43.7656690570335], [-79.2913672267209, 43.7655775128929], [-79.2913386029008, 43.7654831733154], [-79.2913116154672, 43.7654004662374], [-79.2912981936809, 43.7652991334846], [-79.2912902530882, 43.7652145619281], [-79.2912831369011, 43.7651357976346], [-79.2912972837896, 43.7650642731095], [-79.2913079544212, 43.7649923371815], [-79.291308421757, 43.7649900967416], [-79.2913265930103, 43.7649041956772], [-79.2913591531003, 43.7648021727628], [-79.2913940414823, 43.7647056178017], [-79.2914090000734, 43.7646399094998], [-79.2914323527586, 43.764578312049], [-79.2914544128266, 43.7645098173318], [-79.2914713558751, 43.7644448687392], [-79.2914823700133, 43.7643776410301], [-79.2914972741614, 43.7643311321272], [-79.2915066723195, 43.764267861985], [-79.2915094743494, 43.7642084773197], [-79.2915158520862, 43.7641458767542], [-79.2915203695617, 43.7640789072226], [-79.2915139656357, 43.7640095774625], [-79.2915093019907, 43.7639326718829], [-79.2914913637758, 43.7638479380639], [-79.2914764912199, 43.7637781157868], [-79.2914465959473, 43.7636924510241], [-79.2914308991347, 43.7636168124732], [-79.2913628266481, 43.7634271143865], [-79.2909678581531, 43.7624902429355], [-79.2908409789876, 43.7621479569171], [-79.2908283119157, 43.7621156104917], [-79.2906963238437, 43.7617786256383], [-79.2905238525142, 43.7613732384438], [-79.2901759502613, 43.7605264530179], [-79.2897595448314, 43.7595085178905], [-79.2895908662972, 43.7591301576678], [-79.2895192871876, 43.7589590033265], [-79.2893023382411, 43.7584005299878], [-79.289072797387, 43.7578960400781], [-79.2886774350227, 43.7568691741911], [-79.2882517787694, 43.7558512518271], [-79.2880555161877, 43.7553738158753], [-79.28774909857, 43.7546531518191], [-79.2872319589931, 43.7533920140673], [-79.2866386982443, 43.7519417064765], [-79.2861393897004, 43.7507075910722], [-79.2856023008368, 43.7494013927473], [-79.2852128380827, 43.7484825298723], [-79.2848367471146, 43.7475186936741], [-79.2841267526203, 43.7457711029211], [-79.2835600174932, 43.7443298287433], [-79.2834576358513, 43.7440956033639], [-79.2832245644088, 43.7435280852956], [-79.2826568167714, 43.7421588228676], [-79.282090146005, 43.7407085574103], [-79.2817501750422, 43.7398798058709], [-79.2815756741277, 43.7394517436987], [-79.2814102010345, 43.7390510441945], [-79.281330885854, 43.738862559993], [-79.2813039183148, 43.7387984737296], [-79.2812547960548, 43.7386817059352], [-79.2798706313619, 43.7352406180022], [-79.2790066110632, 43.7331181719365], [-79.2789025079328, 43.7328624617652], [-79.2787440433308, 43.7324931047774], [-79.2784463849709, 43.7317814491183], [-79.2782203594355, 43.7312139602982], [-79.2781535545944, 43.7310248138162], [-79.2781067760206, 43.7308717110917], [-79.2780560375523, 43.7307455953471], [-79.2780016675585, 43.7305474716742], [-79.277959602706, 43.7303853677988], [-79.2779106161296, 43.7302052479905], [-79.2778595291312, 43.7299621064461], [-79.279226692769, 43.7296947003185], [-79.2807251901458, 43.7293644942108], [-79.2812383907691, 43.7292574447725], [-79.2828712238961, 43.7289094290531], [-79.2848295327693, 43.7284719547942], [-79.2861533835446, 43.7281773444788], [-79.287616156831, 43.7278469900873], [-79.2899398689526, 43.7273381686647], [-79.2914640696661, 43.726996284252], [-79.2942276634315, 43.7263763458722], [-79.2943187023775, 43.7263559238963], [-79.2974280175604, 43.7256682912462], [-79.2975150591937, 43.7256511000836], [-79.2981158631908, 43.7255074588893], [-79.2994139463992, 43.7252036210534], [-79.2995299444559, 43.7251788191103], [-79.3002911893436, 43.725016077076], [-79.3003543824135, 43.7250036757446], [-79.3005387947654, 43.7249674796646], [-79.301254497822, 43.7248376862817], [-79.3014066021046, 43.7248199391713], [-79.3019850388674, 43.724739103421], [-79.3022956196148, 43.7247131323866], [-79.3026450183565, 43.7247230254748], [-79.3034709383443, 43.7266867097974], [-79.303950068998, 43.7278194201957], [-79.3039859424417, 43.727902761159], [-79.3041356130337, 43.7282721404153], [-79.3042198381054, 43.7284800242258], [-79.3042505852147, 43.7285559482992], [-79.3043868244834, 43.7288922246443], [-79.3045078328946, 43.7291909126082], [-79.3049995792012, 43.7303842449904], [-79.3051128876049, 43.7306591918524], [-79.3056102119763, 43.7318662126845], [-79.3058923029037, 43.7325510465653], [-79.3062261201537, 43.7333614534892], [-79.3067604038284, 43.7346585616631], [-79.3074279345565, 43.7362709974476], [-79.3076512076226, 43.7368247325672], [-79.3077366480932, 43.7370366300686], [-79.3083333512521, 43.7384869187881], [-79.3084647211126, 43.738799301294], [-79.3088978498162, 43.7398291445795], [-79.3092296372946, 43.7406668660088], [-79.3093483452118, 43.7409191071266], [-79.3097937613677, 43.7421440414463], [-79.310029396735, 43.74272051099], [-79.3103076954846, 43.7435491027402], [-79.3105774473733, 43.7443776705284], [-79.310790560372, 43.7449631201641], [-79.3109389462506, 43.7454044339558], [-79.3110515706383, 43.7457288887309], [-79.3111296566357, 43.7459538319637], [-79.3111744817626, 43.7460439001018], [-79.3114143506855, 43.7467284328825], [-79.3117110893396, 43.7476200685013], [-79.311817892572, 43.7479622991876], [-79.3119708402318, 43.7484306225326], [-79.3121115953969, 43.7488359171691], [-79.3124339676723, 43.7497365849202], [-79.3127530677214, 43.7506822522636], [-79.3130247249188, 43.7514981786869], [-79.3132628277443, 43.7522133081246], [-79.3135358751304, 43.7530058682801], [-79.3138044962161, 43.7537264289003], [-79.3140188124142, 43.7543411004062], [-79.3144953030278, 43.7557078869022], [-79.3146153954891, 43.7560633678135], [-79.3148360420815, 43.7567166089076], [-79.3152454467409, 43.7578694237602], [-79.315623087756, 43.7587671820346], [-79.3158932646285, 43.7593735234754], [-79.3160832926667, 43.7597531664172], [-79.3161765473658, 43.7599601636942], [-79.3163251122429, 43.7603394784684], [-79.3166184105044, 43.7609922292856], [-79.3168974589508, 43.7616037940377], [-79.3170432376785, 43.7619261618241], [-79.3170865518362, 43.7620216436877], [-79.3172400603424, 43.7623798302727], [-79.3175317247447, 43.7630209373757], [-79.3179552017801, 43.7639671506512], [-79.3180396509783, 43.7642193001496], [-79.3181180120499, 43.7644068474265], [-79.3181642590393, 43.7645152231957], [-79.3185961859286, 43.7654216440876], [-79.3188282164566, 43.7660077187015], [-79.3190544770269, 43.7665851965288], [-79.3191165889485, 43.7667552190336], [-79.3191796581166, 43.7669250719916], [-79.3192437218004, 43.7670947554603], [-79.3193088050659, 43.7672641974683], [-79.3193753882357, 43.7674347579502], [-79.319457550015, 43.7676209600343], [-79.3195404330014, 43.7678070641791], [-79.3195961786473, 43.7679306392816], [-79.3196242365284, 43.7679928726718], [-79.3196307147147, 43.7680070957479], [-79.3197115131602, 43.7681845643416], [-79.3197941465542, 43.7683633049312], [-79.3195962388355, 43.7683652070138], [-79.3194924344485, 43.7683662132745], [-79.3169999532597, 43.768376462557], [-79.3168633267989, 43.768375370607], [-79.3167266985296, 43.7683748725683], [-79.3165899565779, 43.7683749952647], [-79.3164533122312, 43.7683756940292], [-79.3163166907954, 43.7683770227494], [-79.3161799312089, 43.7683788461485], [-79.3160433062024, 43.7683813356874], [-79.315906667163, 43.7683843471083], [-79.3157701379089, 43.7683880066273], [-79.3156336191517, 43.7683922870811], [-79.3154969868727, 43.7683971252612], [-79.3153606013554, 43.7684024947458], [-79.3152241888111, 43.7684085661154], [-79.315087787191, 43.768415114402], [-79.3149513834605, 43.7684223376103], [-79.3148152387579, 43.7684301371506], [-79.3146789433586, 43.7684384583524], [-79.314542919206, 43.7684474189149], [-79.3144067566584, 43.7684569371636], [-79.314270840647, 43.768467049728], [-79.3141624540116, 43.7684756496923], [-79.3139991393716, 43.7684891288262], [-79.3138634663059, 43.7685009605253], [-79.3137279154124, 43.7685134313458], [-79.3135923500576, 43.7685265410651], [-79.3134570438597, 43.7685401731146], [-79.3133217231083, 43.7685544710668], [-79.3131865498027, 43.7685692641642], [-79.3130515982404, 43.7685846245383], [-79.3129166694874, 43.7686006148723], [-79.3127819623859, 43.7686171994875], [-79.3126472781698, 43.7686343870598], [-79.3125128283276, 43.7686520699224], [-79.3123784882532, 43.7686703738878], [-79.3122442950645, 43.7686893440232], [-79.3121103240152, 43.7687087464224], [-79.3119763755222, 43.7687288507931], [-79.3118164471034, 43.7687553390713], [-79.3116564917535, 43.7687824481621], [-79.311496795516, 43.7688100615219], [-79.3113373457683, 43.7688382421391], [-79.3111780056495, 43.7688670617979], [-79.3110189494161, 43.7688964037718], [-79.3108599781875, 43.7689263127387], [-79.3107013902041, 43.768956744187], [-79.3105428000433, 43.7689878144946], [-79.310384580926, 43.7690193352561], [-79.3102264715536, 43.7690514500579], [-79.3100686334512, 43.7690841411666], [-79.3099110291806, 43.7691174625279], [-79.3097535599401, 43.7691512339551], [-79.3095964239767, 43.7691856087987], [-79.3094575578179, 43.7692165124296], [-79.3092826806102, 43.7692559339241], [-79.3091261847596, 43.7692919564029], [-79.308970084275, 43.7693285824065], [-79.3088140689709, 43.7693657034034], [-79.3087225296081, 43.76938780114], [-79.3086583251877, 43.769403310705], [-79.3085027778216, 43.7694415842097], [-79.3083476635288, 43.7694803172884], [-79.3081926340566, 43.769519653377], [-79.3080379876789, 43.7695595389699], [-79.3078860493231, 43.7695992938875], [-79.3041134869716, 43.7704747710959], [-79.3039285423153, 43.7705176865907], [-79.3024723337985, 43.7708516338957], [-79.2994508233648, 43.771544376663], [-79.2991651819614, 43.7716098626581], [-79.2944250404059, 43.7727268509651], [-79.2943521936279, 43.7725616745476], [-79.2942630893652, 43.772359636045], [-79.2939492098663, 43.7716274017978], [-79.2936065147078, 43.7708570666262], [-79.2933982740864, 43.7703506626986], [-79.2932149773169, 43.7699167718965], [-79.2931100639527, 43.769651227548]]]]}}, {"type": "Feature", "properties": {"name": "Tam O'Shanter-Sullivan", "code": "118", "centroid": [-79.30696, 43.77954]}, "geometry": {"type": "MultiPolygon", "coordinates": [[[[-79.3164533122312, 43.7683756940292], [-79.3165899565779, 43.7683749952647], [-79.3167266985296, 43.7683748725683], [-79.3168633267989, 43.768375370607], [-79.3169999532597, 43.768376462557], [-79.3194924344485, 43.7683662132745], [-79.3195962388355, 43.7683652070138], [-79.3196064192015, 43.7683874559788], [-79.3196740837079, 43.7685543364805], [-79.3198859832283, 43.7685631137014], [-79.3199158126743, 43.7686353681098], [-79.3199287746179, 43.7686661905437], [-79.3199519482044, 43.7687213232265], [-79.3199889666948, 43.768806955679], [-79.3200268301033, 43.7688925264404], [-79.3200653650795, 43.7689778552137], [-79.3201047203809, 43.7690630412451], [-79.3201449584122, 43.7691479856191], [-79.3201859423839, 43.7692327421266], [-79.3202276599856, 43.7693172747429], [-79.3202702973199, 43.769401655769], [-79.3203135068971, 43.7694857856449], [-79.3203352812341, 43.7695272432637], [-79.3203575990035, 43.769569745868], [-79.3204025490428, 43.7696534553883], [-79.3204481646348, 43.7697347896262], [-79.3205047529503, 43.7698353225717], [-79.3205604838301, 43.7699360431659], [-79.3205731830309, 43.7699593941359], [-79.3206154439497, 43.7700370415577], [-79.3206696831251, 43.7701382728206], [-79.3207231641165, 43.770239727896], [-79.3207759119514, 43.770341343816], [-79.3208279141246, 43.7704431475656], [-79.3208790089948, 43.7705451928993], [-79.3209294078545, 43.7706474351436], [-79.3209779918419, 43.7707501875879], [-79.3210235682045, 43.7708535473796], [-79.3210691818534, 43.7709569522155], [-79.321114807973, 43.7710603930555], [-79.321140286061, 43.7711181754248], [-79.3215180958737, 43.7719414457686], [-79.322071802361, 43.7731690690329], [-79.3222103403021, 43.7735014366069], [-79.3225495475805, 43.7742110484632], [-79.3230171105627, 43.7752446208589], [-79.3216481179138, 43.7755845819488], [-79.3204080998681, 43.7758887337081], [-79.3203148780355, 43.7759065985125], [-79.318789749631, 43.7762643270757], [-79.3177641433021, 43.7765147828929], [-79.3180716797594, 43.7770013174395], [-79.3182377299815, 43.7772896097134], [-79.3183844046997, 43.7775688787882], [-79.3185121337824, 43.7778447511459], [-79.3185178481558, 43.7778571188093], [-79.3185411915332, 43.777910244701], [-79.3185912095795, 43.7780241077344], [-79.3191826313901, 43.7793703397572], [-79.3194664794647, 43.7800008603056], [-79.3197979581907, 43.7808114782528], [-79.3201649893357, 43.7816761489798], [-79.3198712535263, 43.7817476956371], [-79.3196925290277, 43.7817924195818], [-79.3194850266666, 43.7818551091026], [-79.3193482042118, 43.7819088998318], [-79.319254837147, 43.7819717602772], [-79.3190900067089, 43.7820435087027], [-79.3189849314429, 43.7821243526951], [-79.3188503076887, 43.7822231520624], [-79.3187281072087, 43.7823219709735], [-79.3186012350005, 43.7824207823377], [-79.3184315381335, 43.782564531287], [-79.318291389073, 43.7826903246606], [-79.3181964394322, 43.7827621828664], [-79.3173923621344, 43.7834167427636], [-79.3173083038029, 43.7834893647181], [-79.3171892401, 43.7835804819919], [-79.3170459256139, 43.7836874563516], [-79.3168770892041, 43.783795199744], [-79.3166902360758, 43.7839236526353], [-79.3164857620763, 43.7840286019327], [-79.3162485760231, 43.7841452447729], [-79.3161543188394, 43.7841841941805], [-79.316093437638, 43.7842094254636], [-79.3160318844344, 43.784234997676], [-79.3159790780062, 43.7842564524119], [-79.3159312363319, 43.7842754488046], [-79.315864627975, 43.7843004907187], [-79.3157733956528, 43.7843333509073], [-79.3156843455028, 43.7843635952082], [-79.315586619973, 43.7843948785762], [-79.3155069940145, 43.7844188641445], [-79.3154529525286, 43.7844337728087], [-79.3153188899053, 43.7844677966255], [-79.3152292778203, 43.7844907577349], [-79.3151038368791, 43.7845209067412], [-79.3149880557545, 43.7845490099843], [-79.3149026526271, 43.7845687912444], [-79.3147887778861, 43.7845950611388], [-79.3144369541614, 43.7846734125247], [-79.3129513073958, 43.7850130613847], [-79.3124104666603, 43.7851472011734], [-79.3109527551133, 43.7854778687243], [-79.3099052161094, 43.7857281632989], [-79.3092228948105, 43.78589803916], [-79.3090316682843, 43.7859607278187], [-79.3088878445679, 43.7860144942855], [-79.3087493926993, 43.7860862718489], [-79.3086327120986, 43.7861490845543], [-79.3085051434923, 43.786220880042], [-79.3084343291096, 43.7862657670935], [-79.3083377226691, 43.7863646177167], [-79.3082691123824, 43.7864545140807], [-79.3082129428284, 43.786535430135], [-79.3081349437311, 43.7866433039467], [-79.3080615583808, 43.7867691967395], [-79.308030179934, 43.7868681566165], [-79.3080111396272, 43.7869941406388], [-79.3079647823592, 43.7871650754734], [-79.3078871078919, 43.7876599987701], [-79.3078874870549, 43.7877860153946], [-79.3078404901982, 43.7879119523729], [-79.3078136836244, 43.7880379142803], [-79.3078086205179, 43.7881639217452], [-79.3077569350222, 43.7882988429362], [-79.307696700881, 43.7884337587185], [-79.3076443311467, 43.7885416752789], [-79.30757956505, 43.7886405788044], [-79.3075187206964, 43.7887214866154], [-79.3074282635397, 43.7888383400616], [-79.3073277457473, 43.7889461843352], [-79.3072521232261, 43.789036068226], [-79.3071097857841, 43.7891078372109], [-79.3070062061821, 43.7891976737498], [-79.3068980372201, 43.7892695001607], [-79.3067238821424, 43.7893322047595], [-79.3066286005538, 43.7893799836599], [-79.3065986570071, 43.7893950009015], [-79.3064376677245, 43.7894667374811], [-79.3062378950275, 43.7895204058109], [-79.3059837282957, 43.7895919837453], [-79.3055827109523, 43.7896813136843], [-79.3037820088616, 43.7900923067722], [-79.3022952561167, 43.7904407980003], [-79.3014854221839, 43.7906374282849], [-79.3005420340339, 43.7908338198276], [-79.2993832707996, 43.7911108359582], [-79.2988353919822, 43.7912358888597], [-79.2986014433619, 43.791298493802], [-79.2984708059112, 43.7913522703415], [-79.2981076201579, 43.7915136498089], [-79.2978934973713, 43.7916842929439], [-79.2976932128643, 43.791899965844], [-79.2974942549555, 43.7921786486782], [-79.297261609633, 43.7925562838753], [-79.2965886654478, 43.7936172128951], [-79.2963818692515, 43.7939138820203], [-79.2962290502283, 43.7940936322951], [-79.2960366280625, 43.7942733116911], [-79.2957704485398, 43.7944438578515], [-79.2955649806245, 43.7945785074756], [-79.2952663821198, 43.7946859865452], [-79.2948901182438, 43.7947933344798], [-79.2947670155222, 43.7948208549742], [-79.2946903856224, 43.7948379815122], [-79.2934513560152, 43.7951507975919], [-79.2933200653896, 43.795159561376], [-79.2931437105487, 43.7951772445859], [-79.2927460358403, 43.795185534271], [-79.2919894936816, 43.7952021711247], [-79.2913506695512, 43.7953180303623], [-79.290651138476, 43.7954697883631], [-79.2904397005992, 43.7955234076487], [-79.2902142825979, 43.7955770008824], [-79.2897975426057, 43.7957022599872], [-79.2894312829981, 43.7958366027127], [-79.2892080917595, 43.7959172014468], [-79.2885737876989, 43.7960690579961], [-79.2880128307511, 43.7947808844231], [-79.2879142543325, 43.7945449439313], [-79.2871508914785, 43.7927180412422], [-79.2869004877683, 43.7921505031911], [-79.2878268982694, 43.7919631939241], [-79.2890634781145, 43.7916864386583], [-79.2905067351816, 43.7913740444748], [-79.2917075423743, 43.7910972039938], [-79.2915489030849, 43.7907008647623], [-79.2910273617871, 43.7894577643429], [-79.2906706175698, 43.7886290156845], [-79.2904295607901, 43.7880344896502], [-79.290081223928, 43.7872507600751], [-79.2899209578819, 43.7868814007585], [-79.2899139941057, 43.7868653569229], [-79.2896705588035, 43.7863048670598], [-79.2894681263048, 43.7857734178435], [-79.2894629739382, 43.7857617158657], [-79.2892107729507, 43.78518786007], [-79.2887753258807, 43.7842239244998], [-79.2886142738286, 43.7838635808547], [-79.2883957947318, 43.783494129505], [-79.2882637259406, 43.783286858503], [-79.2881990118644, 43.7831489310124], [-79.2880953682107, 43.7829739365891], [-79.2879751662035, 43.7827702336889], [-79.2878583501681, 43.7825789225218], [-79.287737871032, 43.7823907908331], [-79.2876604250489, 43.782231722672], [-79.2875595935196, 43.7820107730856], [-79.2874280992264, 43.7817342562796], [-79.2873827776844, 43.7816220896458], [-79.2872787749226, 43.7813851028384], [-79.2870953224847, 43.7809596278523], [-79.2869898874152, 43.7807312971953], [-79.2868993297182, 43.7805153347526], [-79.2868544185455, 43.7804245733926], [-79.2868031240003, 43.7802528077304], [-79.2867301041417, 43.7800557982731], [-79.2866674805021, 43.779880464944], [-79.2865240802124, 43.779562294434], [-79.2863098359487, 43.7790442646671], [-79.2860584600169, 43.778471338912], [-79.2855619230618, 43.7772624621251], [-79.2855580928805, 43.7772531477416], [-79.2852109673574, 43.7764090513628], [-79.2851720712428, 43.7763156722425], [-79.2848213341237, 43.7754736650255], [-79.28471655072, 43.7752418948382], [-79.2846916676022, 43.7751868418703], [-79.2846805673944, 43.7751611226439], [-79.2846145826099, 43.7750081585966], [-79.2846349099268, 43.775003444288], [-79.2872395851197, 43.7743901768088], [-79.2898417377805, 43.7737832360831], [-79.2898861329807, 43.7737728943586], [-79.2920223410722, 43.7732830786602], [-79.2935914465039, 43.772923293212], [-79.2944250404059, 43.7727268509651], [-79.2991651819614, 43.7716098626581], [-79.2994508233648, 43.771544376663], [-79.3024723337985, 43.7708516338957], [-79.3039285423153, 43.7705176865907], [-79.3041134869716, 43.7704747710959], [-79.3078860493231, 43.7695992938875], [-79.3080379876789, 43.7695595389699], [-79.3081926340566, 43.769519653377], [-79.3083476635288, 43.7694803172884], [-79.3085027778216, 43.7694415842097], [-79.3086583251877, 43.769403310705], [-79.3087225296081, 43.76938780114], [-79.3088140689709, 43.7693657034034], [-79.308970084275, 43.7693285824065], [-79.3091261847596, 43.7692919564029], [-79.3092826806102, 43.7692559339241], [-79.3094575578179, 43.7692165124296], [-79.3095964239767, 43.7691856087987], [-79.3097535599401, 43.7691512339551], [-79.3099110291806, 43.7691174625279], [-79.3100686334512, 43.7690841411666], [-79.3102264715536, 43.7690514500579], [-79.310384580926, 43.7690193352561], [-79.3105428000433, 43.7689878144946], [-79.3107013902041, 43.768956744187], [-79.3108599781875, 43.7689263127387], [-79.3110189494161, 43.7688964037718], [-79.3111780056495, 43.7688670617979], [-79.3113373457683, 43.7688382421391], [-79.311496795516, 43.7688100615219], [-79.3116564917535, 43.7687824481621], [-79.3118164471034, 43.7687553390713], [-79.3119763755222, 43.7687288507931], [-79.3121103240152, 43.7687087464224], [-79.3122442950645, 43.7686893440232], [-79.3123784882532, 43.7686703738878], [-79.3125128283276, 43.7686520699224], [-79.3126472781698, 43.7686343870598], [-79.3127819623859, 43.7686171994875], [-79.3129166694874, 43.7686006148723], [-79.3130515982404, 43.7685846245383], [-79.3131865498027, 43.7685692641642], [-79.3133217231083, 43.7685544710668], [-79.3134570438597, 43.7685401731146], [-79.3135923500576, 43.7685265410651], [-79.3137279154124, 43.7685134313458], [-79.3138634663059, 43.7685009605253], [-79.3139991393716, 43.7684891288262], [-79.3141624540116, 43.7684756496923], [-79.314270840647, 43.768467049728], [-79.3144067566584, 43.7684569371636], [-79.314542919206, 43.7684474189149], [-79.3146789433586, 43.7684384583524], [-79.3148152387579, 43.7684301371506], [-79.3149513834605, 43.7684223376103], [-79.315087787191, 43.768415114402], [-79.3152241888111, 43.7684085661154], [-79.3153606013554, 43.7684024947458], [-79.3154969868727, 43.7683971252612], [-79.3156336191517, 43.7683922870811], [-79.3157701379089, 43.7683880066273], [-79.315906667163, 43.7683843471083], [-79.3160433062024, 43.7683813356874], [-79.3161799312089, 43.7683788461485], [-79.3163166907954, 43.7683770227494], [-79.3164533122312, 43.7683756940292]]]]}}, {"type": "Feature", "properties": {"name": "Steeles", "code": "116", "centroid": [-79.32114, 43.81397]}, "geometry": {"type": "MultiPolygon", "coordinates": [[[[-79.3068491172323, 43.8087863927765], [-79.3090305367686, 43.8082762122853], [-79.3093957889102, 43.8083515582248], [-79.3093467959905, 43.8082021661025], [-79.3099576196081, 43.8080591566672], [-79.3107943193601, 43.8078632585553], [-79.3152129022423, 43.8068919683118], [-79.3206770573872, 43.805690598712], [-79.3236226320464, 43.8050428536603], [-79.3250691796574, 43.8047247181951], [-79.3270531612939, 43.8042695358337], [-79.3304593709085, 43.8034904801495], [-79.3355355837954, 43.8023292553739], [-79.3358697990871, 43.8030678905794], [-79.3363168172063, 43.8040856489375], [-79.3367160209815, 43.8049773394551], [-79.3371909212262, 43.8060222092382], [-79.337357709671, 43.8063995123515], [-79.3376448818471, 43.8070490898959], [-79.3383118291843, 43.8085281348107], [-79.3384124880604, 43.8087513966746], [-79.3388594690941, 43.8097961743575], [-79.3392098607411, 43.8106607741275], [-79.3397894183636, 43.8120928177632], [-79.340183123278, 43.8130115445369], [-79.3408833442829, 43.8146149066298], [-79.3413178929128, 43.8156507542373], [-79.3398758977936, 43.8160176260262], [-79.3390828970049, 43.8162325025778], [-79.3374751847611, 43.8166262128891], [-79.3364653609247, 43.8168587559035], [-79.3357921076657, 43.8170197832945], [-79.3346967580817, 43.8172611978465], [-79.3320837684822, 43.817878419184], [-79.3316149618224, 43.8179857335688], [-79.331327731174, 43.8180505679547], [-79.3308806447552, 43.8181514845963], [-79.3308735544507, 43.8181530852999], [-79.3297659821478, 43.8184030935053], [-79.3296736830254, 43.8184239195343], [-79.3284709356312, 43.8187011636216], [-79.3277440508573, 43.8188614149604], [-79.3266866868434, 43.8190945288962], [-79.3265687060017, 43.8191226673592], [-79.324436634715, 43.8196311781615], [-79.3229221546194, 43.8199799112265], [-79.3204528689195, 43.8205690954898], [-79.320373485425, 43.8205880350589], [-79.3185712708786, 43.820999256432], [-79.3180948992986, 43.8211131280842], [-79.316925217902, 43.8213926974335], [-79.3158631295846, 43.8216340385558], [-79.3140856763367, 43.822054239091], [-79.3122646611912, 43.8224743584003], [-79.3098083470066, 43.8230553947381], [-79.3070666398246, 43.8236899303012], [-79.3069241202881, 43.8233026429451], [-79.306766799993, 43.8229333415353], [-79.3061502709273, 43.8215821433602], [-79.3061253747926, 43.8215268164443], [-79.3056392855861, 43.8204466881962], [-79.3052097907536, 43.819492327395], [-79.3047531935864, 43.8184474305336], [-79.3040112656355, 43.8167539638347], [-79.3034044608516, 43.8153716582816], [-79.3031413344592, 43.8147722362477], [-79.3019453667787, 43.8121368888185], [-79.3015470345456, 43.8112590672664], [-79.3012451007918, 43.8105962862742], [-79.3011852405458, 43.8104648740272], [-79.301037139679, 43.8101397483757], [-79.3010123373609, 43.810085212497], [-79.3058738587211, 43.8090079138921], [-79.3060523970372, 43.8089683420997], [-79.3064140999468, 43.8088881793872], [-79.3068491172323, 43.8087863927765]]]]}}]}